"species"	"cluster_se"	"cluster_mg"	"asv_se"	"asv_mg"	"se_lysate"	"se_homogenate"	"se_litter"	"mg_lysate"	"mg_litter"	"se_lysate_pos_con"	"se_lysate_control"	"se_homogenate_pos_con"	"se_homogenate_control"	"se_litter_pos_con"	"se_litter_control"	"mg_lysate_pos_con"	"mg_lysate_control"	"mg_litter_pos_con"	"mg_litter_control"	"mg_litter_samples"	"mg_litter_pos_con_samples"
"Allocotocera pulchella"	"Mycetophilidae_cluster57"	"Mycetophilidae_cluster116"	"8a49d6be0a6fd0f3e5d2b5d72d617466"	"8a49d6be0a6fd0f3e5d2b5d72d617466"	111910	17304	0	0	15	622	0	0	0	0	0	345	0	30	0	1	2
"Allodia triangularis"	"Mycetophilidae_cluster458"	"Mycetophilidae_cluster222"	"c3af2476dee44e2c0815863093f0f3c6"	"472ba7962cbd3ec6864db09bfec1ae51"	6111	0	0	0	10	0	0	0	0	0	0	0	0	0	0	1	0
"Boletina edwardsi"	"Mycetophilidae_cluster76"	"Mycetophilidae_cluster226"	"937eecc3358b8e83bf8819296c035a2b"	"b4e96aa8c385359d7055097680cd2076"	130401	11553	0	0	15	0	0	0	0	0	0	0	0	0	0	2	0
"Boletina gripha"	"Mycetophilidae_cluster14"	"Mycetophilidae_cluster119"	"6f51e18f9f11287ffadb1de6b086c0fb"	"e3aa899fae13069c4e15a131a49ed2ca"	745378	143134	0	0	13	71194	0	0	0	0	0	318	0	31	0	1	1
"Boletina gripha"	"Mycetophilidae_cluster28"	"Mycetophilidae_cluster119"	"8594575a88f12eb669ce1e7e18d47639"	"e3aa899fae13069c4e15a131a49ed2ca"	533199	55484	0	0	13	963	11	17	0	17	0	318	0	31	0	1	1
"Boletina gripha"	"Mycetophilidae_cluster836"	"Mycetophilidae_cluster119"	"5c25e9b723e6bac59b3ed700cfe74c8f"	"e3aa899fae13069c4e15a131a49ed2ca"	0	2	0	0	13	0	0	0	0	0	0	318	0	31	0	1	1
"Boletina gripha"	"Mycetophilidae_cluster841"	"Mycetophilidae_cluster119"	"a1ff5bb507bef60ece4a524b3961a5e4"	"e3aa899fae13069c4e15a131a49ed2ca"	0	2	0	0	13	0	0	0	0	0	0	318	0	31	0	1	1
"Boletina gripha"	"Mycetophilidae_cluster850"	"Mycetophilidae_cluster119"	"00f236b3c3480f719920faae269aa496"	"e3aa899fae13069c4e15a131a49ed2ca"	0	1	0	0	13	0	0	0	0	0	0	318	0	31	0	1	1
"Boletina griphoides"	"Mycetophilidae_cluster10"	"Mycetophilidae_cluster202"	"6b700b4003a55569fe46bd781fa5bacf"	"6b700b4003a55569fe46bd781fa5bacf"	1447481	294765	0	10	11	0	0	0	0	0	0	0	0	0	0	1	0
"Boletina griphoides"	"Mycetophilidae_cluster155"	"Mycetophilidae_cluster202"	"85ec50976195f1e3240e75f1065db89a"	"6b700b4003a55569fe46bd781fa5bacf"	55020	4893	0	10	11	0	0	0	0	0	0	0	0	0	0	1	0
"Boletina griphoides"	"Mycetophilidae_cluster851"	"Mycetophilidae_cluster202"	"0688b226f628436002acdfe1c7f8e813"	"6b700b4003a55569fe46bd781fa5bacf"	0	1	0	10	11	0	0	0	0	0	0	0	0	0	0	1	0
"Boletina nigricans"	"Mycetophilidae_cluster13"	"Mycetophilidae_cluster157"	"7958b47cc7a90b786a81fb0cde81453e"	"9af52cd660762692b0c78c9cbc983692"	919654	134348	0	0	99	27	0	0	0	0	0	0	0	0	23	3	0
"Boletina onegensis"	"Mycetophilidae_cluster7"	"Mycetophilidae_cluster10"	"e72f50381ad587b798ebe7dd520d904c"	"e72f50381ad587b798ebe7dd520d904c"	1529607	574592	0	0	65	27609	176	388	101	388	101	14643	0	1672	0	2	3
"Boletina onegensis"	"Mycetophilidae_cluster7"	"Mycetophilidae_cluster115"	"e72f50381ad587b798ebe7dd520d904c"	"5d2803fb2a39494ccfbe97f92b72f76f"	1529607	574592	0	0	0	27609	176	388	101	388	101	303	0	62	0	0	3
"Boletina onegensis"	"Mycetophilidae_cluster7"	"Mycetophilidae_cluster144"	"e72f50381ad587b798ebe7dd520d904c"	"dc5cc2864ccba769292e6a04237d5563"	1529607	574592	0	0	0	27609	176	388	101	388	101	212	0	12	0	0	1
"Boletina onegensis"	"Mycetophilidae_cluster87"	"Mycetophilidae_cluster10"	"0c4e5ddffc71966fd9c1d65c9cf056d6"	"e72f50381ad587b798ebe7dd520d904c"	100595	55035	0	0	65	753	0	17	0	17	0	14643	0	1672	0	2	3
"Boletina onegensis"	"Mycetophilidae_cluster87"	"Mycetophilidae_cluster115"	"0c4e5ddffc71966fd9c1d65c9cf056d6"	"5d2803fb2a39494ccfbe97f92b72f76f"	100595	55035	0	0	0	753	0	17	0	17	0	303	0	62	0	0	3
"Boletina onegensis"	"Mycetophilidae_cluster87"	"Mycetophilidae_cluster144"	"0c4e5ddffc71966fd9c1d65c9cf056d6"	"dc5cc2864ccba769292e6a04237d5563"	100595	55035	0	0	0	753	0	17	0	17	0	212	0	12	0	0	1
"Boletina onegensis"	"Mycetophilidae_cluster121"	"Mycetophilidae_cluster10"	"dc5cc2864ccba769292e6a04237d5563"	"e72f50381ad587b798ebe7dd520d904c"	55300	28511	0	0	65	443	7	7	0	7	0	14643	0	1672	0	2	3
"Boletina onegensis"	"Mycetophilidae_cluster121"	"Mycetophilidae_cluster115"	"dc5cc2864ccba769292e6a04237d5563"	"5d2803fb2a39494ccfbe97f92b72f76f"	55300	28511	0	0	0	443	7	7	0	7	0	303	0	62	0	0	3
"Boletina onegensis"	"Mycetophilidae_cluster121"	"Mycetophilidae_cluster144"	"dc5cc2864ccba769292e6a04237d5563"	"dc5cc2864ccba769292e6a04237d5563"	55300	28511	0	0	0	443	7	7	0	7	0	212	0	12	0	0	1
"Boletina onegensis"	"Mycetophilidae_cluster821"	"Mycetophilidae_cluster10"	"82d9163b4543f9f3fb812f5325355347"	"e72f50381ad587b798ebe7dd520d904c"	0	7	0	0	65	0	0	0	0	0	0	14643	0	1672	0	2	3
"Boletina onegensis"	"Mycetophilidae_cluster821"	"Mycetophilidae_cluster115"	"82d9163b4543f9f3fb812f5325355347"	"5d2803fb2a39494ccfbe97f92b72f76f"	0	7	0	0	0	0	0	0	0	0	0	303	0	62	0	0	3
"Boletina onegensis"	"Mycetophilidae_cluster821"	"Mycetophilidae_cluster144"	"82d9163b4543f9f3fb812f5325355347"	"dc5cc2864ccba769292e6a04237d5563"	0	7	0	0	0	0	0	0	0	0	0	212	0	12	0	0	1
"Brevicornu verralli"	"Mycetophilidae_cluster396"	"Mycetophilidae_cluster143"	"c3a355bdabe8434869806374e05583c3"	"eb69f8311d7bf66460eba88b2701cc3d"	16346	935	0	0	204	0	0	0	0	0	0	0	0	0	0	10	0
"Coelosia tenella"	"Mycetophilidae_cluster52"	"Mycetophilidae_cluster155"	"b26e039cc89f55df8e55dc5e51650b72"	"b26e039cc89f55df8e55dc5e51650b72"	367191	23439	0	0	107	169	0	6	10	6	10	118	0	9	0	3	1
"Cordyla flaviceps"	"Mycetophilidae_cluster275"	"Mycetophilidae_cluster201"	"82814a2dccc393dae90ac2d9492554aa"	"d478f3b934c66887a74e45d33273c906"	54372	3832	0	0	42	0	0	0	0	0	0	0	0	0	0	2	0
"Cordyla flaviceps"	"Mycetophilidae_cluster856"	"Mycetophilidae_cluster201"	"324f0b265c7eebe8429f3486e9f02824"	"d478f3b934c66887a74e45d33273c906"	1	0	0	0	42	0	0	0	0	0	0	0	0	0	0	2	0
"Cordyla parvipalpis"	"Mycetophilidae_cluster47"	"Mycetophilidae_cluster190"	"82d632dc0a1be4bbcb1c997fa5ba6095"	"584d1e631b47e0d957f092b775a5b7db"	299958	60032	0	0	33	28	5	0	0	0	0	0	0	0	0	1	0
"Ectrepesthoneura hirta"	"Mycetophilidae_cluster64"	"Mycetophilidae_cluster200"	"6b209c13d1635dcab872862bdcbdacee"	"3f23750c4081e5bd20f1bda719f756a9"	380393	18738	0	0	24	21	0	0	0	0	0	13	0	0	0	2	0
"Exechia confinis"	"Mycetophilidae_cluster36"	"Mycetophilidae_cluster206"	"86ce4c85ab7a17f7bc004eba5d9c05c8"	"86ce4c85ab7a17f7bc004eba5d9c05c8"	255231	5542	0	0	19	0	0	0	0	0	0	0	0	0	0	1	0
"Exechia dorsalis"	"Mycetophilidae_cluster16"	"Mycetophilidae_cluster189"	"3c98a8f09ac691a4f73908d31f944d18"	"3c98a8f09ac691a4f73908d31f944d18"	775435	9207	0	0	36	0	0	0	0	0	0	0	0	0	0	1	0
"Exechia dorsalis"	"Mycetophilidae_cluster85"	"Mycetophilidae_cluster189"	"578173b574b88240d8597220efcbf6ac"	"3c98a8f09ac691a4f73908d31f944d18"	71186	0	0	0	36	0	0	0	0	0	0	0	0	0	0	1	0
"Exechia festiva"	"Mycetophilidae_cluster234"	"Mycetophilidae_cluster167"	"8a20daaebc8a313096e9e6628909cbdc"	"8a20daaebc8a313096e9e6628909cbdc"	34241	523	0	0	49	0	0	0	0	0	0	0	0	0	69	2	0
"Exechia fusca"	"Mycetophilidae_cluster4"	"Mycetophilidae_cluster158"	"a027f1fca81c4891e20741452bac4c02"	"a027f1fca81c4891e20741452bac4c02"	3487952	40138	0	0	163	0	0	0	0	0	0	0	0	0	69	6	0
"Exechia macula"	"Mycetophilidae_cluster238"	"Mycetophilidae_cluster230"	"42eba6e9dc58cc2c94aed49fcbd5e5e4"	"5ba3ff567c308270b63234df98491772"	25799	1305	0	0	8	0	0	0	0	0	0	0	0	0	0	1	0
"Exechia pseudocincta"	"Mycetophilidae_cluster400"	"Mycetophilidae_cluster221"	"c317eb946935fee7490e538674ad4348"	"00a60103524d681bf6220544dc85c356"	10911	213	0	0	10	0	0	0	0	0	0	0	0	0	0	1	0
"Leia cylindrica"	"Mycetophilidae_cluster24"	"Mycetophilidae_cluster197"	"978bedd09f89f7c3915cf86e269d92bf"	"93fe885d23fb9d766f1d95140800f4b0"	487094	39459	163	0	24	0	0	0	0	0	0	0	0	0	0	1	0
"Leia cylindrica"	"Mycetophilidae_cluster847"	"Mycetophilidae_cluster197"	"ec7280496c6059ec886345eabba3d4ed"	"93fe885d23fb9d766f1d95140800f4b0"	2	0	0	0	24	0	0	0	0	0	0	0	0	0	0	1	0
"Leia winthemi"	"Mycetophilidae_cluster25"	"Mycetophilidae_cluster217"	"15179c446ae6c463ca1da98f551860e0"	"7f646c45db63183e2991653afb380f71"	373528	44194	0	0	23	0	0	0	0	0	0	0	0	0	0	2	0
"Mycetophila ichneumonea"	"Mycetophilidae_cluster18"	"Mycetophilidae_cluster61"	"d4c8561c5606c1b651641d300b013b97"	"15356c527e0ec6069404fcded215160d"	950567	29729	0	0	123	3145	15	32	10	32	10	1318	0	132	0	2	3
"Mycetophila signatoides"	"Mycetophilidae_cluster44"	"Mycetophilidae_cluster135"	"baa1b783596a2556339ed84f85a0d5e1"	"8e27d5f6adb5f9f2e2dd9a1ad45ff932"	306211	26447	0	0	13	1007	0	16	0	16	0	256	0	11	6	1	1
"Mycomya affinis"	"Mycetophilidae_cluster58"	"Mycetophilidae_cluster113"	"cb59e0afc1ecee571d4e90c158ece00c"	"cb59e0afc1ecee571d4e90c158ece00c"	143037	8784	0	0	444	0	0	0	0	0	0	0	0	0	0	1	0
"Mycomya affinis"	"Mycetophilidae_cluster504"	"Mycetophilidae_cluster113"	"bed15d14380d1da29365f64d18134ca5"	"cb59e0afc1ecee571d4e90c158ece00c"	3079	614	0	0	444	0	0	0	0	0	0	0	0	0	0	1	0
"Mycomya annulata"	"Mycetophilidae_cluster19"	"Mycetophilidae_cluster40"	"2ef35cfc0d77f9bd235820a42f993401"	"2ef35cfc0d77f9bd235820a42f993401"	615119	53758	0	0	316	4536	37	99	33	99	33	2174	0	196	0	2	3
"Mycomya fimbriata"	"Mycetophilidae_cluster59"	"Mycetophilidae_cluster27"	"5ce43517f2c87b786db2c6207f2238f2"	"5ce43517f2c87b786db2c6207f2238f2"	163128	3538	0	0	85	8863	43	224	29	224	29	4715	0	566	52	3	3
"Mycomya shermani"	"Mycetophilidae_cluster6"	"Mycetophilidae_cluster2"	"2bf1b1c2a84291422b1fdfea3e1dd242"	"2bf1b1c2a84291422b1fdfea3e1dd242"	1706325	343291	0	0	83	176998	1293	3021	667	3021	667	74521	0	6532	15	6	3
"Phronia egregia"	"Mycetophilidae_cluster553"	"Mycetophilidae_cluster193"	"70eb935f697d462ea6fda69609818ba6"	"88c26182cb293ddb91e8ffc88e8f3ef9"	3369	0	0	0	26	0	0	0	0	0	0	0	0	0	0	1	0
"Rymosia fasciata"	"Mycetophilidae_cluster33"	"Mycetophilidae_cluster223"	"e084e994c0eabab91ed310e32561cd61"	"d7e76934a3e5bf985a770ad86b925806"	482819	6613	0	0	10	0	0	0	0	0	0	0	0	0	0	1	0
"Rymosia placida"	"Mycetophilidae_cluster355"	"Mycetophilidae_cluster175"	"63e44649ab99d708a34dc59cd7053e85"	"d656ec62766578fe551fb5ee880399bd"	7010	536	0	0	104	0	0	0	0	0	0	0	0	0	0	3	0
"Rymosia signatipes"	"Mycetophilidae_cluster103"	"Mycetophilidae_cluster156"	"bcdfeb0aa5d451900d24ab34ce0a1e10"	"9c3eaffd7f9c0a4e0f4fdbcfb164fe27"	83633	3405	0	0	86	0	0	0	0	0	0	0	0	0	59	3	0
"Rymosia signatipes"	"Mycetophilidae_cluster103"	"Mycetophilidae_cluster196"	"bcdfeb0aa5d451900d24ab34ce0a1e10"	"d2bd46c0e1c0ebcf8c523e3bd9f6917e"	83633	3405	0	0	0	0	0	0	0	0	0	0	0	0	25	0	0
"Sciophila hirta"	"Mycetophilidae_cluster340"	"Mycetophilidae_cluster99"	"746915af75bb1ea9192c5ca6efc37fc8"	"f5ca264b570d1ea72c13feb28b98e2fc"	24624	3000	0	0	790	0	0	0	0	0	0	0	0	0	0	1	0
"Sciophila hirta"	"Mycetophilidae_cluster533"	"Mycetophilidae_cluster99"	"d62d59413dfad9b687d5ee4987b59057"	"f5ca264b570d1ea72c13feb28b98e2fc"	2599	0	0	0	790	0	0	0	0	0	0	0	0	0	0	1	0
"Sciophila salassea"	"Mycetophilidae_cluster390"	"Mycetophilidae_cluster128"	"a06111d090ad617061656f9cf14406ea"	"a06111d090ad617061656f9cf14406ea"	5933	1033	0	0	16	698	5	16	0	16	0	230	0	24	0	1	3
"Synapha vitripennis"	"Mycetophilidae_cluster101"	"Mycetophilidae_cluster194"	"e1c56fcf7724634cb1674a7f5a981aaf"	"e1c56fcf7724634cb1674a7f5a981aaf"	51993	8581	0	0	26	0	0	0	0	0	0	0	0	0	0	1	0
"Syntemna hungarica"	"Mycetophilidae_cluster193"	"Mycetophilidae_cluster19"	"ec571a51c03452e4a3d0d8ac58cfed3c"	"ec571a51c03452e4a3d0d8ac58cfed3c"	5563	1351	0	0	12	17835	130	413	90	413	90	7197	0	548	0	1	3
"Tarnania fenestralis"	"Mycetophilidae_cluster73"	"Mycetophilidae_cluster183"	"d5618e8a60f9ccb65efca70cd194626c"	"d5618e8a60f9ccb65efca70cd194626c"	110954	11682	0	0	40	0	0	0	0	0	0	0	0	0	0	1	0
"Tarnania tarnanii"	"Mycetophilidae_cluster69"	"Mycetophilidae_cluster236"	"5caebda90003d9714931fa62e47700b9"	"73a0b6fb7ab6578d2441603d035a06fa"	185051	7314	0	0	10	0	0	0	0	0	0	0	0	0	0	2	0
"Trichonta atricauda"	"Mycetophilidae_cluster167"	"Mycetophilidae_cluster216"	"16f7aa1cfb96708075317f912f99a5eb"	"daa78288fe66c9524975fe8119b10ce4"	85048	7538	0	0	15	0	0	0	0	0	0	0	0	0	0	1	0
"Zygomyia notata"	"Mycetophilidae_cluster436"	"Mycetophilidae_cluster75"	"d88b23b31bf7aa3006de54b1af95ded6"	"d93b3179256ea59f0644edf628fb24bc"	28607	4576	0	0	57	3423	48	46	7	46	7	1674	0	120	0	2	3
"Zygomyia notata"	"Mycetophilidae_cluster802"	"Mycetophilidae_cluster75"	"0c684297bb834172fdcb21308b7e4ff9"	"d93b3179256ea59f0644edf628fb24bc"	13	14	0	0	57	0	0	0	0	0	0	1674	0	120	0	2	3
