TipLabel;Kingdom;Phylum;Class;Family;Subfamily_NCBI;Genus;Species;Subfamily_updated;Comments
Urosigalphus_chalcodermi;Eukaryota;Arthropoda;Insecta;Braconidae;Blacinae;Urosigalphus;Urosigalphus chalcodermi;Acampsohelconinae;Jasso-Martínez et al. 2022
Bassus_dimidiator;Eukaryota;Arthropoda;Insecta;Braconidae;Agathidinae;Bassus;Bassus dimidiator;Agathidinae;
Coccygidium_malayensis;Eukaryota;Arthropoda;Insecta;Braconidae;Agathidinae;Coccygidium;Coccygidium malayensis;Agathidinae;
Crassomicrodus_nigriceps;Eukaryota;Arthropoda;Insecta;Braconidae;Agathidinae;Crassomicrodus;Crassomicrodus nigriceps;Agathidinae;
Crassomicrodus_pallens;Eukaryota;Arthropoda;Insecta;Braconidae;Agathidinae;Crassomicrodus;Crassomicrodus pallens;Agathidinae;
Disophrys_rhinoides;Eukaryota;Arthropoda;Insecta;Braconidae;Agathidinae;Disophrys;Disophrys rhinoides;Agathidinae;
Disophrys_strigata;Eukaryota;Arthropoda;Insecta;Braconidae;Agathidinae;Disophrys;Disophrys strigata;Agathidinae;
Hemichoma_atrata;Eukaryota;Arthropoda;Insecta;Braconidae;Agathidinae;Hemichoma;Hemichoma atrata;Agathidinae;
Therophilus_festivus;Eukaryota;Arthropoda;Insecta;Braconidae;Agathidinae;Therophilus;Therophilus festivus;Agathidinae;
Zacremnops_cressoni;Eukaryota;Arthropoda;Insecta;Braconidae;Agathidinae;Zacremnops;Zacremnops cressoni;Agathidinae;
Zelomorpha_arizonensis;Eukaryota;Arthropoda;Insecta;Braconidae;Agathidinae;Zelomorpha;Zelomorpha arizonensis;Agathidinae;
Zelomorpha_concinna;Eukaryota;Arthropoda;Insecta;Braconidae;Agathidinae;Zelomorpha;Zelomorpha concinna;Agathidinae;
Zelomorpha_cucullifera;Eukaryota;Arthropoda;Insecta;Braconidae;Agathidinae;Zelomorpha;Zelomorpha cucullifera;Agathidinae;
Zelomorpha_nigriceps;Eukaryota;Arthropoda;Insecta;Braconidae;Agathidinae;Zelomorpha;Zelomorpha nigriceps;Agathidinae;
Asobara_citri;Eukaryota;Arthropoda;Insecta;Braconidae;Alysiinae;Asobara;Asobara citri;Alysiinae;
Asobara_japonica;Eukaryota;Arthropoda;Insecta;Braconidae;Alysiinae;Asobara;Asobara japonica;Alysiinae;
Asobara_persimilis;Eukaryota;Arthropoda;Insecta;Braconidae;Alysiinae;Asobara;Asobara persimilis;Alysiinae;
Asobara_pleuralis;Eukaryota;Arthropoda;Insecta;Braconidae;Alysiinae;Asobara;Asobara pleuralis;Alysiinae;
Asobara_rossica;Eukaryota;Arthropoda;Insecta;Braconidae;Alysiinae;Asobara;Asobara rossica;Alysiinae;
Asobara_rufescens;Eukaryota;Arthropoda;Insecta;Braconidae;Alysiinae;Asobara;Asobara rufescens;Alysiinae;
Asobara_tabida;Eukaryota;Arthropoda;Insecta;Braconidae;Alysiinae;Asobara;Asobara tabida;Alysiinae;
Dacnusa_sasakawai;Eukaryota;Arthropoda;Insecta;Braconidae;Alysiinae;Dacnusa;Dacnusa sasakawai;Alysiinae;
Dacnusa_sibirica;Eukaryota;Arthropoda;Insecta;Braconidae;Alysiinae;Dacnusa;Dacnusa sibirica;Alysiinae;
Adialytus_ambiguus;Eukaryota;Arthropoda;Insecta;Braconidae;Aphidiinae;Adialytus;Adialytus ambiguus;Aphidiinae;
Adialytus_salicaphis;Eukaryota;Arthropoda;Insecta;Braconidae;Aphidiinae;Adialytus;Adialytus salicaphis;Aphidiinae;
Adialytus_thelaxis;Eukaryota;Arthropoda;Insecta;Braconidae;Aphidiinae;Adialytus;Adialytus thelaxis;Aphidiinae;
Aphidius_aquilus;Eukaryota;Arthropoda;Insecta;Braconidae;Aphidiinae;Aphidius;Aphidius aquilus;Aphidiinae;
Aphidius_avenae;Eukaryota;Arthropoda;Insecta;Braconidae;Aphidiinae;Aphidius;Aphidius avenae;Aphidiinae;
Aphidius_avenaphis;Eukaryota;Arthropoda;Insecta;Braconidae;Aphidiinae;Aphidius;Aphidius avenaphis;Aphidiinae;
Aphidius_colemani;Eukaryota;Arthropoda;Insecta;Braconidae;Aphidiinae;Aphidius;Aphidius colemani;Aphidiinae;
Aphidius_eadyi;Eukaryota;Arthropoda;Insecta;Braconidae;Aphidiinae;Aphidius;Aphidius eadyi;Aphidiinae;
Aphidius_ericaphidis;Eukaryota;Arthropoda;Insecta;Braconidae;Aphidiinae;Aphidius;Aphidius ericaphidis;Aphidiinae;
Aphidius_ervi;Eukaryota;Arthropoda;Insecta;Braconidae;Aphidiinae;Aphidius;Aphidius ervi;Aphidiinae;
Aphidius_funebris;Eukaryota;Arthropoda;Insecta;Braconidae;Aphidiinae;Aphidius;Aphidius funebris;Aphidiinae;
Aphidius_leclanti;Eukaryota;Arthropoda;Insecta;Braconidae;Aphidiinae;Aphidius;Aphidius leclanti;Aphidiinae;
Aphidius_matricariae;Eukaryota;Arthropoda;Insecta;Braconidae;Aphidiinae;Aphidius;Aphidius matricariae;Aphidiinae;
Aphidius_microlophii;Eukaryota;Arthropoda;Insecta;Braconidae;Aphidiinae;Aphidius;Aphidius microlophii;Aphidiinae;
Aphidius_picipes;Eukaryota;Arthropoda;Insecta;Braconidae;Aphidiinae;Aphidius;Aphidius picipes;Aphidiinae;
Aphidius_platensis;Eukaryota;Arthropoda;Insecta;Braconidae;Aphidiinae;Aphidius;Aphidius platensis;Aphidiinae;
Aphidius_rhopalosiphi;Eukaryota;Arthropoda;Insecta;Braconidae;Aphidiinae;Aphidius;Aphidius rhopalosiphi;Aphidiinae;
Aphidius_ribis;Eukaryota;Arthropoda;Insecta;Braconidae;Aphidiinae;Aphidius;Aphidius ribis;Aphidiinae;
Aphidius_rosae;Eukaryota;Arthropoda;Insecta;Braconidae;Aphidiinae;Aphidius;Aphidius rosae;Aphidiinae;
Aphidius_salicis;Eukaryota;Arthropoda;Insecta;Braconidae;Aphidiinae;Aphidius;Aphidius salicis;Aphidiinae;
Aphidius_schimitscheki;Eukaryota;Arthropoda;Insecta;Braconidae;Aphidiinae;Aphidius;Aphidius schimitscheki;Aphidiinae;
Aphidius_smithi;Eukaryota;Arthropoda;Insecta;Braconidae;Aphidiinae;Aphidius;Aphidius smithi;Aphidiinae;
Aphidius_sonchi;Eukaryota;Arthropoda;Insecta;Braconidae;Aphidiinae;Aphidius;Aphidius sonchi;Aphidiinae;
Aphidius_transcaspicus;Eukaryota;Arthropoda;Insecta;Braconidae;Aphidiinae;Aphidius;Aphidius transcaspicus;Aphidiinae;
Aphidius_urticae;Eukaryota;Arthropoda;Insecta;Braconidae;Aphidiinae;Aphidius;Aphidius urticae;Aphidiinae;
Areopraon_chaitophori;Eukaryota;Arthropoda;Insecta;Braconidae;Aphidiinae;Areopraon;Areopraon chaitophori;Aphidiinae;
Areopraon_silvestre;Eukaryota;Arthropoda;Insecta;Braconidae;Aphidiinae;Areopraon;Areopraon silvestre;Aphidiinae;
Binodoxys_acalephae;Eukaryota;Arthropoda;Insecta;Braconidae;Aphidiinae;Binodoxys;Binodoxys acalephae;Aphidiinae;
Binodoxys_angelicae;Eukaryota;Arthropoda;Insecta;Braconidae;Aphidiinae;Binodoxys;Binodoxys angelicae;Aphidiinae;
Binodoxys_centaureae;Eukaryota;Arthropoda;Insecta;Braconidae;Aphidiinae;Binodoxys;Binodoxys centaureae;Aphidiinae;
Binodoxys_communis;Eukaryota;Arthropoda;Insecta;Braconidae;Aphidiinae;Binodoxys;Binodoxys communis;Aphidiinae;
Diaeretellus_svalbardicum;Eukaryota;Arthropoda;Insecta;Braconidae;Aphidiinae;Diaeretellus;Diaeretellus svalbardicum;Aphidiinae;
Diaeretiella_rapae;Eukaryota;Arthropoda;Insecta;Braconidae;Aphidiinae;Diaeretiella;Diaeretiella rapae;Aphidiinae;
Diaeretus_essigellae;Eukaryota;Arthropoda;Insecta;Braconidae;Aphidiinae;Diaeretus;Diaeretus essigellae;Aphidiinae;
Ephedrus_blattnyi;Eukaryota;Arthropoda;Insecta;Braconidae;Aphidiinae;Ephedrus;Ephedrus blattnyi;Aphidiinae;
Ephedrus_californicus;Eukaryota;Arthropoda;Insecta;Braconidae;Aphidiinae;Ephedrus;Ephedrus californicus;Aphidiinae;
Ephedrus_helleni;Eukaryota;Arthropoda;Insecta;Braconidae;Aphidiinae;Ephedrus;Ephedrus helleni;Aphidiinae;
Ephedrus_incompletus;Eukaryota;Arthropoda;Insecta;Braconidae;Aphidiinae;Ephedrus;Ephedrus incompletus;Aphidiinae;
Ephedrus_lacertosus;Eukaryota;Arthropoda;Insecta;Braconidae;Aphidiinae;Ephedrus;Ephedrus lacertosus;Aphidiinae;
Ephedrus_nacheri;Eukaryota;Arthropoda;Insecta;Braconidae;Aphidiinae;Ephedrus;Ephedrus nacheri;Aphidiinae;
Ephedrus_persicae;Eukaryota;Arthropoda;Insecta;Braconidae;Aphidiinae;Ephedrus;Ephedrus persicae;Aphidiinae;
Ephedrus_plagiator;Eukaryota;Arthropoda;Insecta;Braconidae;Aphidiinae;Ephedrus;Ephedrus plagiator;Aphidiinae;
Euaphidius_cingulatus;Eukaryota;Arthropoda;Insecta;Braconidae;Aphidiinae;Euaphidius;Euaphidius cingulatus;Aphidiinae;
Euaphidius_plocamaphidis;Eukaryota;Arthropoda;Insecta;Braconidae;Aphidiinae;Euaphidius;Euaphidius plocamaphidis;Aphidiinae;
Euaphidius_setiger;Eukaryota;Arthropoda;Insecta;Braconidae;Aphidiinae;Euaphidius;Euaphidius setiger;Aphidiinae;
Falciconus_pseudoplatani;Eukaryota;Arthropoda;Insecta;Braconidae;Aphidiinae;Falciconus;Falciconus pseudoplatani;Aphidiinae;
Monoctonus_pseudoplatani;Eukaryota;Arthropoda;Insecta;Braconidae;Aphidiinae;Falciconus;Monoctonus pseudoplatani;Aphidiinae;
Lipolexis_gracilis;Eukaryota;Arthropoda;Insecta;Braconidae;Aphidiinae;Lipolexis;Lipolexis gracilis;Aphidiinae;
Lipolexis_oregmae;Eukaryota;Arthropoda;Insecta;Braconidae;Aphidiinae;Lipolexis;Lipolexis oregmae;Aphidiinae;
Lysiphlebus_balcanicus;Eukaryota;Arthropoda;Insecta;Braconidae;Aphidiinae;Lysiphlebus;Lysiphlebus balcanicus;Aphidiinae;
Lysiphlebus_cardui;Eukaryota;Arthropoda;Insecta;Braconidae;Aphidiinae;Lysiphlebus;Lysiphlebus cardui;Aphidiinae;
Lysiphlebus_confusus;Eukaryota;Arthropoda;Insecta;Braconidae;Aphidiinae;Lysiphlebus;Lysiphlebus confusus;Aphidiinae;
Lysiphlebus_fabarum;Eukaryota;Arthropoda;Insecta;Braconidae;Aphidiinae;Lysiphlebus;Lysiphlebus fabarum;Aphidiinae;
Lysiphlebus_hirticornis;Eukaryota;Arthropoda;Insecta;Braconidae;Aphidiinae;Lysiphlebus;Lysiphlebus hirticornis;Aphidiinae;
Lysiphlebus_orientalis;Eukaryota;Arthropoda;Insecta;Braconidae;Aphidiinae;Lysiphlebus;Lysiphlebus orientalis;Aphidiinae;
Lysiphlebus_testaceipes;Eukaryota;Arthropoda;Insecta;Braconidae;Aphidiinae;Lysiphlebus;Lysiphlebus testaceipes;Aphidiinae;
Monoctonus_caricis;Eukaryota;Arthropoda;Insecta;Braconidae;Aphidiinae;Monoctonus;Monoctonus caricis;Aphidiinae;
Monoctonus_cerasi;Eukaryota;Arthropoda;Insecta;Braconidae;Aphidiinae;Monoctonus;Monoctonus cerasi;Aphidiinae;
Monoctonus_crepidis;Eukaryota;Arthropoda;Insecta;Braconidae;Aphidiinae;Monoctonus;Monoctonus crepidis;Aphidiinae;
Pauesia_juniperorum;Eukaryota;Arthropoda;Insecta;Braconidae;Aphidiinae;Pauesia;Pauesia juniperorum;Aphidiinae;
Praon_abjectum;Eukaryota;Arthropoda;Insecta;Braconidae;Aphidiinae;Praon;Praon abjectum;Aphidiinae;
Praon_barbatum;Eukaryota;Arthropoda;Insecta;Braconidae;Aphidiinae;Praon;Praon barbatum;Aphidiinae;
Praon_bicolor;Eukaryota;Arthropoda;Insecta;Braconidae;Aphidiinae;Praon;Praon bicolor;Aphidiinae;
Praon_dorsale;Eukaryota;Arthropoda;Insecta;Braconidae;Aphidiinae;Praon;Praon dorsale;Aphidiinae;
Praon_exsoletum;Eukaryota;Arthropoda;Insecta;Braconidae;Aphidiinae;Praon;Praon exsoletum;Aphidiinae;
Praon_flavinode;Eukaryota;Arthropoda;Insecta;Braconidae;Aphidiinae;Praon;Praon flavinode;Aphidiinae;
Praon_gallicum;Eukaryota;Arthropoda;Insecta;Braconidae;Aphidiinae;Praon;Praon gallicum;Aphidiinae;
Praon_humulaphidis;Eukaryota;Arthropoda;Insecta;Braconidae;Aphidiinae;Praon;Praon humulaphidis;Aphidiinae;
Praon_longicorne;Eukaryota;Arthropoda;Insecta;Braconidae;Aphidiinae;Praon;Praon longicorne;Aphidiinae;
Praon_occidentale;Eukaryota;Arthropoda;Insecta;Braconidae;Aphidiinae;Praon;Praon occidentale;Aphidiinae;
Praon_staticobii;Eukaryota;Arthropoda;Insecta;Braconidae;Aphidiinae;Praon;Praon staticobii;Aphidiinae;
Praon_unicum;Eukaryota;Arthropoda;Insecta;Braconidae;Aphidiinae;Praon;Praon unicum;Aphidiinae;
Praon_volucre;Eukaryota;Arthropoda;Insecta;Braconidae;Aphidiinae;Praon;Praon volucre;Aphidiinae;
Praon_yomenae;Eukaryota;Arthropoda;Insecta;Braconidae;Aphidiinae;Praon;Praon yomenae;Aphidiinae;
Toxares_deltiger;Eukaryota;Arthropoda;Insecta;Braconidae;Aphidiinae;Toxares;Toxares deltiger;Aphidiinae;
Trioxys_complanatus;Eukaryota;Arthropoda;Insecta;Braconidae;Aphidiinae;Trioxys;Trioxys complanatus;Aphidiinae;
Trioxys_pallidus;Eukaryota;Arthropoda;Insecta;Braconidae;Aphidiinae;Trioxys;Trioxys pallidus;Aphidiinae;
Aliolus_lepidus;Eukaryota;Arthropoda;Insecta;Braconidae;Helconinae;Aliolus;Aliolus lepidus;Brachistinae_s_str;Jasso-Martínez et al. 2022
Blacus_stelfoxi;Eukaryota;Arthropoda;Insecta;Braconidae;Blacinae;Blacus;Blacus stelfoxi;Brachistinae_s_str;Jasso-Martínez et al. 2022
Atanycolus_hicoriae;Eukaryota;Arthropoda;Insecta;Braconidae;Braconinae;Atanycolus;Atanycolus hicoriae;Braconinae;
Atanycolus_simplex;Eukaryota;Arthropoda;Insecta;Braconidae;Braconinae;Atanycolus;Atanycolus simplex;Braconinae;
Atanycolus_ulmicola;Eukaryota;Arthropoda;Insecta;Braconidae;Braconinae;Atanycolus;Atanycolus ulmicola;Braconinae;
Bracon_asphondyliae;Eukaryota;Arthropoda;Insecta;Braconidae;Braconinae;Bracon;Bracon asphondyliae;Braconinae;
Bracon_brevicornis;Eukaryota;Arthropoda;Insecta;Braconidae;Braconinae;Bracon;Bracon brevicornis;Braconinae;
Bracon_greeni;Eukaryota;Arthropoda;Insecta;Braconidae;Braconinae;Bracon;Bracon greeni;Braconinae;
Bracon_kopelkei;Eukaryota;Arthropoda;Insecta;Braconidae;Braconinae;Bracon;Bracon kopelkei;Braconinae;
Bracon_picticornis;Eukaryota;Arthropoda;Insecta;Braconidae;Braconinae;Bracon;Bracon picticornis;Braconinae;
Bracon_tamabae;Eukaryota;Arthropoda;Insecta;Braconidae;Braconinae;Bracon;Bracon tamabae;Braconinae;
Coeloides_sordidator;Eukaryota;Arthropoda;Insecta;Braconidae;Braconinae;Coeloides;Coeloides sordidator;Braconinae;
Euurobracon_breviterebrae;Eukaryota;Arthropoda;Insecta;Braconidae;Braconinae;Euurobracon;Euurobracon breviterebrae;Braconinae;
Habrobracon_hebetor;Eukaryota;Arthropoda;Insecta;Braconidae;Braconinae;Habrobracon;Habrobracon hebetor;Braconinae;
Iphiaulax_sjostedti;Eukaryota;Arthropoda;Insecta;Braconidae;Braconinae;Iphiaulax;Iphiaulax sjostedti;Braconinae;
Mesobraconoides_psolopterus;Eukaryota;Arthropoda;Insecta;Braconidae;Braconinae;Mesobraconoides;Mesobraconoides psolopterus;Braconinae;
Simplicibracon_curticaudis;Eukaryota;Arthropoda;Insecta;Braconidae;Braconinae;Simplicibracon;Simplicibracon curticaudis;Braconinae;
Testudobracon_longicaudis;Eukaryota;Arthropoda;Insecta;Braconidae;Braconinae;Testudobracon;Testudobracon longicaudis;Braconinae;
Testudobracon_pleuralis;Eukaryota;Arthropoda;Insecta;Braconidae;Braconinae;Testudobracon;Testudobracon pleuralis;Braconinae;
Cardiochiles_fuscipennis;Eukaryota;Arthropoda;Insecta;Braconidae;Cardiochilinae;Cardiochiles;Cardiochiles fuscipennis;Cardiochilinae;
Cenocoelius_ashmeadii;Eukaryota;Arthropoda;Insecta;Braconidae;Cenocoeliinae;Cenocoelius;Cenocoelius ashmeadii;Cenocoeliinae;
Charmon_extensor;Eukaryota;Arthropoda;Insecta;Braconidae;Charmontinae;Charmon;Charmon extensor;Charmontinae;
Ascogaster_provancheri;Eukaryota;Arthropoda;Insecta;Braconidae;Cheloninae;Ascogaster;Ascogaster provancheri;Cheloninae;
Ascogaster_quadridentata;Eukaryota;Arthropoda;Insecta;Braconidae;Cheloninae;Ascogaster;Ascogaster quadridentata;Cheloninae;
Chelonus_blackburni;Eukaryota;Arthropoda;Insecta;Braconidae;Cheloninae;Chelonus;Chelonus blackburni;Cheloninae;
Phanerotoma_flava;Eukaryota;Arthropoda;Insecta;Braconidae;Cheloninae;Phanerotoma;Phanerotoma flava;Cheloninae;
Phanerotoma_tritoma;Eukaryota;Arthropoda;Insecta;Braconidae;Cheloninae;Phanerotoma;Phanerotoma tritoma;Cheloninae;
Evaniodes_areolatus;Eukaryota;Arthropoda;Insecta;Braconidae;Doryctinae;Evaniodes;Evaniodes areolatus;Doryctinae_South_America;Based on our analysis
Evaniodes_palikuri;Eukaryota;Arthropoda;Insecta;Braconidae;Doryctinae;Evaniodes;Evaniodes palikuri;Doryctinae_South_America;Based on our analysis
Evaniodes_spathiiformis;Eukaryota;Arthropoda;Insecta;Braconidae;Doryctinae;Evaniodes;Evaniodes spathiiformis;Doryctinae_South_America;Based on our analysis
Evaniodes_wayampisi;Eukaryota;Arthropoda;Insecta;Braconidae;Doryctinae;Evaniodes;Evaniodes wayampisi;Doryctinae_South_America;Based on our analysis
Monarea_fridae;Eukaryota;Arthropoda;Insecta;Braconidae;Doryctinae;Monarea;Monarea fridae;Doryctinae_South_America;"In Holcobraconini (Belokobylskij et al. 2014), a separate clade in Zaldivar-Riverón et al. 2008; classification here based on our analysis"
Nervellius_exquisitor;Eukaryota;Arthropoda;Insecta;Braconidae;Doryctinae;Nervellius;Nervellius exquisitor;Doryctinae_South_America;"Separate clade in Zaldivar-Riverón et al. 2008; classification here based on our analysis"
Ontsira_imperator;Eukaryota;Arthropoda;Insecta;Braconidae;Doryctinae;Ontsira;Ontsira imperator;Doryctinae_Ontsira;"Ontsira is polyphyletic in Zaldivar-Riverón et al. 2008, and the representative in Jasso-Martínez et al (2022) is not identified to species (placed in Doryctinae s. str.); our analysis suggests the included Ontsira sequence has affinities to Rhysopolinae; not included in constraints"
Syngaster_lepidus;Eukaryota;Arthropoda;Insecta;Braconidae;Doryctinae;Syngaster;Syngaster lepidus;Doryctinae_South_America;"Separate clade in Zaldivar-Riverón et al. 2008; classification here based on our analysis"
Whitfieldiellus_variegata;Eukaryota;Arthropoda;Insecta;Braconidae;Doryctinae;Whitfieldiellus;Whitfieldiellus variegata;Doryctinae_South_America;Based on our analysis
Caenopachys_hartigii;Eukaryota;Arthropoda;Insecta;Braconidae;Doryctinae;Caenopachys;Caenopachys hartigii;Doryctinae_s_str;Zaldivar-Riverón et al. 2008
Doryctes_gyljak;Eukaryota;Arthropoda;Insecta;Braconidae;Doryctinae;Doryctes;Doryctes gyljak;Doryctinae_s_str;Jasso-Martínez et al. 2022
Doryctopambolus_clebschi;Eukaryota;Arthropoda;Insecta;Braconidae;Doryctinae;Doryctopambolus;Doryctopambolus clebschi;Doryctinae_s_str;"Nunes et al. 2012; Zaldivar-Riverón et al. 2008"
Doryctopambolus_dominicanus;Eukaryota;Arthropoda;Insecta;Braconidae;Doryctinae;Doryctopambolus;Doryctopambolus dominicanus;Doryctinae_s_str;Zaldivar-Riverón et al. 2008
Doryctoproctus_africanus;Eukaryota;Arthropoda;Insecta;Braconidae;Doryctinae;Doryctoproctus;Doryctoproctus africanus;Doryctinae_s_str;Zaldivar-Riverón et al. 2008
Euscelinus_sarawacus;Eukaryota;Arthropoda;Insecta;Braconidae;Doryctinae;Euscelinus;Euscelinus sarawacus;Doryctinae_s_str;Jasso-Martínez et al. 2022
Hemidoryctes_carbonarius;Eukaryota;Arthropoda;Insecta;Braconidae;Doryctinae;Hemidoryctes;Hemidoryctes carbonarius;Doryctinae_s_str;Zaldivar-Riverón et al. 2008
Hypodoryctes_bilobus;Eukaryota;Arthropoda;Insecta;Braconidae;Doryctinae;Hypodoryctes;Hypodoryctes bilobus;Doryctinae_s_str;Zaldivar-Riverón et al. 2008
Hypodoryctes_fuga;Eukaryota;Arthropoda;Insecta;Braconidae;Doryctinae;Hypodoryctes;Hypodoryctes fuga;Doryctinae_s_str;Zaldivar-Riverón et al. 2008
Kauriphanes_khalaimi;Eukaryota;Arthropoda;Insecta;Braconidae;Doryctinae;Kauriphanes;Kauriphanes khalaimi;Doryctinae_s_str;Belokobylskij et al. 2011
Notiopambolus_depressicauda;Eukaryota;Arthropoda;Insecta;Braconidae;Pambolinae;Notiopambolus;Notiopambolus depressicauda;Doryctinae_s_str;Jasso-Martínez et al. 2022
Pambolus_albospina;Eukaryota;Arthropoda;Insecta;Braconidae;Exothecinae;Pambolus;Pambolus albospina;Doryctinae_s_str;Jasso-Martínez et al. 2022
Pambolus_rastafari;Eukaryota;Arthropoda;Insecta;Braconidae;Exothecinae;Pambolus;Pambolus rastafari;Doryctinae_s_str;Jasso-Martínez et al. 2022
Rhaconotus_brasiliensis;Eukaryota;Arthropoda;Insecta;Braconidae;Doryctinae;Rhaconotus;Rhaconotus brasiliensis;Doryctinae_s_str;Jasso-Martínez et al. 2022
Rhaconotus_colegiomadridi;Eukaryota;Arthropoda;Insecta;Braconidae;Doryctinae;Rhaconotus;Rhaconotus colegiomadridi;Doryctinae_s_str;Jasso-Martínez et al. 2022
Rhaconotus_emarginatus;Eukaryota;Arthropoda;Insecta;Braconidae;Doryctinae;Rhaconotus;Rhaconotus emarginatus;Doryctinae_s_str;Jasso-Martínez et al. 2022
Rhaconotus_mennipus;Eukaryota;Arthropoda;Insecta;Braconidae;Doryctinae;Rhaconotus;Rhaconotus mennipus;Doryctinae_s_str;Jasso-Martínez et al. 2022
Rinamba_opacicollis;Eukaryota;Arthropoda;Insecta;Braconidae;Doryctinae;Rinamba;Rinamba opacicollis;Doryctinae_s_str;Zaldivar-Riverón et al. 2008
Spathius_agrili;Eukaryota;Arthropoda;Insecta;Braconidae;Doryctinae;Spathius;Spathius agrili;Doryctinae_s_str;Jasso-Martínez et al. 2022
Spathius_calligaster;Eukaryota;Arthropoda;Insecta;Braconidae;Doryctinae;Spathius;Spathius calligaster;Doryctinae_s_str;Jasso-Martínez et al. 2022
Spathius_elegans;Eukaryota;Arthropoda;Insecta;Braconidae;Doryctinae;Spathius;Spathius elegans;Doryctinae_s_str;Jasso-Martínez et al. 2022
Spathius_evansi;Eukaryota;Arthropoda;Insecta;Braconidae;Doryctinae;Spathius;Spathius evansi;Doryctinae_s_str;Jasso-Martínez et al. 2022
Spathius_generosus;Eukaryota;Arthropoda;Insecta;Braconidae;Doryctinae;Spathius;Spathius generosus;Doryctinae_s_str;Jasso-Martínez et al. 2022
Spathius_mexicanus;Eukaryota;Arthropoda;Insecta;Braconidae;Doryctinae;Spathius;Spathius mexicanus;Doryctinae_s_str;Jasso-Martínez et al. 2022
Acrophasmus_exilis;Eukaryota;Arthropoda;Insecta;Braconidae;Doryctinae;Acrophasmus;Acrophasmus exilis;Doryctinae_South_America;Zaldivar-Riverón et al. 2008
Aivalykus_arawak;Eukaryota;Arthropoda;Insecta;Braconidae;Doryctinae;Aivalykus;Aivalykus arawak;Doryctinae_South_America;Zaldivar-Riverón et al. 2008
Aivalykus_cornicoxa;Eukaryota;Arthropoda;Insecta;Braconidae;Doryctinae;Aivalykus;Aivalykus cornicoxa;Doryctinae_South_America;Zaldivar-Riverón et al. 2008
Allorhogas_amuzgo;Eukaryota;Arthropoda;Insecta;Braconidae;Doryctinae;Allorhogas;Allorhogas amuzgo;Doryctinae_South_America;Jasso-Martínez et al. 2022
Allorhogas_argentinus;Eukaryota;Arthropoda;Insecta;Braconidae;Doryctinae;Allorhogas;Allorhogas argentinus;Doryctinae_South_America;Jasso-Martínez et al. 2022
Allorhogas_coccolobae;Eukaryota;Arthropoda;Insecta;Braconidae;Doryctinae;Allorhogas;Allorhogas coccolobae;Doryctinae_South_America;Jasso-Martínez et al. 2022
Allorhogas_cordobensis;Eukaryota;Arthropoda;Insecta;Braconidae;Doryctinae;Allorhogas;Allorhogas cordobensis;Doryctinae_South_America;Jasso-Martínez et al. 2022
Allorhogas_ingavera;Eukaryota;Arthropoda;Insecta;Braconidae;Doryctinae;Allorhogas;Allorhogas ingavera;Doryctinae_South_America;Jasso-Martínez et al. 2022
Allorhogas_joergenseni;Eukaryota;Arthropoda;Insecta;Braconidae;Doryctinae;Allorhogas;Allorhogas joergenseni;Doryctinae_South_America;Jasso-Martínez et al. 2022
Aphelopsia_annulicornis;Eukaryota;Arthropoda;Insecta;Braconidae;Doryctinae;Aphelopsia;Aphelopsia annulicornis;Doryctinae_South_America;Zaldivar-Riverón et al. 2008
Aphelopsia_striata;Eukaryota;Arthropoda;Insecta;Braconidae;Doryctinae;Aphelopsia;Aphelopsia striata;Doryctinae_South_America;Zaldivar-Riverón et al. 2008
Barbalhoa_licina;Eukaryota;Arthropoda;Insecta;Braconidae;Doryctinae;Barbalhoa;Barbalhoa licina;Doryctinae_South_America;Zaldivar-Riverón et al. 2008
Bolivar_ecuadorensis;Eukaryota;Arthropoda;Insecta;Braconidae;Doryctinae;Bolivar;Bolivar ecuadorensis;Doryctinae_South_America;Jasso-Martínez et al. 2022
Bolivar_helmuthi;Eukaryota;Arthropoda;Insecta;Braconidae;Doryctinae;Bolivar;Bolivar helmuthi;Doryctinae_South_America;Jasso-Martínez et al. 2022
Bolivar_ornaticornis;Eukaryota;Arthropoda;Insecta;Braconidae;Doryctinae;Bolivar;Bolivar ornaticornis;Doryctinae_South_America;Jasso-Martínez et al. 2022
Bolivar_tuxtlae;Eukaryota;Arthropoda;Insecta;Braconidae;Doryctinae;Bolivar;Bolivar tuxtlae;Doryctinae_South_America;Jasso-Martínez et al. 2022
Curtisella_hansoni;Eukaryota;Arthropoda;Insecta;Braconidae;Doryctinae;Curtisella;Curtisella hansoni;Doryctinae_South_America;Zaldivar-Riverón et al. 2008
Ficobolus_paniaguai;Eukaryota;Arthropoda;Insecta;Braconidae;Doryctinae;Ficobolus;Ficobolus paniaguai;Doryctinae_South_America;Jasso-Martínez et al. 2022
Hecabolus_mexicanus;Eukaryota;Arthropoda;Insecta;Braconidae;Doryctinae;Hecabolus;Hecabolus mexicanus;Doryctinae_South_America;Zaldivar-Riverón et al. 2008
Heerz_ecmahla;Eukaryota;Arthropoda;Insecta;Braconidae;Doryctinae;Heerz;Heerz ecmahla;Doryctinae_South_America;Zaldivar-Riverón et al. 2008
Heerz_lukenatcha;Eukaryota;Arthropoda;Insecta;Braconidae;Doryctinae;Heerz;Heerz lukenatcha;Doryctinae_South_America;Zaldivar-Riverón et al. 2008
Heerz_macrophthalma;Eukaryota;Arthropoda;Insecta;Braconidae;Doryctinae;Heerz;Heerz macrophthalma;Doryctinae_South_America;Zaldivar-Riverón et al. 2008
Heterospilus_prosopidis;Eukaryota;Arthropoda;Insecta;Braconidae;Doryctinae;Heterospilus;Heterospilus prosopidis;Doryctinae_South_America;Jasso-Martínez et al. 2022
Iare_belokobylskiji;Eukaryota;Arthropoda;Insecta;Braconidae;Doryctinae;Iare;Iare belokobylskiji;Doryctinae_South_America;Martínez et al. 2010
Iare_cheguevarai;Eukaryota;Arthropoda;Insecta;Braconidae;Doryctinae;Iare;Iare cheguevarai;Doryctinae_South_America;Martínez et al. 2010
Iare_mexicanus;Eukaryota;Arthropoda;Insecta;Braconidae;Doryctinae;Iare;Iare mexicanus;Doryctinae_South_America;Martínez et al. 2010
Lamquetia_marshi;Eukaryota;Arthropoda;Insecta;Braconidae;Doryctinae;Lamquetia;Lamquetia marshi;Doryctinae_South_America;Zaldivar-Riverón et al. 2008
Leluthia_flavocoxalis;Eukaryota;Arthropoda;Insecta;Braconidae;Doryctinae;Leluthia;Leluthia flavocoxalis;Doryctinae_South_America;Jasso-Martínez et al. 2022
Lissopsius_jaliscoensis;Eukaryota;Arthropoda;Insecta;Braconidae;Doryctinae;Lissopsius;Lissopsius jaliscoensis;Doryctinae_South_America;Jasso-Martínez et al. 2022
Lissopsius_pacificus;Eukaryota;Arthropoda;Insecta;Braconidae;Doryctinae;Lissopsius;Lissopsius pacificus;Doryctinae_South_America;Jasso-Martínez et al. 2022
Mexiare_toledoi;Eukaryota;Arthropoda;Insecta;Braconidae;Doryctinae;Mexiare;Mexiare toledoi;Doryctinae_South_America;Belokobylskij et al. 2015
Monitoriella_elongata;Eukaryota;Arthropoda;Insecta;Braconidae;Hormiinae;Monitoriella;Monitoriella elongata;Doryctinae_South_America;Jasso-Martínez et al. 2022
Mononeuron_duguetiae;Eukaryota;Arthropoda;Insecta;Braconidae;Doryctinae;Mononeuron;Mononeuron duguetiae;Doryctinae_South_America;Jasso-Martínez et al. 2022
Neoheterospilus_chamelae;Eukaryota;Arthropoda;Insecta;Braconidae;Doryctinae;Neoheterospilus;Neoheterospilus chamelae;Doryctinae_South_America;Belokobylskij 2006
Notiospathius_angustus;Eukaryota;Arthropoda;Insecta;Braconidae;Doryctinae;Notiospathius;Notiospathius angustus;Doryctinae_South_America;Jasso-Martínez et al. 2022
Notiospathius_ugaldei;Eukaryota;Arthropoda;Insecta;Braconidae;Doryctinae;Notiospathius;Notiospathius ugaldei;Doryctinae_South_America;Jasso-Martínez et al. 2022
Percnobracon_pampeanus;Eukaryota;Arthropoda;Insecta;Braconidae;Doryctinae;Percnobracon;Percnobracon pampeanus;Doryctinae_South_America;Jasso-Martínez et al. 2022
Percnobracon_witru;Eukaryota;Arthropoda;Insecta;Braconidae;Doryctinae;Percnobracon;Percnobracon witru;Doryctinae_South_America;Jasso-Martínez et al. 2022
Plesiopsenobolus_mesoamericanus;Eukaryota;Arthropoda;Insecta;Braconidae;Doryctinae;Plesiopsenobolus;Plesiopsenobolus mesoamericanus;Doryctinae_South_America;Jasso-Martínez et al. 2022
Plesiopsenobolus_tico;Eukaryota;Arthropoda;Insecta;Braconidae;Doryctinae;Plesiopsenobolus;Plesiopsenobolus tico;Doryctinae_South_America;Jasso-Martínez et al. 2022
Polystenus_rugosus;Eukaryota;Arthropoda;Insecta;Braconidae;Doryctinae;Polystenus;Polystenus rugosus;Doryctinae_South_America;Zaldivar-Riverón et al. 2008
Sabinita_mexicana;Eukaryota;Arthropoda;Insecta;Braconidae;Doryctinae;Sabinita;Sabinita mexicana;Doryctinae_South_America;Jasso-Martínez et al. 2022
Allurus_lituratus;Eukaryota;Arthropoda;Insecta;Braconidae;Euphorinae;Allurus;Allurus lituratus;Euphorinae;
Allurus_muricatus;Eukaryota;Arthropoda;Insecta;Braconidae;Euphorinae;Allurus;Allurus muricatus;Euphorinae;
Aridelus_egregius;Eukaryota;Arthropoda;Insecta;Braconidae;Euphorinae;Aridelus;Aridelus egregius;Euphorinae;
Aridelus_rufotestaceus;Eukaryota;Arthropoda;Insecta;Braconidae;Euphorinae;Aridelus;Aridelus rufotestaceus;Euphorinae;
Asiacentistes_alekseevi;Eukaryota;Arthropoda;Insecta;Braconidae;Euphorinae;Asiacentistes;Asiacentistes alekseevi;Euphorinae;
Centistes_ater;Eukaryota;Arthropoda;Insecta;Braconidae;Euphorinae;Centistes;Centistes ater;Euphorinae;
Centistes_chaetopygidium;Eukaryota;Arthropoda;Insecta;Braconidae;Euphorinae;Centistes;Centistes chaetopygidium;Euphorinae;
Centistes_cuspidatus;Eukaryota;Arthropoda;Insecta;Braconidae;Euphorinae;Centistes;Centistes cuspidatus;Euphorinae;
Centistes_ludius;Eukaryota;Arthropoda;Insecta;Braconidae;Euphorinae;Centistes;Centistes ludius;Euphorinae;
Centistes_venyukovi;Eukaryota;Arthropoda;Insecta;Braconidae;Euphorinae;Centistes;Centistes venyukovi;Euphorinae;
Cosmophorus_klugi;Eukaryota;Arthropoda;Insecta;Braconidae;Euphorinae;Cosmophorus;Cosmophorus klugi;Euphorinae;
Dinocampus_coccinellae;Eukaryota;Arthropoda;Insecta;Braconidae;Euphorinae;Dinocampus;Dinocampus coccinellae;Euphorinae;
Ecclitura_primoris;Eukaryota;Arthropoda;Insecta;Braconidae;Euphorinae;Ecclitura;Ecclitura primoris;Euphorinae;
Mama_mariae;Eukaryota;Arthropoda;Insecta;Braconidae;Euphorinae;Mama;Mama mariae;Euphorinae;
Marshiella_bobella;Eukaryota;Arthropoda;Insecta;Braconidae;Euphorinae;Marshiella;Marshiella bobella;Euphorinae;
Meteorus_abdominator;Eukaryota;Arthropoda;Insecta;Braconidae;Meteorinae;Meteorus;Meteorus abdominator;Euphorinae;Jasso-Martínez et al. 2022
Meteorus_abscissus;Eukaryota;Arthropoda;Insecta;Braconidae;Meteorinae;Meteorus;Meteorus abscissus;Euphorinae;Jasso-Martínez et al. 2022
Meteorus_acerbiavorus;Eukaryota;Arthropoda;Insecta;Braconidae;Meteorinae;Meteorus;Meteorus acerbiavorus;Euphorinae;Jasso-Martínez et al. 2022
Meteorus_affinis;Eukaryota;Arthropoda;Insecta;Braconidae;Meteorinae;Meteorus;Meteorus affinis;Euphorinae;Jasso-Martínez et al. 2022
Meteorus_cespitator;Eukaryota;Arthropoda;Insecta;Braconidae;Meteorinae;Meteorus;Meteorus cespitator;Euphorinae;Jasso-Martínez et al. 2022
Meteorus_cinctellus;Eukaryota;Arthropoda;Insecta;Braconidae;Meteorinae;Meteorus;Meteorus cinctellus;Euphorinae;Jasso-Martínez et al. 2022
Meteorus_cis;Eukaryota;Arthropoda;Insecta;Braconidae;Meteorinae;Meteorus;Meteorus cis;Euphorinae;Jasso-Martínez et al. 2022
Meteorus_colon;Eukaryota;Arthropoda;Insecta;Braconidae;Meteorinae;Meteorus;Meteorus colon;Euphorinae;Jasso-Martínez et al. 2022
Meteorus_consimilis;Eukaryota;Arthropoda;Insecta;Braconidae;Meteorinae;Meteorus;Meteorus consimilis;Euphorinae;Jasso-Martínez et al. 2022
Meteorus_corax;Eukaryota;Arthropoda;Insecta;Braconidae;Meteorinae;Meteorus;Meteorus corax;Euphorinae;Jasso-Martínez et al. 2022
Meteorus_filator;Eukaryota;Arthropoda;Insecta;Braconidae;Meteorinae;Meteorus;Meteorus filator;Euphorinae;Jasso-Martínez et al. 2022
Meteorus_gigas;Eukaryota;Arthropoda;Insecta;Braconidae;Meteorinae;Meteorus;Meteorus gigas;Euphorinae;Jasso-Martínez et al. 2022
Meteorus_hirsutipes;Eukaryota;Arthropoda;Insecta;Braconidae;Meteorinae;Meteorus;Meteorus hirsutipes;Euphorinae;Jasso-Martínez et al. 2022
Meteorus_ictericus;Eukaryota;Arthropoda;Insecta;Braconidae;Meteorinae;Meteorus;Meteorus ictericus;Euphorinae;Jasso-Martínez et al. 2022
Meteorus_jaculator;Eukaryota;Arthropoda;Insecta;Braconidae;Meteorinae;Meteorus;Meteorus jaculator;Euphorinae;Jasso-Martínez et al. 2022
Meteorus_kyushuensis;Eukaryota;Arthropoda;Insecta;Braconidae;Meteorinae;Meteorus;Meteorus kyushuensis;Euphorinae;Jasso-Martínez et al. 2022
Meteorus_limbatus;Eukaryota;Arthropoda;Insecta;Braconidae;Meteorinae;Meteorus;Meteorus limbatus;Euphorinae;Jasso-Martínez et al. 2022
Meteorus_longicaudis;Eukaryota;Arthropoda;Insecta;Braconidae;Meteorinae;Meteorus;Meteorus longicaudis;Euphorinae;Jasso-Martínez et al. 2022
Meteorus_micropterus;Eukaryota;Arthropoda;Insecta;Braconidae;Meteorinae;Meteorus;Meteorus micropterus;Euphorinae;Jasso-Martínez et al. 2022
Meteorus_obfuscatus;Eukaryota;Arthropoda;Insecta;Braconidae;Meteorinae;Meteorus;Meteorus obfuscatus;Euphorinae;Jasso-Martínez et al. 2022
Meteorus_obsoletus;Eukaryota;Arthropoda;Insecta;Braconidae;Meteorinae;Meteorus;Meteorus obsoletus;Euphorinae;Jasso-Martínez et al. 2022
Meteorus_oculatus;Eukaryota;Arthropoda;Insecta;Braconidae;Meteorinae;Meteorus;Meteorus oculatus;Euphorinae;Jasso-Martínez et al. 2022
Meteorus_pendulus;Eukaryota;Arthropoda;Insecta;Braconidae;Meteorinae;Meteorus;Meteorus pendulus;Euphorinae;Jasso-Martínez et al. 2022
Meteorus_pulchricornis;Eukaryota;Arthropoda;Insecta;Braconidae;Meteorinae;Meteorus;Meteorus pulchricornis;Euphorinae;Jasso-Martínez et al. 2022
Meteorus_rubens;Eukaryota;Arthropoda;Insecta;Braconidae;Meteorinae;Meteorus;Meteorus rubens;Euphorinae;Jasso-Martínez et al. 2022
Meteorus_ruficeps;Eukaryota;Arthropoda;Insecta;Braconidae;Meteorinae;Meteorus;Meteorus ruficeps;Euphorinae;Jasso-Martínez et al. 2022
Meteorus_sulcatus;Eukaryota;Arthropoda;Insecta;Braconidae;Meteorinae;Meteorus;Meteorus sulcatus;Euphorinae;Jasso-Martínez et al. 2022
Meteorus_tabidus;Eukaryota;Arthropoda;Insecta;Braconidae;Meteorinae;Meteorus;Meteorus tabidus;Euphorinae;Jasso-Martínez et al. 2022
Meteorus_tenellus;Eukaryota;Arthropoda;Insecta;Braconidae;Meteorinae;Meteorus;Meteorus tenellus;Euphorinae;Jasso-Martínez et al. 2022
Meteorus_trachynotus;Eukaryota;Arthropoda;Insecta;Braconidae;Meteorinae;Meteorus;Meteorus trachynotus;Euphorinae;Jasso-Martínez et al. 2022
Meteorus_versicolor;Eukaryota;Arthropoda;Insecta;Braconidae;Meteorinae;Meteorus;Meteorus versicolor;Euphorinae;Jasso-Martínez et al. 2022
Meteorus_vexator;Eukaryota;Arthropoda;Insecta;Braconidae;Meteorinae;Meteorus;Meteorus vexator;Euphorinae;Jasso-Martínez et al. 2022
Microctonus_aethiopoides;Eukaryota;Arthropoda;Insecta;Braconidae;Euphorinae;Microctonus;Microctonus aethiopoides;Euphorinae;
Microctonus_hyperodae;Eukaryota;Arthropoda;Insecta;Braconidae;Euphorinae;Microctonus;Microctonus hyperodae;Euphorinae;
Microctonus_zealandicus;Eukaryota;Arthropoda;Insecta;Braconidae;Euphorinae;Microctonus;Microctonus zealandicus;Euphorinae;
Myiocephalus_boops;Eukaryota;Arthropoda;Insecta;Braconidae;Euphorinae;Myiocephalus;Myiocephalus boops;Euphorinae;
Orionis_eximius;Eukaryota;Arthropoda;Insecta;Braconidae;Euphorinae;Orionis;Orionis eximius;Euphorinae;
Perilitus_coxator;Eukaryota;Arthropoda;Insecta;Braconidae;Euphorinae;Orionis;Perilitus coxator;Euphorinae;
Perilitus_flavifacies;Eukaryota;Arthropoda;Insecta;Braconidae;Euphorinae;Orionis;Perilitus flavifacies;Euphorinae;
Perilitus_falciger;Eukaryota;Arthropoda;Insecta;Braconidae;Euphorinae;Perilitus;Perilitus falciger;Euphorinae;
Plynops_hansoni;Eukaryota;Arthropoda;Insecta;Braconidae;Meteorinae;Plynops;Plynops hansoni;Euphorinae;Jasso-Martínez et al. 2022
Pygostolus_falcatus;Eukaryota;Arthropoda;Insecta;Braconidae;Euphorinae;Pygostolus;Pygostolus falcatus;Euphorinae;
Pygostolus_sticticus;Eukaryota;Arthropoda;Insecta;Braconidae;Euphorinae;Pygostolus;Pygostolus sticticus;Euphorinae;
Ropalophorus_clavicornis;Eukaryota;Arthropoda;Insecta;Braconidae;Euphorinae;Ropalophorus;Ropalophorus clavicornis;Euphorinae;
Spathicopis_flavocephala;Eukaryota;Arthropoda;Insecta;Braconidae;Euphorinae;Spathicopis;Spathicopis flavocephala;Euphorinae;
Streblocera_carinata;Eukaryota;Arthropoda;Insecta;Braconidae;Euphorinae;Streblocera;Streblocera carinata;Euphorinae;
Streblocera_dayuensis;Eukaryota;Arthropoda;Insecta;Braconidae;Euphorinae;Streblocera;Streblocera dayuensis;Euphorinae;
Streblocera_flaviceps;Eukaryota;Arthropoda;Insecta;Braconidae;Euphorinae;Streblocera;Streblocera flaviceps;Euphorinae;
Streblocera_longiscapha;Eukaryota;Arthropoda;Insecta;Braconidae;Euphorinae;Streblocera;Streblocera longiscapha;Euphorinae;
Streblocera_major;Eukaryota;Arthropoda;Insecta;Braconidae;Euphorinae;Streblocera;Streblocera major;Euphorinae;
Syntretus_falcifer;Eukaryota;Arthropoda;Insecta;Braconidae;Euphorinae;Syntretus;Syntretus falcifer;Euphorinae;
Syntretus_fuscivalvis;Eukaryota;Arthropoda;Insecta;Braconidae;Euphorinae;Syntretus;Syntretus fuscivalvis;Euphorinae;
Syntretus_idalius;Eukaryota;Arthropoda;Insecta;Braconidae;Euphorinae;Syntretus;Syntretus idalius;Euphorinae;
Syntretus_komarovi;Eukaryota;Arthropoda;Insecta;Braconidae;Euphorinae;Syntretus;Syntretus komarovi;Euphorinae;
Syntretus_taegeri;Eukaryota;Arthropoda;Insecta;Braconidae;Euphorinae;Syntretus;Syntretus taegeri;Euphorinae;
Syntretus_zuijleni;Eukaryota;Arthropoda;Insecta;Braconidae;Euphorinae;Syntretus;Syntretus zuijleni;Euphorinae;
Townesilitus_deceptor;Eukaryota;Arthropoda;Insecta;Braconidae;Euphorinae;Townesilitus;Townesilitus deceptor;Euphorinae;
Tuberidelus_flavicephalus;Eukaryota;Arthropoda;Insecta;Braconidae;Euphorinae;Tuberidelus;Tuberidelus flavicephalus;Euphorinae;
Zele_albiditarsus;Eukaryota;Arthropoda;Insecta;Braconidae;Zeleinae;Zele;Zele albiditarsus;Euphorinae;Jasso-Martínez et al. 2022
Zele_caligatus;Eukaryota;Arthropoda;Insecta;Braconidae;Zeleinae;Zele;Zele caligatus;Euphorinae;Jasso-Martínez et al. 2022
Zele_chlorophthalmus;Eukaryota;Arthropoda;Insecta;Braconidae;Zeleinae;Zele;Zele chlorophthalmus;Euphorinae;Jasso-Martínez et al. 2022
Zele_deceptor;Eukaryota;Arthropoda;Insecta;Braconidae;Zeleinae;Zele;Zele deceptor;Euphorinae;Jasso-Martínez et al. 2022
Zele_niveitarsis;Eukaryota;Arthropoda;Insecta;Braconidae;Zeleinae;Zele;Zele niveitarsis;Euphorinae;Jasso-Martínez et al. 2022
Shawiana_lapponica;Eukaryota;Arthropoda;Insecta;Braconidae;Exothecinae;Shawiana;Shawiana lapponica;Exothecinae;
Xenarcha_abnormis;Eukaryota;Arthropoda;Insecta;Braconidae;Exothecinae;Xenarcha;Xenarcha abnormis;Exothecinae;
Austrohelcon_inornatus;Eukaryota;Arthropoda;Insecta;Braconidae;Helconinae;Austrohelcon;Austrohelcon inornatus;Helconinae;
Baeacis_abietis;Eukaryota;Arthropoda;Insecta;Braconidae;Helconinae;Baeacis;Baeacis abietis;Helconinae;
Eumacrocentrus_americanus;Eukaryota;Arthropoda;Insecta;Braconidae;Helconinae;Eumacrocentrus;Eumacrocentrus americanus;Helconinae;
Helcon_angustator;Eukaryota;Arthropoda;Insecta;Braconidae;Helconinae;Helcon;Helcon angustator;Helconinae;
Helcon_tardator;Eukaryota;Arthropoda;Insecta;Braconidae;Helconinae;Helcon;Helcon tardator;Helconinae;
Helcon_texanus;Eukaryota;Arthropoda;Insecta;Braconidae;Helconinae;Helcon;Helcon texanus;Helconinae;
Ussurohelcon_nigricornis;Eukaryota;Arthropoda;Insecta;Braconidae;Helconinae;Ussurohelcon;Ussurohelcon nigricornis;Helconinae;
Wroughtonia_ligator;Eukaryota;Arthropoda;Insecta;Braconidae;Helconinae;Wroughtonia;Wroughtonia ligator;Helconinae;
Homolobus_fuscinervis;Eukaryota;Arthropoda;Insecta;Braconidae;Homolobinae;Homolobus;Homolobus fuscinervis;Homolobinae;
Homolobus_palidistigmus;Eukaryota;Arthropoda;Insecta;Braconidae;Homolobinae;Homolobus;Homolobus palidistigmus;Homolobinae;
Hormius_moniliatus;Eukaryota;Arthropoda;Insecta;Braconidae;Hormiinae;Hormius;Hormius moniliatus;Hormiinae;
Ichneutes_lapponicus;Eukaryota;Arthropoda;Insecta;Braconidae;Ichneutinae;Ichneutes;Ichneutes lapponicus;Ichneutinae;
Aulacocentrum_pedicellatum;Eukaryota;Arthropoda;Insecta;Braconidae;Macrocentrinae;Aulacocentrum;Aulacocentrum pedicellatum;Macrocentrinae;
Macrocentrus_camphoraphilus;Eukaryota;Arthropoda;Insecta;Braconidae;Macrocentrinae;Macrocentrus;Macrocentrus camphoraphilus;Macrocentrinae;
Macrocentrus_cingulum;Eukaryota;Arthropoda;Insecta;Braconidae;Macrocentrinae;Macrocentrus;Macrocentrus cingulum;Macrocentrinae;
Macrocentrus_sylvestrellae;Eukaryota;Arthropoda;Insecta;Braconidae;Macrocentrinae;Macrocentrus;Macrocentrus sylvestrellae;Macrocentrinae;
Maxfischeria_tricolor;Eukaryota;Arthropoda;Insecta;Braconidae;Maxfischeriinae;Maxfischeria;Maxfischeria tricolor;Mesostoinae_s_str;
Mesostoa_kerri;Eukaryota;Arthropoda;Insecta;Braconidae;Mesostoinae;Mesostoa;Mesostoa kerri;Mesostoinae_s_str;
Alphomelon_disputabile;Eukaryota;Arthropoda;Insecta;Braconidae;Microgastrinae;Alphomelon;Alphomelon disputabile;Microgastrinae;
Alphomelon_melanoscelis;Eukaryota;Arthropoda;Insecta;Braconidae;Microgastrinae;Alphomelon;Alphomelon melanoscelis;Microgastrinae;
Alphomelon_nanosoma;Eukaryota;Arthropoda;Insecta;Braconidae;Microgastrinae;Alphomelon;Alphomelon nanosoma;Microgastrinae;
Alphomelon_nigriceps;Eukaryota;Arthropoda;Insecta;Braconidae;Microgastrinae;Alphomelon;Alphomelon nigriceps;Microgastrinae;
Alphomelon_talidicida;Eukaryota;Arthropoda;Insecta;Braconidae;Microgastrinae;Alphomelon;Alphomelon talidicida;Microgastrinae;
Apanteles_alexanderi;Eukaryota;Arthropoda;Insecta;Braconidae;Microgastrinae;Apanteles;Apanteles alexanderi;Microgastrinae;
Apanteles_bisulcatus;Eukaryota;Arthropoda;Insecta;Braconidae;Microgastrinae;Apanteles;Apanteles bisulcatus;Microgastrinae;
Apanteles_brunnistigma;Eukaryota;Arthropoda;Insecta;Braconidae;Microgastrinae;Apanteles;Apanteles brunnistigma;Microgastrinae;
Apanteles_carpatus;Eukaryota;Arthropoda;Insecta;Braconidae;Microgastrinae;Apanteles;Apanteles carpatus;Microgastrinae;
Apanteles_conanchetorum;Eukaryota;Arthropoda;Insecta;Braconidae;Microgastrinae;Apanteles;Apanteles conanchetorum;Microgastrinae;
Apanteles_cypris;Eukaryota;Arthropoda;Insecta;Braconidae;Microgastrinae;Apanteles;Apanteles cypris;Microgastrinae;
Apanteles_deplanatus;Eukaryota;Arthropoda;Insecta;Braconidae;Microgastrinae;Apanteles;Apanteles deplanatus;Microgastrinae;
Apanteles_ensiger;Eukaryota;Arthropoda;Insecta;Braconidae;Microgastrinae;Apanteles;Apanteles ensiger;Microgastrinae;
Apanteles_feltiae;Eukaryota;Arthropoda;Insecta;Braconidae;Microgastrinae;Apanteles;Apanteles feltiae;Microgastrinae;
Apanteles_fumiferanae;Eukaryota;Arthropoda;Insecta;Braconidae;Microgastrinae;Apanteles;Apanteles fumiferanae;Microgastrinae;
Apanteles_fuscivorus;Eukaryota;Arthropoda;Insecta;Braconidae;Microgastrinae;Apanteles;Apanteles fuscivorus;Microgastrinae;
Apanteles_galleriae;Eukaryota;Arthropoda;Insecta;Braconidae;Microgastrinae;Apanteles;Apanteles galleriae;Microgastrinae;
Apanteles_ippeus;Eukaryota;Arthropoda;Insecta;Braconidae;Microgastrinae;Apanteles;Apanteles ippeus;Microgastrinae;
Apanteles_javensis;Eukaryota;Arthropoda;Insecta;Braconidae;Microgastrinae;Apanteles;Apanteles javensis;Microgastrinae;
Apanteles_kubensis;Eukaryota;Arthropoda;Insecta;Braconidae;Microgastrinae;Apanteles;Apanteles kubensis;Microgastrinae;
Apanteles_laricellae;Eukaryota;Arthropoda;Insecta;Braconidae;Microgastrinae;Apanteles;Apanteles laricellae;Microgastrinae;
Apanteles_lenea;Eukaryota;Arthropoda;Insecta;Braconidae;Microgastrinae;Apanteles;Apanteles lenea;Microgastrinae;
Apanteles_lyridice;Eukaryota;Arthropoda;Insecta;Braconidae;Microgastrinae;Apanteles;Apanteles lyridice;Microgastrinae;
Apanteles_masmithi;Eukaryota;Arthropoda;Insecta;Braconidae;Microgastrinae;Apanteles;Apanteles masmithi;Microgastrinae;
Apanteles_milleri;Eukaryota;Arthropoda;Insecta;Braconidae;Microgastrinae;Apanteles;Apanteles milleri;Microgastrinae;
Apanteles_morrisi;Eukaryota;Arthropoda;Insecta;Braconidae;Microgastrinae;Apanteles;Apanteles morrisi;Microgastrinae;
Apanteles_obscurus;Eukaryota;Arthropoda;Insecta;Braconidae;Microgastrinae;Apanteles;Apanteles obscurus;Microgastrinae;
Apanteles_petrovae;Eukaryota;Arthropoda;Insecta;Braconidae;Microgastrinae;Apanteles;Apanteles petrovae;Microgastrinae;
Apanteles_phycodis;Eukaryota;Arthropoda;Insecta;Braconidae;Microgastrinae;Apanteles;Apanteles phycodis;Microgastrinae;
Apanteles_polychrosidis;Eukaryota;Arthropoda;Insecta;Braconidae;Microgastrinae;Apanteles;Apanteles polychrosidis;Microgastrinae;
Apanteles_samarshalli;Eukaryota;Arthropoda;Insecta;Braconidae;Microgastrinae;Apanteles;Apanteles samarshalli;Microgastrinae;
Apanteles_subandinus;Eukaryota;Arthropoda;Insecta;Braconidae;Microgastrinae;Apanteles;Apanteles subandinus;Microgastrinae;
Apanteles_xanthostigma;Eukaryota;Arthropoda;Insecta;Braconidae;Microgastrinae;Apanteles;Apanteles xanthostigma;Microgastrinae;
Choeras_consimilis;Eukaryota;Arthropoda;Insecta;Braconidae;Microgastrinae;Choeras;Choeras consimilis;Microgastrinae;
Choeras_suffolciensis;Eukaryota;Arthropoda;Insecta;Braconidae;Microgastrinae;Choeras;Choeras suffolciensis;Microgastrinae;
Cotesia_abjecta;Eukaryota;Arthropoda;Insecta;Braconidae;Microgastrinae;Cotesia;Cotesia abjecta;Microgastrinae;
Cotesia_acuminata;Eukaryota;Arthropoda;Insecta;Braconidae;Microgastrinae;Cotesia;Cotesia acuminata;Microgastrinae;
Cotesia_astrarches;Eukaryota;Arthropoda;Insecta;Braconidae;Microgastrinae;Cotesia;Cotesia astrarches;Microgastrinae;
Cotesia_atalantae;Eukaryota;Arthropoda;Insecta;Braconidae;Microgastrinae;Cotesia;Cotesia atalantae;Microgastrinae;
Cotesia_ayerza;Eukaryota;Arthropoda;Insecta;Braconidae;Microgastrinae;Cotesia;Cotesia ayerza;Microgastrinae;
Cotesia_brevicornis;Eukaryota;Arthropoda;Insecta;Braconidae;Microgastrinae;Cotesia;Cotesia brevicornis;Microgastrinae;
Cotesia_chilonis;Eukaryota;Arthropoda;Insecta;Braconidae;Microgastrinae;Cotesia;Cotesia chilonis;Microgastrinae;
Cotesia_congregata;Eukaryota;Arthropoda;Insecta;Braconidae;Microgastrinae;Cotesia;Cotesia congregata;Microgastrinae;
Cotesia_crambi;Eukaryota;Arthropoda;Insecta;Braconidae;Microgastrinae;Cotesia;Cotesia crambi;Microgastrinae;
Cotesia_cuprea;Eukaryota;Arthropoda;Insecta;Braconidae;Microgastrinae;Cotesia;Cotesia cuprea;Microgastrinae;
Cotesia_diversa;Eukaryota;Arthropoda;Insecta;Braconidae;Microgastrinae;Cotesia;Cotesia diversa;Microgastrinae;
Cotesia_eunomiae;Eukaryota;Arthropoda;Insecta;Braconidae;Microgastrinae;Cotesia;Cotesia eunomiae;Microgastrinae;
Cotesia_flavipes;Eukaryota;Arthropoda;Insecta;Braconidae;Microgastrinae;Cotesia;Cotesia flavipes;Microgastrinae;
Cotesia_glabrata;Eukaryota;Arthropoda;Insecta;Braconidae;Microgastrinae;Cotesia;Cotesia glabrata;Microgastrinae;
Cotesia_glomerata;Eukaryota;Arthropoda;Insecta;Braconidae;Microgastrinae;Cotesia;Cotesia glomerata;Microgastrinae;
Cotesia_hallii;Eukaryota;Arthropoda;Insecta;Braconidae;Microgastrinae;Cotesia;Cotesia hallii;Microgastrinae;
Cotesia_halli;Eukaryota;Arthropoda;Insecta;Braconidae;Microgastrinae;Cotesia;Cotesia hallii;Microgastrinae;
Cotesia_inducta;Eukaryota;Arthropoda;Insecta;Braconidae;Microgastrinae;Cotesia;Cotesia inducta;Microgastrinae;
Cotesia_isolde;Eukaryota;Arthropoda;Insecta;Braconidae;Microgastrinae;Cotesia;Cotesia isolde;Microgastrinae;
Cotesia_jucunda;Eukaryota;Arthropoda;Insecta;Braconidae;Microgastrinae;Cotesia;Cotesia jucunda;Microgastrinae;
Cotesia_kariyai;Eukaryota;Arthropoda;Insecta;Braconidae;Microgastrinae;Cotesia;Cotesia kariyai;Microgastrinae;
Cotesia_kazak;Eukaryota;Arthropoda;Insecta;Braconidae;Microgastrinae;Cotesia;Cotesia kazak;Microgastrinae;
Cotesia_kurdjumovi;Eukaryota;Arthropoda;Insecta;Braconidae;Microgastrinae;Cotesia;Cotesia kurdjumovi;Microgastrinae;
Cotesia_lunata;Eukaryota;Arthropoda;Insecta;Braconidae;Microgastrinae;Cotesia;Cotesia lunata;Microgastrinae;
Cotesia_lycophron;Eukaryota;Arthropoda;Insecta;Braconidae;Microgastrinae;Cotesia;Cotesia lycophron;Microgastrinae;
Cotesia_marginiventris;Eukaryota;Arthropoda;Insecta;Braconidae;Microgastrinae;Cotesia;Cotesia marginiventris;Microgastrinae;
Cotesia_melitaearum;Eukaryota;Arthropoda;Insecta;Braconidae;Microgastrinae;Cotesia;Cotesia melitaearum;Microgastrinae;
Cotesia_ofella;Eukaryota;Arthropoda;Insecta;Braconidae;Microgastrinae;Cotesia;Cotesia ofella;Microgastrinae;
Cotesia_pieridis;Eukaryota;Arthropoda;Insecta;Braconidae;Microgastrinae;Cotesia;Cotesia pieridis;Microgastrinae;
Cotesia_pilicornis;Eukaryota;Arthropoda;Insecta;Braconidae;Microgastrinae;Cotesia;Cotesia pilicornis;Microgastrinae;
Cotesia_rubecula;Eukaryota;Arthropoda;Insecta;Braconidae;Microgastrinae;Cotesia;Cotesia rubecula;Microgastrinae;
Cotesia_ruficrus;Eukaryota;Arthropoda;Insecta;Braconidae;Microgastrinae;Cotesia;Cotesia ruficrus;Microgastrinae;
Cotesia_salebrosa;Eukaryota;Arthropoda;Insecta;Braconidae;Microgastrinae;Cotesia;Cotesia salebrosa;Microgastrinae;
Cotesia_saltatoria;Eukaryota;Arthropoda;Insecta;Braconidae;Microgastrinae;Cotesia;Cotesia saltatoria;Microgastrinae;
Cotesia_selenevora;Eukaryota;Arthropoda;Insecta;Braconidae;Microgastrinae;Cotesia;Cotesia selenevora;Microgastrinae;
Cotesia_sesamiae;Eukaryota;Arthropoda;Insecta;Braconidae;Microgastrinae;Cotesia;Cotesia sesamiae;Microgastrinae;
Cotesia_sibyllarum;Eukaryota;Arthropoda;Insecta;Braconidae;Microgastrinae;Cotesia;Cotesia sibyllarum;Microgastrinae;
Cotesia_smerinthi;Eukaryota;Arthropoda;Insecta;Braconidae;Microgastrinae;Cotesia;Cotesia smerinthi;Microgastrinae;
Cotesia_specularis;Eukaryota;Arthropoda;Insecta;Braconidae;Microgastrinae;Cotesia;Cotesia specularis;Microgastrinae;
Cotesia_spuria;Eukaryota;Arthropoda;Insecta;Braconidae;Microgastrinae;Cotesia;Cotesia spuria;Microgastrinae;
Cotesia_tenebrosa;Eukaryota;Arthropoda;Insecta;Braconidae;Microgastrinae;Cotesia;Cotesia tenebrosa;Microgastrinae;
Cotesia_tetrica;Eukaryota;Arthropoda;Insecta;Braconidae;Microgastrinae;Cotesia;Cotesia tetrica;Microgastrinae;
Cotesia_tibialis;Eukaryota;Arthropoda;Insecta;Braconidae;Microgastrinae;Cotesia;Cotesia tibialis;Microgastrinae;
Cotesia_urabae;Eukaryota;Arthropoda;Insecta;Braconidae;Microgastrinae;Cotesia;Cotesia urabae;Microgastrinae;
Cotesia_vanessae;Eukaryota;Arthropoda;Insecta;Braconidae;Microgastrinae;Cotesia;Cotesia vanessae;Microgastrinae;
Cotesia_vestalis;Eukaryota;Arthropoda;Insecta;Braconidae;Microgastrinae;Cotesia;Cotesia vestalis;Microgastrinae;
Cotesia_xylina;Eukaryota;Arthropoda;Insecta;Braconidae;Microgastrinae;Cotesia;Cotesia xylina;Microgastrinae;
Cotesia_yakutatensis;Eukaryota;Arthropoda;Insecta;Braconidae;Microgastrinae;Cotesia;Cotesia yakutatensis;Microgastrinae;
Cotesia_zygaenarum;Eukaryota;Arthropoda;Insecta;Braconidae;Microgastrinae;Cotesia;Cotesia zygaenarum;Microgastrinae;
Parapanteles_scotti;Eukaryota;Arthropoda;Insecta;Braconidae;Microgastrinae;Cotesia;Parapanteles scotti;Microgastrinae;
Diolcogaster_alvearia;Eukaryota;Arthropoda;Insecta;Braconidae;Microgastrinae;Diolcogaster;Diolcogaster alvearia;Microgastrinae;
Diolcogaster_auripes;Eukaryota;Arthropoda;Insecta;Braconidae;Microgastrinae;Diolcogaster;Diolcogaster auripes;Microgastrinae;
Diolcogaster_claritibia;Eukaryota;Arthropoda;Insecta;Braconidae;Microgastrinae;Diolcogaster;Diolcogaster claritibia;Microgastrinae;
Diolcogaster_facetosa;Eukaryota;Arthropoda;Insecta;Braconidae;Microgastrinae;Diolcogaster;Diolcogaster facetosa;Microgastrinae;
Diolcogaster_ippis;Eukaryota;Arthropoda;Insecta;Braconidae;Microgastrinae;Diolcogaster;Diolcogaster ippis;Microgastrinae;
Diolcogaster_meges;Eukaryota;Arthropoda;Insecta;Braconidae;Microgastrinae;Diolcogaster;Diolcogaster meges;Microgastrinae;
Diolcogaster_minuta;Eukaryota;Arthropoda;Insecta;Braconidae;Microgastrinae;Diolcogaster;Diolcogaster minuta;Microgastrinae;
Diolcogaster_perniciosa;Eukaryota;Arthropoda;Insecta;Braconidae;Microgastrinae;Diolcogaster;Diolcogaster perniciosa;Microgastrinae;
Diolcogaster_scotica;Eukaryota;Arthropoda;Insecta;Braconidae;Microgastrinae;Diolcogaster;Diolcogaster scotica;Microgastrinae;
Distatrix_papilionis;Eukaryota;Arthropoda;Insecta;Braconidae;Microgastrinae;Distatrix;Distatrix papilionis;Microgastrinae;
Distatrix_teapae;Eukaryota;Arthropoda;Insecta;Braconidae;Microgastrinae;Distatrix;Distatrix teapae;Microgastrinae;
Dolichogenidea_absona;Eukaryota;Arthropoda;Insecta;Braconidae;Microgastrinae;Dolichogenidea;Dolichogenidea absona;Microgastrinae;
Dolichogenidea_anarsiae;Eukaryota;Arthropoda;Insecta;Braconidae;Microgastrinae;Dolichogenidea;Dolichogenidea anarsiae;Microgastrinae;
Dolichogenidea_appellator;Eukaryota;Arthropoda;Insecta;Braconidae;Microgastrinae;Dolichogenidea;Dolichogenidea appellator;Microgastrinae;
Dolichogenidea_azovica;Eukaryota;Arthropoda;Insecta;Braconidae;Microgastrinae;Dolichogenidea;Dolichogenidea azovica;Microgastrinae;
Dolichogenidea_breviventris;Eukaryota;Arthropoda;Insecta;Braconidae;Microgastrinae;Dolichogenidea;Dolichogenidea breviventris;Microgastrinae;
Dolichogenidea_cacoeciae;Eukaryota;Arthropoda;Insecta;Braconidae;Microgastrinae;Dolichogenidea;Dolichogenidea cacoeciae;Microgastrinae;
Dolichogenidea_cerialis;Eukaryota;Arthropoda;Insecta;Braconidae;Microgastrinae;Dolichogenidea;Dolichogenidea cerialis;Microgastrinae;
Dolichogenidea_eucalypti;Eukaryota;Arthropoda;Insecta;Braconidae;Microgastrinae;Dolichogenidea;Dolichogenidea eucalypti;Microgastrinae;
Dolichogenidea_halidayi;Eukaryota;Arthropoda;Insecta;Braconidae;Microgastrinae;Dolichogenidea;Dolichogenidea halidayi;Microgastrinae;
Dolichogenidea_infima;Eukaryota;Arthropoda;Insecta;Braconidae;Microgastrinae;Dolichogenidea;Dolichogenidea infima;Microgastrinae;
Dolichogenidea_laspeyresiae;Eukaryota;Arthropoda;Insecta;Braconidae;Microgastrinae;Dolichogenidea;Dolichogenidea laspeyresiae;Microgastrinae;
Dolichogenidea_lineipes;Eukaryota;Arthropoda;Insecta;Braconidae;Microgastrinae;Dolichogenidea;Dolichogenidea lineipes;Microgastrinae;
Dolichogenidea_longicauda;Eukaryota;Arthropoda;Insecta;Braconidae;Microgastrinae;Dolichogenidea;Dolichogenidea longicauda;Microgastrinae;
Dolichogenidea_pallidalata;Eukaryota;Arthropoda;Insecta;Braconidae;Microgastrinae;Dolichogenidea;Dolichogenidea pallidalata;Microgastrinae;
Dolichogenidea_paralechiae;Eukaryota;Arthropoda;Insecta;Braconidae;Microgastrinae;Dolichogenidea;Dolichogenidea paralechiae;Microgastrinae;
Dolichogenidea_punctiger;Eukaryota;Arthropoda;Insecta;Braconidae;Microgastrinae;Dolichogenidea;Dolichogenidea punctiger;Microgastrinae;
Dolichogenidea_renaulti;Eukaryota;Arthropoda;Insecta;Braconidae;Microgastrinae;Dolichogenidea;Dolichogenidea renaulti;Microgastrinae;
Dolichogenidea_sicaria;Eukaryota;Arthropoda;Insecta;Braconidae;Microgastrinae;Dolichogenidea;Dolichogenidea sicaria;Microgastrinae;
Dolichogenidea_stantoni;Eukaryota;Arthropoda;Insecta;Braconidae;Microgastrinae;Dolichogenidea;Dolichogenidea stantoni;Microgastrinae;
Fornicia_ceylonica;Eukaryota;Arthropoda;Insecta;Braconidae;Microgastrinae;Fornicia;Fornicia ceylonica;Microgastrinae;
Glyptapanteles_aristolochiae;Eukaryota;Arthropoda;Insecta;Braconidae;Microgastrinae;Glyptapanteles;Glyptapanteles aristolochiae;Microgastrinae;
Glyptapanteles_compressiventris;Eukaryota;Arthropoda;Insecta;Braconidae;Microgastrinae;Glyptapanteles;Glyptapanteles compressiventris;Microgastrinae;
Glyptapanteles_liparidis;Eukaryota;Arthropoda;Insecta;Braconidae;Microgastrinae;Glyptapanteles;Glyptapanteles liparidis;Microgastrinae;
Hygroplitis_basarukini;Eukaryota;Arthropoda;Insecta;Braconidae;Microgastrinae;Hygroplitis;Hygroplitis basarukini;Microgastrinae;
Hygroplitis_melligaster;Eukaryota;Arthropoda;Insecta;Braconidae;Microgastrinae;Hygroplitis;Hygroplitis melligaster;Microgastrinae;
Hypomicrogaster_ecdytolophae;Eukaryota;Arthropoda;Insecta;Braconidae;Microgastrinae;Hypomicrogaster;Hypomicrogaster ecdytolophae;Microgastrinae;
Hypomicrogaster_ecus;Eukaryota;Arthropoda;Insecta;Braconidae;Microgastrinae;Hypomicrogaster;Hypomicrogaster ecus;Microgastrinae;
Hypomicrogaster_rugosus;Eukaryota;Arthropoda;Insecta;Braconidae;Microgastrinae;Hypomicrogaster;Hypomicrogaster rugosus;Microgastrinae;
Hypomicrogaster_zonaria;Eukaryota;Arthropoda;Insecta;Braconidae;Microgastrinae;Hypomicrogaster;Hypomicrogaster zonaria;Microgastrinae;
Iconella_britannica;Eukaryota;Arthropoda;Insecta;Braconidae;Microgastrinae;Iconella;Iconella britannica;Microgastrinae;
Larissimus_cassander;Eukaryota;Arthropoda;Insecta;Braconidae;Microgastrinae;Larissimus;Larissimus cassander;Microgastrinae;
Lathrapanteles_heleios;Eukaryota;Arthropoda;Insecta;Braconidae;Microgastrinae;Lathrapanteles;Lathrapanteles heleios;Microgastrinae;
Microgaster_australis;Eukaryota;Arthropoda;Insecta;Braconidae;Microgastrinae;Microgaster;Microgaster australis;Microgastrinae;
Microgaster_canadensis;Eukaryota;Arthropoda;Insecta;Braconidae;Microgastrinae;Microgaster;Microgaster canadensis;Microgastrinae;
Microgaster_deductor;Eukaryota;Arthropoda;Insecta;Braconidae;Microgastrinae;Microgaster;Microgaster deductor;Microgastrinae;
Microgaster_hospes;Eukaryota;Arthropoda;Insecta;Braconidae;Microgastrinae;Microgaster;Microgaster hospes;Microgastrinae;
Microgaster_meridiana;Eukaryota;Arthropoda;Insecta;Braconidae;Microgastrinae;Microgaster;Microgaster meridiana;Microgastrinae;
Microgaster_messoria;Eukaryota;Arthropoda;Insecta;Braconidae;Microgastrinae;Microgaster;Microgaster messoria;Microgastrinae;
Microgaster_nobilis;Eukaryota;Arthropoda;Insecta;Braconidae;Microgastrinae;Microgaster;Microgaster nobilis;Microgastrinae;
Microgaster_raschkiellae;Eukaryota;Arthropoda;Insecta;Braconidae;Microgastrinae;Microgaster;Microgaster raschkiellae;Microgastrinae;
Microgaster_subcompletus;Eukaryota;Arthropoda;Insecta;Braconidae;Microgastrinae;Microgaster;Microgaster subcompletus;Microgastrinae;
Microplitis_alaskensis;Eukaryota;Arthropoda;Insecta;Braconidae;Microgastrinae;Microplitis;Microplitis alaskensis;Microgastrinae;
Microplitis_autographae;Eukaryota;Arthropoda;Insecta;Braconidae;Microgastrinae;Microplitis;Microplitis autographae;Microgastrinae;
Microplitis_ceratomiae;Eukaryota;Arthropoda;Insecta;Braconidae;Microgastrinae;Microplitis;Microplitis ceratomiae;Microgastrinae;
Microplitis_croceipes;Eukaryota;Arthropoda;Insecta;Braconidae;Microgastrinae;Microplitis;Microplitis croceipes;Microgastrinae;
Microplitis_demolitor;Eukaryota;Arthropoda;Insecta;Braconidae;Microgastrinae;Microplitis;Microplitis demolitor;Microgastrinae;
Microplitis_eremitus;Eukaryota;Arthropoda;Insecta;Braconidae;Microgastrinae;Microplitis;Microplitis eremitus;Microgastrinae;
Microplitis_feltiae;Eukaryota;Arthropoda;Insecta;Braconidae;Microgastrinae;Microplitis;Microplitis feltiae;Microgastrinae;
Microplitis_fraudulentus;Eukaryota;Arthropoda;Insecta;Braconidae;Microgastrinae;Microplitis;Microplitis fraudulentus;Microgastrinae;
Microplitis_hyphantriae;Eukaryota;Arthropoda;Insecta;Braconidae;Microgastrinae;Microplitis;Microplitis hyphantriae;Microgastrinae;
Microplitis_kewleyi;Eukaryota;Arthropoda;Insecta;Braconidae;Microgastrinae;Microplitis;Microplitis kewleyi;Microgastrinae;
Microplitis_laticinctus;Eukaryota;Arthropoda;Insecta;Braconidae;Microgastrinae;Microplitis;Microplitis laticinctus;Microgastrinae;
Microplitis_lugubris;Eukaryota;Arthropoda;Insecta;Braconidae;Microgastrinae;Microplitis;Microplitis lugubris;Microgastrinae;
Microplitis_maculipennis;Eukaryota;Arthropoda;Insecta;Braconidae;Microgastrinae;Microplitis;Microplitis maculipennis;Microgastrinae;
Microplitis_mamestrae;Eukaryota;Arthropoda;Insecta;Braconidae;Microgastrinae;Microplitis;Microplitis mamestrae;Microgastrinae;
Microplitis_manilae;Eukaryota;Arthropoda;Insecta;Braconidae;Microgastrinae;Microplitis;Microplitis manilae;Microgastrinae;
Microplitis_mediator;Eukaryota;Arthropoda;Insecta;Braconidae;Microgastrinae;Microplitis;Microplitis mediator;Microgastrinae;
Microplitis_nigritus;Eukaryota;Arthropoda;Insecta;Braconidae;Microgastrinae;Microplitis;Microplitis nigritus;Microgastrinae;
Microplitis_plutellae;Eukaryota;Arthropoda;Insecta;Braconidae;Microgastrinae;Microplitis;Microplitis plutellae;Microgastrinae;
Microplitis_ratzeburgii;Eukaryota;Arthropoda;Insecta;Braconidae;Microgastrinae;Microplitis;Microplitis ratzeburgii;Microgastrinae;
Microplitis_spinolae;Eukaryota;Arthropoda;Insecta;Braconidae;Microgastrinae;Microplitis;Microplitis spinolae;Microgastrinae;
Microplitis_tristis;Eukaryota;Arthropoda;Insecta;Braconidae;Microgastrinae;Microplitis;Microplitis tristis;Microgastrinae;
Microplitis_varicolor;Eukaryota;Arthropoda;Insecta;Braconidae;Microgastrinae;Microplitis;Microplitis varicolor;Microgastrinae;
Microplitis_xanthopus;Eukaryota;Arthropoda;Insecta;Braconidae;Microgastrinae;Microplitis;Microplitis xanthopus;Microgastrinae;
Apanteles_hyposidrae;Eukaryota;Arthropoda;Insecta;Braconidae;Microgastrinae;Parapanteles;Apanteles hyposidrae;Microgastrinae;
Parapanteles_complexus;Eukaryota;Arthropoda;Insecta;Braconidae;Microgastrinae;Parapanteles;Parapanteles complexus;Microgastrinae;
Parapanteles_continua;Eukaryota;Arthropoda;Insecta;Braconidae;Microgastrinae;Parapanteles;Parapanteles continua;Microgastrinae;
Parapanteles_em;Eukaryota;Arthropoda;Insecta;Braconidae;Microgastrinae;Parapanteles;Parapanteles em;Microgastrinae;
Parapanteles_gerontogeae;Eukaryota;Arthropoda;Insecta;Braconidae;Microgastrinae;Parapanteles;Parapanteles gerontogeae;Microgastrinae;
Parapanteles_mariae;Eukaryota;Arthropoda;Insecta;Braconidae;Microgastrinae;Parapanteles;Parapanteles mariae;Microgastrinae;
Parapanteles_polus;Eukaryota;Arthropoda;Insecta;Braconidae;Microgastrinae;Parapanteles;Parapanteles polus;Microgastrinae;
Parapanteles_tessares;Eukaryota;Arthropoda;Insecta;Braconidae;Microgastrinae;Parapanteles;Parapanteles tessares;Microgastrinae;
Paroplitis_wesmaeli;Eukaryota;Arthropoda;Insecta;Braconidae;Microgastrinae;Paroplitis;Paroplitis wesmaeli;Microgastrinae;
Philoplitis_striatus;Eukaryota;Arthropoda;Insecta;Braconidae;Microgastrinae;Philoplitis;Philoplitis striatus;Microgastrinae;
Pholetesor_bedelliae;Eukaryota;Arthropoda;Insecta;Braconidae;Microgastrinae;Pholetesor;Pholetesor bedelliae;Microgastrinae;
Pholetesor_circumscriptus;Eukaryota;Arthropoda;Insecta;Braconidae;Microgastrinae;Pholetesor;Pholetesor circumscriptus;Microgastrinae;
Pholetesor_laetus;Eukaryota;Arthropoda;Insecta;Braconidae;Microgastrinae;Pholetesor;Pholetesor laetus;Microgastrinae;
Pholetesor_nanus;Eukaryota;Arthropoda;Insecta;Braconidae;Microgastrinae;Pholetesor;Pholetesor nanus;Microgastrinae;
Pholetesor_ornigis;Eukaryota;Arthropoda;Insecta;Braconidae;Microgastrinae;Pholetesor;Pholetesor ornigis;Microgastrinae;
Pholetesor_phaetusa;Eukaryota;Arthropoda;Insecta;Braconidae;Microgastrinae;Pholetesor;Pholetesor phaetusa;Microgastrinae;
Pholetesor_salicifoliellae;Eukaryota;Arthropoda;Insecta;Braconidae;Microgastrinae;Pholetesor;Pholetesor salicifoliellae;Microgastrinae;
Prasmodon_eminens;Eukaryota;Arthropoda;Insecta;Braconidae;Microgastrinae;Prasmodon;Prasmodon eminens;Microgastrinae;
Prasmodon_zlotnicki;Eukaryota;Arthropoda;Insecta;Braconidae;Microgastrinae;Prasmodon;Prasmodon zlotnicki;Microgastrinae;
Protapanteles_alaskensis;Eukaryota;Arthropoda;Insecta;Braconidae;Microgastrinae;Protapanteles;Protapanteles alaskensis;Microgastrinae;
Protapanteles_anchisiades;Eukaryota;Arthropoda;Insecta;Braconidae;Microgastrinae;Protapanteles;Protapanteles anchisiades;Microgastrinae;
Protapanteles_fulvipes;Eukaryota;Arthropoda;Insecta;Braconidae;Microgastrinae;Protapanteles;Protapanteles fulvipes;Microgastrinae;
Protapanteles_hirtariae;Eukaryota;Arthropoda;Insecta;Braconidae;Microgastrinae;Protapanteles;Protapanteles hirtariae;Microgastrinae;
Protapanteles_immunis;Eukaryota;Arthropoda;Insecta;Braconidae;Microgastrinae;Protapanteles;Protapanteles immunis;Microgastrinae;
Protapanteles_lateralis;Eukaryota;Arthropoda;Insecta;Braconidae;Microgastrinae;Protapanteles;Protapanteles lateralis;Microgastrinae;
Protapanteles_pallipes;Eukaryota;Arthropoda;Insecta;Braconidae;Microgastrinae;Protapanteles;Protapanteles pallipes;Microgastrinae;
Pseudapanteles_gouleti;Eukaryota;Arthropoda;Insecta;Braconidae;Microgastrinae;Pseudapanteles;Pseudapanteles gouleti;Microgastrinae;
Rhygoplitis_aciculatus;Eukaryota;Arthropoda;Insecta;Braconidae;Microgastrinae;Rhygoplitis;Rhygoplitis aciculatus;Microgastrinae;
Rhygoplitis_choreuti;Eukaryota;Arthropoda;Insecta;Braconidae;Microgastrinae;Rhygoplitis;Rhygoplitis choreuti;Microgastrinae;
Rhygoplitis_terminalis;Eukaryota;Arthropoda;Insecta;Braconidae;Microgastrinae;Rhygoplitis;Rhygoplitis terminalis;Microgastrinae;
Sathon_neomexicanus;Eukaryota;Arthropoda;Insecta;Braconidae;Microgastrinae;Sathon;Sathon neomexicanus;Microgastrinae;
Venanus_heberti;Eukaryota;Arthropoda;Insecta;Braconidae;Microgastrinae;Venanus;Venanus heberti;Microgastrinae;
Venanus_pinicola;Eukaryota;Arthropoda;Insecta;Braconidae;Microgastrinae;Venanus;Venanus pinicola;Microgastrinae;
Apodesmia_incisula;Eukaryota;Arthropoda;Insecta;Braconidae;Opiinae;Apodesmia;Apodesmia incisula;Opiinae;
Biosteres_carbonarius;Eukaryota;Arthropoda;Insecta;Braconidae;Opiinae;Biosteres;Biosteres carbonarius;Opiinae;
Diachasma_alloeum;Eukaryota;Arthropoda;Insecta;Braconidae;Opiinae;Diachasma;Diachasma alloeum;Opiinae;
Diachasma_ferrugineum;Eukaryota;Arthropoda;Insecta;Braconidae;Opiinae;Diachasma;Diachasma ferrugineum;Opiinae;
Diachasma_muliebre;Eukaryota;Arthropoda;Insecta;Braconidae;Opiinae;Diachasma;Diachasma muliebre;Opiinae;
Diachasmimorpha_kraussii;Eukaryota;Arthropoda;Insecta;Braconidae;Opiinae;Diachasmimorpha;Diachasmimorpha kraussii;Opiinae;
Diachasmimorpha_longicaudata;Eukaryota;Arthropoda;Insecta;Braconidae;Opiinae;Diachasmimorpha;Diachasmimorpha longicaudata;Opiinae;
Diachasmimorpha_tryoni;Eukaryota;Arthropoda;Insecta;Braconidae;Opiinae;Diachasmimorpha;Diachasmimorpha tryoni;Opiinae;
Fopius_arisanus;Eukaryota;Arthropoda;Insecta;Braconidae;Opiinae;Fopius;Fopius arisanus;Opiinae;
Fopius_vandenboschi;Eukaryota;Arthropoda;Insecta;Braconidae;Opiinae;Fopius;Fopius vandenboschi;Opiinae;
Opius_ocreatus;Eukaryota;Arthropoda;Insecta;Braconidae;Opiinae;Opiognathus;Opius ocreatus;Opiinae;
Opius_pactus;Eukaryota;Arthropoda;Insecta;Braconidae;Opiinae;Opiognathus;Opius pactus;Opiinae;
Opius_bellus;Eukaryota;Arthropoda;Insecta;Braconidae;Opiinae;Opius;Opius bellus;Opiinae;
Opius_pallipes;Eukaryota;Arthropoda;Insecta;Braconidae;Opiinae;Opius;Opius pallipes;Opiinae;
Phaedrotoma_rudis;Eukaryota;Arthropoda;Insecta;Braconidae;Opiinae;Phaedrotoma;Phaedrotoma rudis;Opiinae;
Psyttalia_concolor;Eukaryota;Arthropoda;Insecta;Braconidae;Opiinae;Psyttalia;Psyttalia concolor;Opiinae;
Psyttalia_cosyrae;Eukaryota;Arthropoda;Insecta;Braconidae;Opiinae;Psyttalia;Psyttalia cosyrae;Opiinae;
Psyttalia_fletcheri;Eukaryota;Arthropoda;Insecta;Braconidae;Opiinae;Psyttalia;Psyttalia fletcheri;Opiinae;
Psyttalia_humilis;Eukaryota;Arthropoda;Insecta;Braconidae;Opiinae;Psyttalia;Psyttalia humilis;Opiinae;
Psyttalia_incisi;Eukaryota;Arthropoda;Insecta;Braconidae;Opiinae;Psyttalia;Psyttalia incisi;Opiinae;
Psyttalia_lounsburyi;Eukaryota;Arthropoda;Insecta;Braconidae;Opiinae;Psyttalia;Psyttalia lounsburyi;Opiinae;
Psyttalia_perproxima;Eukaryota;Arthropoda;Insecta;Braconidae;Opiinae;Psyttalia;Psyttalia perproxima;Opiinae;
Psyttalia_phaeostigma;Eukaryota;Arthropoda;Insecta;Braconidae;Opiinae;Psyttalia;Psyttalia phaeostigma;Opiinae;
Psyttalia_ponerophaga;Eukaryota;Arthropoda;Insecta;Braconidae;Opiinae;Psyttalia;Psyttalia ponerophaga;Opiinae;
Stantonia_scutellaris;Eukaryota;Arthropoda;Insecta;Braconidae;Orgilinae;Stantonia;Stantonia scutellaris;Orgilinae;
Noserus_flavicola;Eukaryota;Arthropoda;Insecta;Braconidae;Rhysipolinae;Pseudavga;Pseudavga flavicoxa;Rhysipolinae;
Rhysipolis_temporalis;Eukaryota;Arthropoda;Insecta;Braconidae;Exothecinae;Rhysipolis;Rhysipolis temporalis;Rhysipolinae;Jasso-Martínez et al. 2022
Acrisis_brevicornis;Eukaryota;Arthropoda;Insecta;Braconidae;Rhyssalinae;Acrisis;Acrisis brevicornis;Rhyssalinae;
Rhyssaloides_antipoda;Eukaryota;Arthropoda;Insecta;Braconidae;Rhyssalinae;Rhyssaloides;Rhyssaloides antipoda;Rhyssalinae;
Rhyssalus_clavator;Eukaryota;Arthropoda;Insecta;Braconidae;Rhyssalinae;Rhyssalus;Rhyssalus clavator;Rhyssalinae;
Tobiason_pronotalis;Eukaryota;Arthropoda;Insecta;Braconidae;Rhyssalinae;Tobiason;Tobiason pronotalis;Rhyssalinae;
Aleiodes_achingae;Eukaryota;Arthropoda;Insecta;Braconidae;Rogadinae;Aleiodes;Aleiodes achingae;Rogadinae;
Aleiodes_adorabelleae;Eukaryota;Arthropoda;Insecta;Braconidae;Rogadinae;Aleiodes;Aleiodes adorabelleae;Rogadinae;
Aleiodes_agagg;Eukaryota;Arthropoda;Insecta;Braconidae;Rogadinae;Aleiodes;Aleiodes agagg;Rogadinae;
Aleiodes_albitibia;Eukaryota;Arthropoda;Insecta;Braconidae;Rogadinae;Aleiodes;Aleiodes albitibia;Rogadinae;
Aleiodes_alboluteus;Eukaryota;Arthropoda;Insecta;Braconidae;Rogadinae;Aleiodes;Aleiodes alboluteus;Rogadinae;
Aleiodes_alternator;Eukaryota;Arthropoda;Insecta;Braconidae;Rogadinae;Aleiodes;Aleiodes alternator;Rogadinae;
Aleiodes_angulodeum;Eukaryota;Arthropoda;Insecta;Braconidae;Rogadinae;Aleiodes;Aleiodes angulodeum;Rogadinae;
Aleiodes_antescutum;Eukaryota;Arthropoda;Insecta;Braconidae;Rogadinae;Aleiodes;Aleiodes antescutum;Rogadinae;
Aleiodes_apiconigrus;Eukaryota;Arthropoda;Insecta;Braconidae;Rogadinae;Aleiodes;Aleiodes apiconigrus;Rogadinae;
Aleiodes_apiculatus;Eukaryota;Arthropoda;Insecta;Braconidae;Rogadinae;Aleiodes;Aleiodes apiculatus;Rogadinae;
Aleiodes_ascrobi;Eukaryota;Arthropoda;Insecta;Braconidae;Rogadinae;Aleiodes;Aleiodes ascrobi;Rogadinae;
Aleiodes_assimilis;Eukaryota;Arthropoda;Insecta;Braconidae;Rogadinae;Aleiodes;Aleiodes assimilis;Rogadinae;
Aleiodes_atuin;Eukaryota;Arthropoda;Insecta;Braconidae;Rogadinae;Aleiodes;Aleiodes atuin;Rogadinae;
Aleiodes_bachmatriplus;Eukaryota;Arthropoda;Insecta;Braconidae;Rogadinae;Aleiodes;Aleiodes bachmatriplus;Rogadinae;
Aleiodes_basipunctatus;Eukaryota;Arthropoda;Insecta;Braconidae;Rogadinae;Aleiodes;Aleiodes basipunctatus;Rogadinae;
Aleiodes_basistriatus;Eukaryota;Arthropoda;Insecta;Braconidae;Rogadinae;Aleiodes;Aleiodes basistriatus;Rogadinae;
Aleiodes_bicolor;Eukaryota;Arthropoda;Insecta;Braconidae;Rogadinae;Aleiodes;Aleiodes bicolor;Rogadinae;
Aleiodes_binkyi;Eukaryota;Arthropoda;Insecta;Braconidae;Rogadinae;Aleiodes;Aleiodes binkyi;Rogadinae;
Aleiodes_biscutus;Eukaryota;Arthropoda;Insecta;Braconidae;Rogadinae;Aleiodes;Aleiodes biscutus;Rogadinae;
Aleiodes_bobwhartoni;Eukaryota;Arthropoda;Insecta;Braconidae;Rogadinae;Aleiodes;Aleiodes bobwhartoni;Rogadinae;
Aleiodes_brunniguttatus;Eukaryota;Arthropoda;Insecta;Braconidae;Rogadinae;Aleiodes;Aleiodes brunniguttatus;Rogadinae;
Aleiodes_buzuriduplus;Eukaryota;Arthropoda;Insecta;Braconidae;Rogadinae;Aleiodes;Aleiodes buzuriduplus;Rogadinae;
Aleiodes_buzuriquadruplus;Eukaryota;Arthropoda;Insecta;Braconidae;Rogadinae;Aleiodes;Aleiodes buzuriquadruplus;Rogadinae;
Aleiodes_buzuritriplus;Eukaryota;Arthropoda;Insecta;Braconidae;Rogadinae;Aleiodes;Aleiodes buzuritriplus;Rogadinae;
Aleiodes_calicis;Eukaryota;Arthropoda;Insecta;Braconidae;Rogadinae;Aleiodes;Aleiodes calicis;Rogadinae;
Aleiodes_calvus;Eukaryota;Arthropoda;Insecta;Braconidae;Rogadinae;Aleiodes;Aleiodes calvus;Rogadinae;
Aleiodes_cameronii;Eukaryota;Arthropoda;Insecta;Braconidae;Rogadinae;Aleiodes;Aleiodes cameronii;Rogadinae;
Aleiodes_canus;Eukaryota;Arthropoda;Insecta;Braconidae;Rogadinae;Aleiodes;Aleiodes canus;Rogadinae;
Aleiodes_caprinus;Eukaryota;Arthropoda;Insecta;Braconidae;Rogadinae;Aleiodes;Aleiodes caprinus;Rogadinae;
Aleiodes_castaneus;Eukaryota;Arthropoda;Insecta;Braconidae;Rogadinae;Aleiodes;Aleiodes castaneus;Rogadinae;
Aleiodes_centralis;Eukaryota;Arthropoda;Insecta;Braconidae;Rogadinae;Aleiodes;Aleiodes centralis;Rogadinae;
Aleiodes_chamba;Eukaryota;Arthropoda;Insecta;Braconidae;Rogadinae;Aleiodes;Aleiodes chamba;Rogadinae;
Aleiodes_chenduplus;Eukaryota;Arthropoda;Insecta;Braconidae;Rogadinae;Aleiodes;Aleiodes chenduplus;Rogadinae;
Aleiodes_cheni;Eukaryota;Arthropoda;Insecta;Braconidae;Rogadinae;Aleiodes;Aleiodes cheni;Rogadinae;
Aleiodes_codon;Eukaryota;Arthropoda;Insecta;Braconidae;Rogadinae;Aleiodes;Aleiodes codon;Rogadinae;
Aleiodes_complexus;Eukaryota;Arthropoda;Insecta;Braconidae;Rogadinae;Aleiodes;Aleiodes complexus;Rogadinae;
Aleiodes_compressor;Eukaryota;Arthropoda;Insecta;Braconidae;Rogadinae;Aleiodes;Aleiodes compressor;Rogadinae;
Aleiodes_concoronarius;Eukaryota;Arthropoda;Insecta;Braconidae;Rogadinae;Aleiodes;Aleiodes concoronarius;Rogadinae;
Aleiodes_connudatum;Eukaryota;Arthropoda;Insecta;Braconidae;Rogadinae;Aleiodes;Aleiodes connudatum;Rogadinae;
Aleiodes_constriatum;Eukaryota;Arthropoda;Insecta;Braconidae;Rogadinae;Aleiodes;Aleiodes constriatum;Rogadinae;
Aleiodes_contemptus;Eukaryota;Arthropoda;Insecta;Braconidae;Rogadinae;Aleiodes;Aleiodes contemptus;Rogadinae;
Aleiodes_coronopus;Eukaryota;Arthropoda;Insecta;Braconidae;Rogadinae;Aleiodes;Aleiodes coronopus;Rogadinae;
Aleiodes_corrusciput;Eukaryota;Arthropoda;Insecta;Braconidae;Rogadinae;Aleiodes;Aleiodes corrusciput;Rogadinae;
Aleiodes_coxalis;Eukaryota;Arthropoda;Insecta;Braconidae;Rogadinae;Aleiodes;Aleiodes coxalis;Rogadinae;
Aleiodes_cramum;Eukaryota;Arthropoda;Insecta;Braconidae;Rogadinae;Aleiodes;Aleiodes cramum;Rogadinae;
Aleiodes_crassipes;Eukaryota;Arthropoda;Insecta;Braconidae;Rogadinae;Aleiodes;Aleiodes crassipes;Rogadinae;
Aleiodes_damus;Eukaryota;Arthropoda;Insecta;Braconidae;Rogadinae;Aleiodes;Aleiodes damus;Rogadinae;
Aleiodes_darlingtonia;Eukaryota;Arthropoda;Insecta;Braconidae;Rogadinae;Aleiodes;Aleiodes darlingtonia;Rogadinae;
Aleiodes_deathi;Eukaryota;Arthropoda;Insecta;Braconidae;Rogadinae;Aleiodes;Aleiodes deathi;Rogadinae;
Aleiodes_declanae;Eukaryota;Arthropoda;Insecta;Braconidae;Rogadinae;Aleiodes;Aleiodes declanae;Rogadinae;
Aleiodes_definus;Eukaryota;Arthropoda;Insecta;Braconidae;Rogadinae;Aleiodes;Aleiodes definus;Rogadinae;
Aleiodes_deyoyoi;Eukaryota;Arthropoda;Insecta;Braconidae;Rogadinae;Aleiodes;Aleiodes deyoyoi;Rogadinae;
Aleiodes_dimorphus;Eukaryota;Arthropoda;Insecta;Braconidae;Rogadinae;Aleiodes;Aleiodes dimorphus;Rogadinae;
Aleiodes_dissector;Eukaryota;Arthropoda;Insecta;Braconidae;Rogadinae;Aleiodes;Aleiodes dissector;Rogadinae;
Aleiodes_divergerus;Eukaryota;Arthropoda;Insecta;Braconidae;Rogadinae;Aleiodes;Aleiodes divergerus;Rogadinae;
Aleiodes_esenbeckii;Eukaryota;Arthropoda;Insecta;Braconidae;Rogadinae;Aleiodes;Aleiodes esenbeckii;Rogadinae;
Aleiodes_etvalinus;Eukaryota;Arthropoda;Insecta;Braconidae;Rogadinae;Aleiodes;Aleiodes etvalinus;Rogadinae;
Aleiodes_flannelfooti;Eukaryota;Arthropoda;Insecta;Braconidae;Rogadinae;Aleiodes;Aleiodes flannelfooti;Rogadinae;
Aleiodes_flavostriatus;Eukaryota;Arthropoda;Insecta;Braconidae;Rogadinae;Aleiodes;Aleiodes flavostriatus;Rogadinae;
Aleiodes_fovodeum;Eukaryota;Arthropoda;Insecta;Braconidae;Rogadinae;Aleiodes;Aleiodes fovodeum;Rogadinae;
Aleiodes_fuscomedius;Eukaryota;Arthropoda;Insecta;Braconidae;Rogadinae;Aleiodes;Aleiodes fuscomedius;Rogadinae;
Aleiodes_gaga;Eukaryota;Arthropoda;Insecta;Braconidae;Rogadinae;Aleiodes;Aleiodes gaga;Rogadinae;
Aleiodes_gasterator;Eukaryota;Arthropoda;Insecta;Braconidae;Rogadinae;Aleiodes;Aleiodes gasterator;Rogadinae;
Aleiodes_gastritor;Eukaryota;Arthropoda;Insecta;Braconidae;Rogadinae;Aleiodes;Aleiodes gastritor;Rogadinae;
Aleiodes_georgiae;Eukaryota;Arthropoda;Insecta;Braconidae;Rogadinae;Aleiodes;Aleiodes georgiae;Rogadinae;
Aleiodes_glabribasalis;Eukaryota;Arthropoda;Insecta;Braconidae;Rogadinae;Aleiodes;Aleiodes glabribasalis;Rogadinae;
Aleiodes_glutinum;Eukaryota;Arthropoda;Insecta;Braconidae;Rogadinae;Aleiodes;Aleiodes glutinum;Rogadinae;
Aleiodes_grassator;Eukaryota;Arthropoda;Insecta;Braconidae;Rogadinae;Aleiodes;Aleiodes grassator;Rogadinae;
Aleiodes_guidaae;Eukaryota;Arthropoda;Insecta;Braconidae;Rogadinae;Aleiodes;Aleiodes guidaae;Rogadinae;
Aleiodes_hei;Eukaryota;Arthropoda;Insecta;Braconidae;Rogadinae;Aleiodes;Aleiodes hei;Rogadinae;
Aleiodes_helenhippersonsae;Eukaryota;Arthropoda;Insecta;Braconidae;Rogadinae;Aleiodes;Aleiodes helenhippersonsae;Rogadinae;
Aleiodes_herrena;Eukaryota;Arthropoda;Insecta;Braconidae;Rogadinae;Aleiodes;Aleiodes herrena;Rogadinae;
Aleiodes_hircus;Eukaryota;Arthropoda;Insecta;Braconidae;Rogadinae;Aleiodes;Aleiodes hircus;Rogadinae;
Aleiodes_incisus;Eukaryota;Arthropoda;Insecta;Braconidae;Rogadinae;Aleiodes;Aleiodes incisus;Rogadinae;
Aleiodes_jakowlewi;Eukaryota;Arthropoda;Insecta;Braconidae;Rogadinae;Aleiodes;Aleiodes jakowlewi;Rogadinae;
Aleiodes_klopfsteinae;Eukaryota;Arthropoda;Insecta;Braconidae;Rogadinae;Aleiodes;Aleiodes klopfsteinae;Rogadinae;
Aleiodes_lavaeolous;Eukaryota;Arthropoda;Insecta;Braconidae;Rogadinae;Aleiodes;Aleiodes lavaeolous;Rogadinae;
Aleiodes_leptocarina;Eukaryota;Arthropoda;Insecta;Braconidae;Rogadinae;Aleiodes;Aleiodes leptocarina;Rogadinae;
Aleiodes_liessa;Eukaryota;Arthropoda;Insecta;Braconidae;Rogadinae;Aleiodes;Aleiodes liessa;Rogadinae;
Aleiodes_lipwigduplicitus;Eukaryota;Arthropoda;Insecta;Braconidae;Rogadinae;Aleiodes;Aleiodes lipwigduplicitus;Rogadinae;
Aleiodes_lipwigi;Eukaryota;Arthropoda;Insecta;Braconidae;Rogadinae;Aleiodes;Aleiodes lipwigi;Rogadinae;
Aleiodes_lobocarinus;Eukaryota;Arthropoda;Insecta;Braconidae;Rogadinae;Aleiodes;Aleiodes lobocarinus;Rogadinae;
Aleiodes_maculiput;Eukaryota;Arthropoda;Insecta;Braconidae;Rogadinae;Aleiodes;Aleiodes maculiput;Rogadinae;
Aleiodes_magratae;Eukaryota;Arthropoda;Insecta;Braconidae;Rogadinae;Aleiodes;Aleiodes magratae;Rogadinae;
Aleiodes_malarius;Eukaryota;Arthropoda;Insecta;Braconidae;Rogadinae;Aleiodes;Aleiodes malarius;Rogadinae;
Aleiodes_malichi;Eukaryota;Arthropoda;Insecta;Braconidae;Rogadinae;Aleiodes;Aleiodes malichi;Rogadinae;
Aleiodes_mediofuscus;Eukaryota;Arthropoda;Insecta;Braconidae;Rogadinae;Aleiodes;Aleiodes mediofuscus;Rogadinae;
Aleiodes_mediomaculatus;Eukaryota;Arthropoda;Insecta;Braconidae;Rogadinae;Aleiodes;Aleiodes mediomaculatus;Rogadinae;
Aleiodes_megaophthalmos;Eukaryota;Arthropoda;Insecta;Braconidae;Rogadinae;Aleiodes;Aleiodes megaophthalmos;Rogadinae;
Aleiodes_melanopterus;Eukaryota;Arthropoda;Insecta;Braconidae;Rogadinae;Aleiodes;Aleiodes melanopterus;Rogadinae;
Aleiodes_mellificus;Eukaryota;Arthropoda;Insecta;Braconidae;Rogadinae;Aleiodes;Aleiodes mellificus;Rogadinae;
Aleiodes_mericeti;Eukaryota;Arthropoda;Insecta;Braconidae;Rogadinae;Aleiodes;Aleiodes mericeti;Rogadinae;
Aleiodes_microophthalmos;Eukaryota;Arthropoda;Insecta;Braconidae;Rogadinae;Aleiodes;Aleiodes microophthalmos;Rogadinae;
Aleiodes_modestus;Eukaryota;Arthropoda;Insecta;Braconidae;Rogadinae;Aleiodes;Aleiodes modestus;Rogadinae;
Aleiodes_molecryptus;Eukaryota;Arthropoda;Insecta;Braconidae;Rogadinae;Aleiodes;Aleiodes molecryptus;Rogadinae;
Aleiodes_morti;Eukaryota;Arthropoda;Insecta;Braconidae;Rogadinae;Aleiodes;Aleiodes morti;Rogadinae;
Aleiodes_mubfsi;Eukaryota;Arthropoda;Insecta;Braconidae;Rogadinae;Aleiodes;Aleiodes mubfsi;Rogadinae;
Aleiodes_necsubson;Eukaryota;Arthropoda;Insecta;Braconidae;Rogadinae;Aleiodes;Aleiodes necsubson;Rogadinae;
Aleiodes_nigricornis;Eukaryota;Arthropoda;Insecta;Braconidae;Rogadinae;Aleiodes;Aleiodes nigricornis;Rogadinae;
Aleiodes_nigristemmaticum;Eukaryota;Arthropoda;Insecta;Braconidae;Rogadinae;Aleiodes;Aleiodes nigristemmaticum;Rogadinae;
Aleiodes_nivori;Eukaryota;Arthropoda;Insecta;Braconidae;Rogadinae;Aleiodes;Aleiodes nivori;Rogadinae;
Aleiodes_nonicones;Eukaryota;Arthropoda;Insecta;Braconidae;Rogadinae;Aleiodes;Aleiodes nonicones;Rogadinae;
Aleiodes_occimaculatus;Eukaryota;Arthropoda;Insecta;Braconidae;Rogadinae;Aleiodes;Aleiodes occimaculatus;Rogadinae;
Aleiodes_opus;Eukaryota;Arthropoda;Insecta;Braconidae;Rogadinae;Aleiodes;Aleiodes opus;Rogadinae;
Aleiodes_paenicarinus;Eukaryota;Arthropoda;Insecta;Braconidae;Rogadinae;Aleiodes;Aleiodes paenicarinus;Rogadinae;
Aleiodes_pallidator;Eukaryota;Arthropoda;Insecta;Braconidae;Rogadinae;Aleiodes;Aleiodes pallidator;Rogadinae;
Aleiodes_pallimedius;Eukaryota;Arthropoda;Insecta;Braconidae;Rogadinae;Aleiodes;Aleiodes pallimedius;Rogadinae;
Aleiodes_palmae;Eukaryota;Arthropoda;Insecta;Braconidae;Rogadinae;Aleiodes;Aleiodes palmae;Rogadinae;
Aleiodes_palmatipes;Eukaryota;Arthropoda;Insecta;Braconidae;Rogadinae;Aleiodes;Aleiodes palmatipes;Rogadinae;
Aleiodes_parabuzurae;Eukaryota;Arthropoda;Insecta;Braconidae;Rogadinae;Aleiodes;Aleiodes parabuzurae;Rogadinae;
Aleiodes_parasongsi;Eukaryota;Arthropoda;Insecta;Braconidae;Rogadinae;Aleiodes;Aleiodes parasongsi;Rogadinae;
Aleiodes_paulmarshi;Eukaryota;Arthropoda;Insecta;Braconidae;Rogadinae;Aleiodes;Aleiodes paulmarshi;Rogadinae;
Aleiodes_pectunguis;Eukaryota;Arthropoda;Insecta;Braconidae;Rogadinae;Aleiodes;Aleiodes pectunguis;Rogadinae;
Aleiodes_pectunguisella;Eukaryota;Arthropoda;Insecta;Braconidae;Rogadinae;Aleiodes;Aleiodes pectunguisella;Rogadinae;
Aleiodes_penultimoluteus;Eukaryota;Arthropoda;Insecta;Braconidae;Rogadinae;Aleiodes;Aleiodes penultimoluteus;Rogadinae;
Aleiodes_phantasmatis;Eukaryota;Arthropoda;Insecta;Braconidae;Rogadinae;Aleiodes;Aleiodes phantasmatis;Rogadinae;
Aleiodes_pinnulae;Eukaryota;Arthropoda;Insecta;Braconidae;Rogadinae;Aleiodes;Aleiodes pinnulae;Rogadinae;
Aleiodes_placidus;Eukaryota;Arthropoda;Insecta;Braconidae;Rogadinae;Aleiodes;Aleiodes placidus;Rogadinae;
Aleiodes_polititergus;Eukaryota;Arthropoda;Insecta;Braconidae;Rogadinae;Aleiodes;Aleiodes polititergus;Rogadinae;
Aleiodes_ponderi;Eukaryota;Arthropoda;Insecta;Braconidae;Rogadinae;Aleiodes;Aleiodes ponderi;Rogadinae;
Aleiodes_postmaculus;Eukaryota;Arthropoda;Insecta;Braconidae;Rogadinae;Aleiodes;Aleiodes postmaculus;Rogadinae;
Aleiodes_praetor;Eukaryota;Arthropoda;Insecta;Braconidae;Rogadinae;Aleiodes;Aleiodes praetor;Rogadinae;
Aleiodes_prillae;Eukaryota;Arthropoda;Insecta;Braconidae;Rogadinae;Aleiodes;Aleiodes prillae;Rogadinae;
Aleiodes_probuzurae;Eukaryota;Arthropoda;Insecta;Braconidae;Rogadinae;Aleiodes;Aleiodes probuzurae;Rogadinae;
Aleiodes_procarinatus;Eukaryota;Arthropoda;Insecta;Braconidae;Rogadinae;Aleiodes;Aleiodes procarinatus;Rogadinae;
Aleiodes_procoronarius;Eukaryota;Arthropoda;Insecta;Braconidae;Rogadinae;Aleiodes;Aleiodes procoronarius;Rogadinae;
Aleiodes_pronopus;Eukaryota;Arthropoda;Insecta;Braconidae;Rogadinae;Aleiodes;Aleiodes pronopus;Rogadinae;
Aleiodes_propodealis;Eukaryota;Arthropoda;Insecta;Braconidae;Rogadinae;Aleiodes;Aleiodes propodealis;Rogadinae;
Aleiodes_propodocarinus;Eukaryota;Arthropoda;Insecta;Braconidae;Rogadinae;Aleiodes;Aleiodes propodocarinus;Rogadinae;
Aleiodes_protocastaneus;Eukaryota;Arthropoda;Insecta;Braconidae;Rogadinae;Aleiodes;Aleiodes protocastaneus;Rogadinae;
Aleiodes_pteppicymoni;Eukaryota;Arthropoda;Insecta;Braconidae;Rogadinae;Aleiodes;Aleiodes pteppicymoni;Rogadinae;
Aleiodes_ptraci;Eukaryota;Arthropoda;Insecta;Braconidae;Rogadinae;Aleiodes;Aleiodes ptraci;Rogadinae;
Aleiodes_punctipes;Eukaryota;Arthropoda;Insecta;Braconidae;Rogadinae;Aleiodes;Aleiodes punctipes;Rogadinae;
Aleiodes_rectanguliguttatus;Eukaryota;Arthropoda;Insecta;Braconidae;Rogadinae;Aleiodes;Aleiodes rectanguliguttatus;Rogadinae;
Aleiodes_reticulisoma;Eukaryota;Arthropoda;Insecta;Braconidae;Rogadinae;Aleiodes;Aleiodes reticulisoma;Rogadinae;
Aleiodes_ridcullyi;Eukaryota;Arthropoda;Insecta;Braconidae;Rogadinae;Aleiodes;Aleiodes ridcullyi;Rogadinae;
Aleiodes_rincewindi;Eukaryota;Arthropoda;Insecta;Braconidae;Rogadinae;Aleiodes;Aleiodes rincewindi;Rogadinae;
Aleiodes_risaae;Eukaryota;Arthropoda;Insecta;Braconidae;Rogadinae;Aleiodes;Aleiodes risaae;Rogadinae;
Aleiodes_rivulus;Eukaryota;Arthropoda;Insecta;Braconidae;Rogadinae;Aleiodes;Aleiodes rivulus;Rogadinae;
Aleiodes_ruficornis;Eukaryota;Arthropoda;Insecta;Braconidae;Rogadinae;Aleiodes;Aleiodes ruficornis;Rogadinae;
Aleiodes_rufomedius;Eukaryota;Arthropoda;Insecta;Braconidae;Rogadinae;Aleiodes;Aleiodes rufomedius;Rogadinae;
Aleiodes_rugoscutus;Eukaryota;Arthropoda;Insecta;Braconidae;Rogadinae;Aleiodes;Aleiodes rugoscutus;Rogadinae;
Aleiodes_rugulosus;Eukaryota;Arthropoda;Insecta;Braconidae;Rogadinae;Aleiodes;Aleiodes rugulosus;Rogadinae;
Aleiodes_sacharissa;Eukaryota;Arthropoda;Insecta;Braconidae;Rogadinae;Aleiodes;Aleiodes sacharissa;Rogadinae;
Aleiodes_scottshawi;Eukaryota;Arthropoda;Insecta;Braconidae;Rogadinae;Aleiodes;Aleiodes scottshawi;Rogadinae;
Aleiodes_selachiii;Eukaryota;Arthropoda;Insecta;Braconidae;Rogadinae;Aleiodes;Aleiodes selachiii;Rogadinae;
Aleiodes_seriatus;Eukaryota;Arthropoda;Insecta;Braconidae;Rogadinae;Aleiodes;Aleiodes seriatus;Rogadinae;
Aleiodes_signatus;Eukaryota;Arthropoda;Insecta;Braconidae;Rogadinae;Aleiodes;Aleiodes signatus;Rogadinae;
Aleiodes_similicodon;Eukaryota;Arthropoda;Insecta;Braconidae;Rogadinae;Aleiodes;Aleiodes similicodon;Rogadinae;
Aleiodes_similis;Eukaryota;Arthropoda;Insecta;Braconidae;Rogadinae;Aleiodes;Aleiodes similis;Rogadinae;
Aleiodes_songsi;Eukaryota;Arthropoda;Insecta;Braconidae;Rogadinae;Aleiodes;Aleiodes songsi;Rogadinae;
Aleiodes_sophieae;Eukaryota;Arthropoda;Insecta;Braconidae;Rogadinae;Aleiodes;Aleiodes sophieae;Rogadinae;
Aleiodes_spurivenaduplus;Eukaryota;Arthropoda;Insecta;Braconidae;Rogadinae;Aleiodes;Aleiodes spurivenaduplus;Rogadinae;
Aleiodes_stibbonsi;Eukaryota;Arthropoda;Insecta;Braconidae;Rogadinae;Aleiodes;Aleiodes stibbonsi;Rogadinae;
Aleiodes_stohelit;Eukaryota;Arthropoda;Insecta;Braconidae;Rogadinae;Aleiodes;Aleiodes stohelit;Rogadinae;
Aleiodes_subemarginatus;Eukaryota;Arthropoda;Insecta;Braconidae;Rogadinae;Aleiodes;Aleiodes subemarginatus;Rogadinae;
Aleiodes_subfuscomedius;Eukaryota;Arthropoda;Insecta;Braconidae;Rogadinae;Aleiodes;Aleiodes subfuscomedius;Rogadinae;
Aleiodes_subson;Eukaryota;Arthropoda;Insecta;Braconidae;Rogadinae;Aleiodes;Aleiodes subson;Rogadinae;
Aleiodes_sutthisani;Eukaryota;Arthropoda;Insecta;Braconidae;Rogadinae;Aleiodes;Aleiodes sutthisani;Rogadinae;
Aleiodes_synorion;Eukaryota;Arthropoda;Insecta;Braconidae;Rogadinae;Aleiodes;Aleiodes synorion;Rogadinae;
Aleiodes_testaceus;Eukaryota;Arthropoda;Insecta;Braconidae;Rogadinae;Aleiodes;Aleiodes testaceus;Rogadinae;
Aleiodes_tetrarugulosus;Eukaryota;Arthropoda;Insecta;Braconidae;Rogadinae;Aleiodes;Aleiodes tetrarugulosus;Rogadinae;
Aleiodes_texanus;Eukaryota;Arthropoda;Insecta;Braconidae;Rogadinae;Aleiodes;Aleiodes texanus;Rogadinae;
Aleiodes_thirakupti;Eukaryota;Arthropoda;Insecta;Braconidae;Rogadinae;Aleiodes;Aleiodes thirakupti;Rogadinae;
Aleiodes_tmaliaae;Eukaryota;Arthropoda;Insecta;Braconidae;Rogadinae;Aleiodes;Aleiodes tmaliaae;Rogadinae;
Aleiodes_tobiasi;Eukaryota;Arthropoda;Insecta;Braconidae;Rogadinae;Aleiodes;Aleiodes tobiasi;Rogadinae;
Aleiodes_trevelyanae;Eukaryota;Arthropoda;Insecta;Braconidae;Rogadinae;Aleiodes;Aleiodes trevelyanae;Rogadinae;
Aleiodes_trisphaeropyx;Eukaryota;Arthropoda;Insecta;Braconidae;Rogadinae;Aleiodes;Aleiodes trisphaeropyx;Rogadinae;
Aleiodes_turgidipalpus;Eukaryota;Arthropoda;Insecta;Braconidae;Rogadinae;Aleiodes;Aleiodes turgidipalpus;Rogadinae;
Aleiodes_ungularis;Eukaryota;Arthropoda;Insecta;Braconidae;Rogadinae;Aleiodes;Aleiodes ungularis;Rogadinae;
Aleiodes_unipunctator;Eukaryota;Arthropoda;Insecta;Braconidae;Rogadinae;Aleiodes;Aleiodes unipunctator;Rogadinae;
Aleiodes_valinus;Eukaryota;Arthropoda;Insecta;Braconidae;Rogadinae;Aleiodes;Aleiodes valinus;Rogadinae;
Aleiodes_variifemurus;Eukaryota;Arthropoda;Insecta;Braconidae;Rogadinae;Aleiodes;Aleiodes variifemurus;Rogadinae;
Aleiodes_vetinarii;Eukaryota;Arthropoda;Insecta;Braconidae;Rogadinae;Aleiodes;Aleiodes vetinarii;Rogadinae;
Aleiodes_vietuput;Eukaryota;Arthropoda;Insecta;Braconidae;Rogadinae;Aleiodes;Aleiodes vietuput;Rogadinae;
Aleiodes_zuburae;Eukaryota;Arthropoda;Insecta;Braconidae;Rogadinae;Aleiodes;Aleiodes zuburae;Rogadinae;
Bulborogas_compressifemur;Eukaryota;Arthropoda;Insecta;Braconidae;Rogadinae;Bulborogas;Bulborogas compressifemur;Rogadinae;
Clinocentrus_fumiferanae;Eukaryota;Arthropoda;Insecta;Braconidae;Rogadinae;Clinocentrus;Clinocentrus fumiferanae;Rogadinae;
Colastomion_crambidiphagus;Eukaryota;Arthropoda;Insecta;Braconidae;Rogadinae;Colastomion;Colastomion crambidiphagus;Rogadinae;
Colastomion_gregarius;Eukaryota;Arthropoda;Insecta;Braconidae;Rogadinae;Colastomion;Colastomion gregarius;Rogadinae;
Colastomion_maclayi;Eukaryota;Arthropoda;Insecta;Braconidae;Rogadinae;Colastomion;Colastomion maclayi;Rogadinae;
Colastomion_madangensis;Eukaryota;Arthropoda;Insecta;Braconidae;Rogadinae;Colastomion;Colastomion madangensis;Rogadinae;
Colastomion_masalaii;Eukaryota;Arthropoda;Insecta;Braconidae;Rogadinae;Colastomion;Colastomion masalaii;Rogadinae;
Colastomion_parotiphagus;Eukaryota;Arthropoda;Insecta;Braconidae;Rogadinae;Colastomion;Colastomion parotiphagus;Rogadinae;
Cystomastacoides_asotaphaga;Eukaryota;Arthropoda;Insecta;Braconidae;Rogadinae;Cystomastacoides;Cystomastacoides asotaphaga;Rogadinae;
Gyroneuron_testaceator;Eukaryota;Arthropoda;Insecta;Braconidae;Rogadinae;Gyroneuron;Gyroneuron testaceator;Rogadinae;
Heterogamus_dispar;Eukaryota;Arthropoda;Insecta;Braconidae;Rogadinae;Heterogamus;Heterogamus dispar;Rogadinae;
Heterogamus_excavatus;Eukaryota;Arthropoda;Insecta;Braconidae;Rogadinae;Heterogamus;Heterogamus excavatus;Rogadinae;
Heterogamus_fasciatipennis;Eukaryota;Arthropoda;Insecta;Braconidae;Rogadinae;Heterogamus;Heterogamus fasciatipennis;Rogadinae;
Megarhogas_maculipennis;Eukaryota;Arthropoda;Insecta;Braconidae;Rogadinae;Megarhogas;Megarhogas maculipennis;Rogadinae;
Mesocentrus_sasquatch;Eukaryota;Arthropoda;Insecta;Braconidae;Betylobraconinae;Mesocentrus;Mesocentrus sasquatch;Rogadinae;Jasso-Martínez et al. 2022
Quasimodorogas_confusus;Eukaryota;Arthropoda;Insecta;Braconidae;Rogadinae;Quasimodorogas;Quasimodorogas confusus;Rogadinae;
Rhinoprotoma_masneri;Eukaryota;Arthropoda;Insecta;Braconidae;Rogadinae;Rhinoprotoma;Rhinoprotoma masneri;Rogadinae;
Rogas_luteus;Eukaryota;Arthropoda;Insecta;Braconidae;Rogadinae;Rogas;Rogas luteus;Rogadinae;
Trigonophatnus_albobalteatus;Eukaryota;Arthropoda;Insecta;Braconidae;Rogadinae;Trigonophatnus;Trigonophatnus albobalteatus;Rogadinae;
Triraphis_tricolor;Eukaryota;Arthropoda;Insecta;Braconidae;Rogadinae;Triraphis;Triraphis tricolor;Rogadinae;
Vojtechirogas_heberti;Eukaryota;Arthropoda;Insecta;Braconidae;Rogadinae;Vojtechirogas;Vojtechirogas heberti;Rogadinae;
Vojtechirogas_novotnyi;Eukaryota;Arthropoda;Insecta;Braconidae;Rogadinae;Vojtechirogas;Vojtechirogas novotnyi;Rogadinae;
Vojtechirogas_wantok;Eukaryota;Arthropoda;Insecta;Braconidae;Rogadinae;Vojtechirogas;Vojtechirogas wantok;Rogadinae;
Yelicones_delicatus;Eukaryota;Arthropoda;Insecta;Braconidae;Rogadinae;Yelicones;Yelicones delicatus;Rogadinae;
Yelicones_spectabile;Eukaryota;Arthropoda;Insecta;Braconidae;Rogadinae;Yelicones;Yelicones spectabile;Rogadinae;
Acampsis_alternipes;Eukaryota;Arthropoda;Insecta;Braconidae;Sigalphinae;Acampsis;Acampsis alternipes;Sigalphinae;
Sigalphus_bicolor;Eukaryota;Arthropoda;Insecta;Braconidae;Sigalphinae;Sigalphus;Sigalphus bicolor;Sigalphinae;