"GenBank"	"Subfamily"	"Genus"	"Species"	"Start"	"Stop"
"OM559913.1"	"Brachistinae_s_str"	"Nealiolus"	"sp"	2	658
"MF935868.1"	"Brachistinae_s_str"	"Eubazus"	"(Aliolus)"	2	658
"OM314105.1"	"Brachistinae_s_str"	"Triaspis"	"sp"	2	658
"MF934161.1"	"Macrocentrinae"	"Austrozele"	"sp"	2	658
"MF937387.1"	"Euphorinae"	"Elasmosoma"	"sp"	2	658
"MF938338.1"	"Euphorinae"	"Euphoriella"	"sp"	2	658
"MF936861.1"	"Euphorinae"	"Leiophron"	"sp"	2	658
"MF937104.1"	"Euphorinae"	"Wesmaelia"	"sp"	2	658
"OM555923.1"	"Ichneutinae"	"Paroligoneurus"	"sp"	2	658
"MH482353.1"	"Sigalphinae"	"Minanga"	"patriciamadrigalae"	2	658
"OM158426.1"	"Agathidinae"	"Earinus"	"austinbakeri"	2	658
"HM859936.1"	"Agathidinae"	"Cremnops"	"sp"	2	658
"MZ633826.1"	"Cheloninae"	"Adelius"	"sp"	2	658
"HM374733.1"	"Cheloninae"	"Paradelius"	"sp"	2	658
"OQ611178.1"	"Cheloninae"	"Chelonus"	"andrievskii"	2	658
"MH138984.1"	"Microgastrinae"	"Miropotes"	"sp"	2	658
"MF804550.1"	"Microgastrinae"	"Alloplitis"	"sp"	2	658
"KR087505.1"	"Microgastrinae"	"Snellenius"	"johnkressi"	2	658
"OM314137.1"	"Microgastrinae"	"Rasivalva"	"sp"	2	658
"JN282283.1"	"Microgastrinae"	"Wilkinsonellus"	"sp"	2	658
"HM373214.1"	"Microgastrinae"	"Venanides"	"sp"	2	658
"OM708673.1"	"Microgastrinae"	"Deuterixys"	"sp"	2	658
"OM558628.1"	"Microgastrinae"	"Xanthomicrogaster"	"sp"	2	658
"HM397594.1"	"Microgastrinae"	"Protomicroplitis"	"sp"	2	658
"JN281721.1"	"Microgastrinae"	"Promicrogaster"	"sp"	2	658
"KX146410.1"	"Microgastrinae"	"Exoryza"	"mariabustosae"	2	658
"HQ558996.1"	"Microgastrinae"	"Nyereria"	"sp"	2	658
"MH928895.1"	"Microgastrinae"	"Neoclarkinella"	"sp"	2	658
"HM396617.1"	"Microgastrinae"	"Illidops"	"sp"	2	658
"MK779451.1"	"Mesostoinae_s_str"	"Neptihormius"	"sp"	2	658
"OM576143.1"	"Mesostoinae_s_str"	"Andesipolis"	"sp"	2	658
"OM613691.1"	"Mesostoinae_s_str"	"Hydrangeocola"	"sp"	2	658
"JN288652.1"	"Rhyssalinae"	"Histeromerus"	"canadensis"	2	658
"MT639408.1"	"Rhyssalinae"	"Lysitermoides"	"sp"	2	658
"MG485872.1"	"Rhyssalinae"	"Oncophanes"	"sp"	2	658
"MK779448.1"	"Rhyssalinae"	"Dolopsidea"	"tatianae"	2	658
"MF898564.1"	"Rhyssalinae"	"Proacrisis"	"sp"	2	658
"MW982162.1"	"Doryctinae_South_America"	"Liobracon"	"aquilonius"	2	658
"HQ926118.1"	"Doryctinae_South_America"	"Odontobracon"	"sp"	2	658
"MF930114.1"	"Doryctinae_South_America"	"Ecphylus"	"sp"	2	658
"HM434348.1"	"Doryctinae_South_America"	"Coiba"	"sp"	2	658
"OP034116.1"	"Doryctinae_South_America"	"Callihormius"	"sp"	2	658
"HQ945445.1"	"Doryctinae_South_America"	"Stenocorse"	"sp"	2	658
"HM434323.1"	"Doryctinae_South_America"	"Psenobolus"	"sp"	2	658
"MT639576.1"	"Rhysipolinae"	"Parachremylus"	"sp"	2	658
"MT639591.1"	"Hormiinae"	"Cedria"	"sp"	2	658
"MT639587.1"	"Hormiinae"	"Parahormius"	"sp"	2	658
"MT639467.1"	"Hormiinae"	"Platyrmus"	"sp"	2	658
"MK779441.1"	"Hormiinae"	"Aulosaphanes"	"suturalis"	2	658
"MT639419.1"	"Hormiinae"	"Lysitermus"	"sp"	2	658
"MT639387.1"	"Rogadinae"	"Choreborogas"	"sp"	2	658
"KR896556.1"	"Rogadinae"	"Polystenidea"	"sp"	2	658
"MT639537.1"	"Rogadinae"	"Conobregma"	"sp"	2	658
"MT639473.1"	"Rogadinae"	"Tebennotoma"	"sp"	2	658
"JN278231.1"	"Rogadinae"	"Canalirogas"	"sp"	2	658
"MT639586.1"	"Rogadinae"	"Myocron"	"sp"	2	658
"MT639525.1"	"Rogadinae"	"Cystomastax"	"ayaigarashiae"	2	658
"HM435179.1"	"Rogadinae"	"Macrostomion"	"sp"	2	658
"ON325150.1"	"Braconinae"	"Glyptomorpha"	"pectoralis"	2	658
"ON325169.1"	"Braconinae"	"Vipio"	"texanus"	2	658
"ON325208.1"	"Braconinae"	"Digonogastra"	"motohasegawai"	2	658
"MW983940.1"	"Braconinae"	"Lasiophorus"	"sp"	2	658
"MH260679.1"	"Braconinae"	"Archibracon"	"servillei"	2	658
"OP292617.1"	"Exothecinae"	"Colastes"	"braconius"	2	658
"MW983122.1"	"Opiinae"	"Doryctobracon"	"anastrephilum"	2	658
"MF939072.1"	"Alysiinae"	"Oenonogastra"	"sp"	2	658
"MF929820.1"	"Alysiinae"	"Coelinius"	"sp"	2	658
"MF938005.1"	"Alysiinae"	"Chorebus"	"sp"	2	658
"MF929201.1"	"Alysiinae"	"Alysia"	"sp"	2	658
"KR877771.1"	"Alysiinae"	"Aspilota"	"angusta"	2	658
"MF938146.1"	"Alysiinae"	"Dinotrema"	"sp"	2	658
"KR808688.1"	"Alysiinae"	"Orthostigma"	"sp"	2	658
"OM589528.1"	"Alysiinae"	"Aphaereta"	"aotea"	2	658
"MF936879.1"	"Alysiinae"	"Phaenocarpa"	"sp"	2	658
"OM597638.1"	"Brachistinae_s_str"	"Diospilus"	"sp"	2	658
"MF938415.1"	"Brachistinae_s_str"	"Schizoprymnus"	"sp"	2	658
"OM545040.1"	"Macrocentrinae"	"Hymenochaonia"	"sp"	2	658
"MF930892.1"	"Orgilinae"	"Orgilus"	"sp"	2	658
"OQ622757.1"	"Euphorinae"	"Peristenus"	"digoneutis"	2	658
"JN293496.1"	"Agathidinae"	"Agathis"	"sp"	2	658
"JN288574.1"	"Agathidinae"	"Neothlipsis"	"cincta"	2	658
"KP943637.1"	"Agathidinae"	"Alabagrus"	"sp"	2	658
"MT639550.1"	"Hormiinae"	"Acanthormius"	"sp"	2	658
"MF929906.1"	"Alysiinae"	"Exotela"	"sp"	2	658
"MT639449.1"	"Rogadinae"	"Stiropius"	"bencrairi"	2	658
