"GenBank"	"TipLabel"	"Class"	"Order"	"Family"	"Genus"	"Species"	"NCBI"	"Start"	"Stop"
"NC_046886.1"	"Oncopodura_yosiiana"	"Collembola"	"Entomobryomorpha"	"Oncopoduridae"	"Oncopodura"	"Oncopodura yosiiana"	"NC_046886.1"	1	1533
"KF642562.1"	"Xenyllodes_armatus"	"Collembola"	"Poduromorpha"	"Odontellidae"	"Xenyllodes"	"Xenyllodes armatus"	"KF642562.1"	1	657
"HQ732080.1"	"Superodontella_alpina"	"Collembola"	"Poduromorpha"	"Odontellidae"	"Superodontella"	"Superodontella alpina"	"HQ732080.1"	1	657
"MN619610.1"	"Tullbergia_mediantarctica"	"Collembola"	"Poduromorpha"	"Tullbergiidae"	"Tullbergia"	"Tullbergia mediantarctica"	"MN619610.1"	2	658
"NC_056908.1"	"Tullbergia_mixta"	"Collembola"	"Poduromorpha"	"Tullbergiidae"	"Tullbergia"	"Tullbergia mixta"	"NC_056908.1"	1	1527
"KM615601.1"	"Arrhopalites_hirtus"	"Collembola"	"Symphypleona"	"Arrhopalitidae"	"Arrhopalites"	"Arrhopalites hirtus"	"KM615601.1"	1	600
"MN906457.1"	"Pygmarrhopalites_aggtelekiensis"	"Collembola"	"Symphypleona"	"Arrhopalitidae"	"Pygmarrhopalites"	"Pygmarrhopalites aggtelekiensis"	"MN906457.1"	3	629
"KY231106.1"	"Pygmarrhopalites_pygmaeus"	"Collembola"	"Symphypleona"	"Arrhopalitidae"	"Pygmarrhopalites"	"Pygmarrhopalites pygmaeus"	"KY231106.1"	1	681
"JQ909225.1"	"Sminthurinus_elegans"	"Collembola"	"Symphypleona"	"Katiannidae"	"Sminthurinus"	"Sminthurinus elegans"	"JQ909225.1"	1	657
"AY555545.1"	"Sminthurinus_bimaculatus"	"Collembola"	"Symphypleona"	"Katiannidae"	"Sminthurinus"	"Sminthurinus bimaculatus"	"AY555545.1"	1	657
"OR171448.1"	"Spinotheca_sp"	"Collembola"	"Symphypleona"	"Spinothecidae"	"Spinotheca"	"Spinotheca sp"	"OR171448.1"	1	420
"AF370845.1"	"Heterojapyx_sp"	"Diplura"	"Dicellurata"	"Heterojapygidae"	"Heterojapyx"	"Heterojapyx sp"	"AF370845.1"	1	657
"JQ796634.1"	"Parajapyx_pauliani"	"Diplura"	"Dicellurata"	"Parajapygidae"	"Parajapyx"	"Parajapyx pauliani"	"JQ796634.1"	1	657
"JQ796650.1"	"Parajapyx_yangi"	"Diplura"	"Dicellurata"	"Parajapygidae"	"Parajapyx"	"Parajapyx yangi"	"JQ796650.1"	1	657
"JQ796647.1"	"Parajapyx_isabellae"	"Diplura"	"Dicellurata"	"Parajapygidae"	"Parajapyx"	"Parajapyx isabellae"	"JQ796647.1"	1	657
"OP242095.1"	"Anajapygidae_sp"	"Diplura"	"Rhabdura"	"Anajapygidae"	"Anajapygidae"	"Anajapygidae sp"	"OP242095.1"	1	657
"NC_022672.1"	"Octostigma_sinensis"	"Diplura"	"Rhabdura"	"Octostigmatidae"	"Octostigma"	"Octostigma sinensis"	"NC_022672.1"	1	1533
"PP028625.1"	"Projapygidae_sp"	"Diplura"	"Rhabdura"	"Projapygidae"	"Projapygidae"	"Projapygidae sp"	"PP028625.1"	1	657
"MF918370.1"	"Hesperentomon_bolense"	"Protura"	"Acerentomata"	"Hesperentomidae"	"Hesperentomon"	"Hesperentomon bolense"	"MF918370.1"	1	657
"MF918362.1"	"Hesperentomon_pectigastrulum"	"Protura"	"Acerentomata"	"Hesperentomidae"	"Hesperentomon"	"Hesperentomon pectigastrulum"	"MF918362.1"	1	657
"MF918360.1"	"Hesperentomon_chinghaiense"	"Protura"	"Acerentomata"	"Hesperentomidae"	"Hesperentomon"	"Hesperentomon chinghaiense"	"MF918360.1"	1	657
"HQ882813.1"	"Huhentomon_plicatunguis"	"Protura"	"Acerentomata"	"Hesperentomidae"	"Huhentomon"	"Huhentomon plicatunguis"	"HQ882813.1"	1	654
"MK636827.1"	"Condeellum_ishiianum"	"Protura"	"Acerentomata"	"Protentomidae"	"Condeellum"	"Condeellum ishiianum"	"MK636827.1"	1	651
"HQ882814.1"	"Proturentomon_chinense"	"Protura"	"Acerentomata"	"Protentomidae"	"Proturentomon"	"Proturentomon chinense"	"HQ882814.1"	1	657
"KJ395313.1"	"Andinentulus_rapoporti"	"Protura"	"Acerentomata"	"Acerentomidae"	"Andinentulus"	"Andinentulus rapoporti"	"KJ395313.1"	1	657
"JQ411217.1"	"Acerentulus_charrieri"	"Protura"	"Acerentomata"	"Acerentomidae"	"Acerentulus"	"Acerentulus charrieri"	"JQ411217.1"	1	657
"JQ846462.1"	"Yamatentomon_guoi"	"Protura"	"Acerentomata"	"Acerentomidae"	"Yamatentomon"	"Yamatentomon guoi"	"JQ846462.1"	1	657
"MK636826.1"	"Eosentomon_nivoculum"	"Protura"	"Eosentomata"	"Eosentomidae"	"Eosentomon"	"Eosentomon nivoculum"	"MK636826.1"	1	657
"MK636824.1"	"Anisentomon_chinense"	"Protura"	"Eosentomata"	"Eosentomidae"	"Anisentomon"	"Anisentomon chinense"	"MK636824.1"	1	657
"NC_015982.1"	"Sinentomon_erythranum"	"Protura"	"Sinentomata"	"Sinentomidae"	"Sinentomon"	"Sinentomon erythranum"	"NC_015982.1"	1	1533
"JN990600.1"	"Occasjapyx_japonicus"	"Diplura"	"Dicellurata"	"Japygidae"	"Occasjapyx"	"Occasjapyx japonicus"	"JN990600.1"	1	1536
"JN990601.1"	"Lepidocampa_weberi"	"Diplura"	"Rhabdura"	"Campodeidae"	"Lepidocampa"	"Lepidocampa weberi"	"JN990601.1"	1	1539
