"GenBank"	"Order"	"Family"	"Genus"	"Species"	"Start"	"Stop"	"TipLabel"	"Kingdom"	"Phylum"	"Class"	"Clade"
"JQ907032.1"	"Embioptera"	"Clothodidae"	"Antipaluria"	"Antipaluria urichi"	2	874	"Antipaluria_urichi"	"Animalia"	"Arthropoda"	"Insecta"	"Clothodidae"
"JQ907074.1"	"Embioptera"	"Clothodidae"	"Clothoda"	"Clothoda longicauda"	2	673	"Clothoda_longicauda"	"Animalia"	"Arthropoda"	"Insecta"	"Clothodidae"
"JQ907078.1"	"Embioptera"	"Andesembiidae"	"Andesembia"	"Andesembia banosae"	2	673	"Andesembia_banosae"	"Animalia"	"Arthropoda"	"Insecta"	"Andesembiidae"
"JQ907062.1"	"Embioptera"	"Anisembiidae"	"Chelicerca"	"Chelicerca heymonsi"	2	673	"Chelicerca_heymonsi"	"Animalia"	"Arthropoda"	"Insecta"	"Anisembiidae"
"JQ907038.1"	"Embioptera"	"Anisembiidae"	"Chelicerca"	"Chelicerca fangosa"	2	874	"Chelicerca_fangosa"	"Animalia"	"Arthropoda"	"Insecta"	"Anisembiidae"
"JQ907052.1"	"Embioptera"	"Anisembiidae"	"Cryptembia"	"Cryptembia amazonica"	2	874	"Cryptembia_amazonica"	"Animalia"	"Arthropoda"	"Insecta"	"Anisembiidae"
"JQ907050.1"	"Embioptera"	"Anisembiidae"	"Dactylocerca"	"Dactylocerca rubra"	2	874	"Dactylocerca_rubra"	"Animalia"	"Arthropoda"	"Insecta"	"Anisembiidae"
"JQ907042.1"	"Embioptera"	"Anisembiidae"	"Stenembla"	"Stenembla sp"	2	1282	"Stenembla_sp"	"Animalia"	"Arthropoda"	"Insecta"	"Anisembiidae"
"JQ907041.1"	"Embioptera"	"Anisembiidae"	"Anisembia"	"Anisembia texana"	2	1282	"Anisembia_texana"	"Animalia"	"Arthropoda"	"Insecta"	"Anisembiidae"
"JQ907080.1"	"Embioptera"	"Archembiidae"	"Gibocercus"	"Gibocercus sandrae"	2	673	"Gibocercus_sandrae"	"Animalia"	"Arthropoda"	"Insecta"	"Archembiidae"
"JQ907034.1"	"Embioptera"	"Archembiidae"	"Gibocercus"	"Gibocercus chaco"	2	673	"Gibocercus_chaco"	"Animalia"	"Arthropoda"	"Insecta"	"Archembiidae"
"JQ907073.1"	"Embioptera"	"Archembiidae"	"Gibocercus"	"Gibocercus sp"	2	649	"Gibocercus_sp"	"Animalia"	"Arthropoda"	"Insecta"	"Archembiidae"
"JQ907075.1"	"Embioptera"	"Archembiidae"	"Calamoclostes"	"Calamoclostes sp"	2	673	"Calamoclostes_sp"	"Animalia"	"Arthropoda"	"Insecta"	"Archembiidae"
"JQ907063.1"	"Embioptera"	"Archembiidae"	"Conicercembia"	"Conicercembia septentrionalis"	2	874	"Conicercembia_septentrionalis"	"Animalia"	"Arthropoda"	"Insecta"	"Archembiidae"
"JQ907066.1"	"Embioptera"	"Archembiidae"	"Conicercembia"	"Conicercembia tepicensis"	2	673	"Conicercembia_tepicensis"	"Animalia"	"Arthropoda"	"Insecta"	"Archembiidae"
"JQ907060.1"	"Embioptera"	"Archembiidae"	"Neorhagadochir"	"Neorhagadochir moreliensis"	2	874	"Neorhagadochir_moreliensis"	"Animalia"	"Arthropoda"	"Insecta"	"Archembiidae"
"JQ907055.1"	"Embioptera"	"Archembiidae"	"Archembia"	"Archembia batesi"	2	1261	"Archembia_batesi"	"Animalia"	"Arthropoda"	"Insecta"	"Archembiidae"
"EU157065.1"	"Embioptera"	"Australembiidae"	"Metoligotoma"	"Metoligotoma extorris"	2	1291	"Metoligotoma_extorris"	"Animalia"	"Arthropoda"	"Insecta"	"Australembiidae"
"EU157064.1"	"Embioptera"	"Australembiidae"	"Metoligotoma"	"Metoligotoma reducta"	2	1291	"Metoligotoma_reducta"	"Animalia"	"Arthropoda"	"Insecta"	"Australembiidae"
"JQ907090.1"	"Embioptera"	"Australembiidae"	"Metoligotoma"	"Metoligotoma incompta"	1	1215	"Metoligotoma_incompta"	"Animalia"	"Arthropoda"	"Insecta"	"Australembiidae"
"EU157063.1"	"Embioptera"	"Australembiidae"	"Australembia"	"Australembia rileyi"	2	1291	"Australembia_rileyi"	"Animalia"	"Arthropoda"	"Insecta"	"Australembiidae"
"JQ907064.1"	"Embioptera"	"Embiidae"	"Odontembia"	"Odontembia jacobi"	2	673	"Odontembia_jacobi"	"Animalia"	"Arthropoda"	"Insecta"	"Embiidae"
"JQ907089.1"	"Embioptera"	"Embiidae"	"Oedembia"	"Oedembia sp"	2	625	"Oedembia_sp"	"Animalia"	"Arthropoda"	"Insecta"	"Embiidae"
"JQ907057.1"	"Embioptera"	"Embiidae"	"Embia"	"Embia tyrrhenica"	2	1261	"Embia_tyrrhenica"	"Animalia"	"Arthropoda"	"Insecta"	"Embiidae"
"JQ907059.1"	"Embioptera"	"Embiidae"	"Embia"	"Embia nuragica"	2	673	"Embia_nuragica"	"Animalia"	"Arthropoda"	"Insecta"	"Embiidae"
"MW495852.1"	"Embioptera"	"Embiidae"	"Embia"	"Embia cf_savignyi"	1	618	"Embia_cf_savignyi"	"Animalia"	"Arthropoda"	"Insecta"	"Embiidae"
"JQ907058.1"	"Embioptera"	"Embiidae"	"Embia"	"Embia sp"	2	874	"Embia_sp"	"Animalia"	"Arthropoda"	"Insecta"	"Embiidae"
"JQ907033.1"	"Embioptera"	"Notoligotomidae"	"Notoligotoma"	"Notoligotoma hardyi"	2	673	"Notoligotoma_hardyi"	"Animalia"	"Arthropoda"	"Insecta"	"Notoligotomidae"
"KX091852.1"	"Embioptera"	"Oligotomidae"	"Eosembia"	"Eosembia sp1"	2387	3925	"Eosembia_sp1"	"Animalia"	"Arthropoda"	"Insecta"	"Oligotomidae"
"HM376976.1"	"Embioptera"	"Oligotomidae"	"Eosembia"	"Eosembia auripecta"	2	658	"Eosembia_auripecta"	"Animalia"	"Arthropoda"	"Insecta"	"Oligotomidae"
"MH187262.1"	"Embioptera"	"Oligotomidae"	"Eosembia"	"Eosembia sp2"	2	466	"Eosembia_sp2"	"Animalia"	"Arthropoda"	"Insecta"	"Oligotomidae"
"JQ907039.1"	"Embioptera"	"Oligotomidae"	"Haploembia"	"Haploembia solieri"	2	1027	"Haploembia_solieri"	"Animalia"	"Arthropoda"	"Insecta"	"Oligotomidae"
"JQ907065.1"	"Embioptera"	"Oligotomidae"	"Haploembia"	"Haploembia sp1"	2	673	"Haploembia_sp1"	"Animalia"	"Arthropoda"	"Insecta"	"Oligotomidae"
"JQ907068.1"	"Embioptera"	"Oligotomidae"	"Haploembia"	"Haploembia sp2"	2	1261	"Haploembia_sp2"	"Animalia"	"Arthropoda"	"Insecta"	"Oligotomidae"
"KC014563.1"	"Embioptera"	"Oligotomidae"	"Haploembia"	"Haploembia sp3"	1	1260	"Haploembia_sp3"	"Animalia"	"Arthropoda"	"Insecta"	"Oligotomidae"
"KC014564.1"	"Embioptera"	"Oligotomidae"	"Haploembia"	"Haploembia sp4"	1	1260	"Haploembia_sp4"	"Animalia"	"Arthropoda"	"Insecta"	"Oligotomidae"
"KC014543.1"	"Embioptera"	"Oligotomidae"	"Haploembia"	"Haploembia sp5"	1	828	"Haploembia_sp5"	"Animalia"	"Arthropoda"	"Insecta"	"Oligotomidae"
"KX091848.1"	"Embioptera"	"Oligotomidae"	"Aposthonia"	"Aposthonia borneensis"	1306	2841	"Aposthonia_borneensis"	"Animalia"	"Arthropoda"	"Insecta"	"Oligotomidae"
"MT011512.1"	"Embioptera"	"Oligotomidae"	"Aposthonia"	"Aposthonia japonica"	1	1539	"Aposthonia_japonica"	"Animalia"	"Arthropoda"	"Insecta"	"Oligotomidae"
"HM376978.1"	"Embioptera"	"Oligotomidae"	"Aposthonia"	"Aposthonia ceylonica"	2	658	"Aposthonia_ceylonica"	"Animalia"	"Arthropoda"	"Insecta"	"Oligotomidae"
"JQ907053.1"	"Embioptera"	"Oligotomidae"	"Aposthonia"	"Aposthonia gurneyi"	2	874	"Aposthonia_gurneyi"	"Animalia"	"Arthropoda"	"Insecta"	"Oligotomidae"
"JQ907056.1"	"Embioptera"	"Oligotomidae"	"Aposthonia"	"Aposthonia glauerti"	2	1282	"Aposthonia_glauerti"	"Animalia"	"Arthropoda"	"Insecta"	"Oligotomidae"
"JQ907069.1"	"Embioptera"	"Oligotomidae"	"Aposthonia"	"Aposthonia sp1"	2	1282	"Aposthonia_sp1"	"Animalia"	"Arthropoda"	"Insecta"	"Oligotomidae"
"JQ907071.1"	"Embioptera"	"Oligotomidae"	"Aposthonia"	"Aposthonia sp2"	2	874	"Aposthonia_sp2"	"Animalia"	"Arthropoda"	"Insecta"	"Oligotomidae"
"JQ907084.1"	"Embioptera"	"Oligotomidae"	"Aposthonia"	"Aposthonia sp3"	2	673	"Aposthonia_sp3"	"Animalia"	"Arthropoda"	"Insecta"	"Oligotomidae"
"JQ907087.1"	"Embioptera"	"Oligotomidae"	"Aposthonia"	"Aposthonia sp4"	2	673	"Aposthonia_sp4"	"Animalia"	"Arthropoda"	"Insecta"	"Oligotomidae"
"OL379529.1"	"Embioptera"	"Oligotomidae"	"Aposthonia"	"Aposthonia sp5"	1	678	"Aposthonia_sp5"	"Animalia"	"Arthropoda"	"Insecta"	"Oligotomidae"
"JQ907046.1"	"Embioptera"	"Oligotomidae"	"Oligotoma"	"Oligotoma saundersii"	2	874	"Oligotoma_saundersii"	"Animalia"	"Arthropoda"	"Insecta"	"Oligotomidae"
"KY835149.1"	"Embioptera"	"Oligotomidae"	"Oligotoma"	"Oligotoma nigra"	2	658	"Oligotoma_nigra"	"Animalia"	"Arthropoda"	"Insecta"	"Oligotomidae"
"JQ907048.1"	"Embioptera"	"Oligotomidae"	"Oligotoma"	"Oligotoma humbertiana"	2	874	"Oligotoma_humbertiana"	"Animalia"	"Arthropoda"	"Insecta"	"Oligotomidae"
"JQ907086.1"	"Embioptera"	"Oligotomidae"	"Lobosembia"	"Lobosembia sp"	2	673	"Lobosembia_sp"	"Animalia"	"Arthropoda"	"Insecta"	"Oligotomidae"
"JQ907070.1"	"Embioptera"	"Ptilocerembiidae"	"Ptilocerembia"	"Ptilocerembia roepkei"	2	874	"Ptilocerembia_roepkei"	"Animalia"	"Arthropoda"	"Insecta"	"Ptilocerembiidae"
"JQ907082.1"	"Embioptera"	"Ptilocerembiidae"	"Ptilocerembia"	"Ptilocerembia sp1"	2	673	"Ptilocerembia_sp1"	"Animalia"	"Arthropoda"	"Insecta"	"Ptilocerembiidae"
"JQ907085.1"	"Embioptera"	"Ptilocerembiidae"	"Ptilocerembia"	"Ptilocerembia sp2"	2	673	"Ptilocerembia_sp2"	"Animalia"	"Arthropoda"	"Insecta"	"Ptilocerembiidae"
"MH187268.1"	"Embioptera"	"Ptilocerembiidae"	"Ptilocerembia"	"Ptilocerembia sp3"	2	466	"Ptilocerembia_sp3"	"Animalia"	"Arthropoda"	"Insecta"	"Ptilocerembiidae"
"MH187269.1"	"Embioptera"	"Ptilocerembiidae"	"Ptilocerembia"	"Ptilocerembia sp4"	2	466	"Ptilocerembia_sp4"	"Animalia"	"Arthropoda"	"Insecta"	"Ptilocerembiidae"
"MH187270.1"	"Embioptera"	"Ptilocerembiidae"	"Ptilocerembia"	"Ptilocerembia sp5"	2	466	"Ptilocerembia_sp5"	"Animalia"	"Arthropoda"	"Insecta"	"Ptilocerembiidae"
"JQ907054.1"	"Embioptera"	"Scelembiidae"	"Pararhagadochir"	"Pararhagadochir flavicollis"	2	1282	"Pararhagadochir_flavicollis"	"Animalia"	"Arthropoda"	"Insecta"	"Scelembiidae"
"JQ907030.1"	"Embioptera"	"Scelembiidae"	"Pararhagadochir"	"Pararhagadochir sp1"	2	874	"Pararhagadochir_sp1"	"Animalia"	"Arthropoda"	"Insecta"	"Scelembiidae"
"JQ907035.1"	"Embioptera"	"Scelembiidae"	"Pararhagadochir"	"Pararhagadochir trachelia"	2	673	"Pararhagadochir_trachelia"	"Animalia"	"Arthropoda"	"Insecta"	"Scelembiidae"
"JQ907036.1"	"Embioptera"	"Scelembiidae"	"Pararhagadochir"	"Pararhagadochir schadei"	2	823	"Pararhagadochir_schadei"	"Animalia"	"Arthropoda"	"Insecta"	"Scelembiidae"
"JQ907045.1"	"Embioptera"	"Scelembiidae"	"Pararhagadochir"	"Pararhagadochir sp2"	2	874	"Pararhagadochir_sp2"	"Animalia"	"Arthropoda"	"Insecta"	"Scelembiidae"
"JQ907079.1"	"Embioptera"	"Scelembiidae"	"Pararhagadochir"	"Pararhagadochir sp3"	2	640	"Pararhagadochir_sp3"	"Animalia"	"Arthropoda"	"Insecta"	"Scelembiidae"
"JQ907081.1"	"Embioptera"	"Scelembiidae"	"Pararhagadochir"	"Pararhagadochir sp4"	2	673	"Pararhagadochir_sp4"	"Animalia"	"Arthropoda"	"Insecta"	"Scelembiidae"
"JQ907049.1"	"Embioptera"	"Scelembiidae"	"Biguembia"	"Biguembia obscura"	2	874	"Biguembia_obscura"	"Animalia"	"Arthropoda"	"Insecta"	"Scelembiidae"
"JQ907029.1"	"Embioptera"	"Scelembiidae"	"Biguembia"	"Biguembia multivenosa"	2	874	"Biguembia_multivenosa"	"Animalia"	"Arthropoda"	"Insecta"	"Scelembiidae"
"JQ907031.1"	"Embioptera"	"Teratembiidae"	"Teratembia"	"Teratembia sp"	2	1282	"Teratembia_sp"	"Animalia"	"Arthropoda"	"Insecta"	"Teratembiidae"
"JQ907040.1"	"Embioptera"	"Teratembiidae"	"Teratembia"	"Teratembia geniculata"	2	673	"Teratembia_geniculata"	"Animalia"	"Arthropoda"	"Insecta"	"Teratembiidae"
"JQ907043.1"	"Embioptera"	"Teratembiidae"	"Diradius"	"Diradius vandykei"	2	823	"Diradius_vandykei"	"Animalia"	"Arthropoda"	"Insecta"	"Teratembiidae"
"JQ907044.1"	"Embioptera"	"Teratembiidae"	"Oligembia"	"Oligembia hubbardi"	2	673	"Oligembia_hubbardi"	"Animalia"	"Arthropoda"	"Insecta"	"Teratembiidae"
"DQ241796.1"	"Grylloblattodea"	"Grylloblattidae"	"Grylloblatta"	"Grylloblatta sculleni"	1285	2814	"Grylloblatta_sculleni"	"Animalia"	"Arthropoda"	"Insecta"	"Grylloblattidae"
"KM530619.1"	"Grylloblattodea"	"Grylloblattidae"	"Grylloblatta"	"Grylloblatta sp"	2	658	"Grylloblatta_sp"	"Animalia"	"Arthropoda"	"Insecta"	"Grylloblattidae"
"MT011533.1"	"Grylloblattodea"	"Grylloblattidae"	"Grylloblatta"	"Grylloblatta bifratrilecta"	1	1545	"Grylloblatta_bifratrilecta"	"Animalia"	"Arthropoda"	"Insecta"	"Grylloblattidae"
"NC_007701.1"	"Mantophasmatodea"	"Mantohasmatidae"	"Sclerophasma"	"Sclerophasma paresisense"	1438	2970	"Sclerophasma_paresisense"	"Animalia"	"Arthropoda"	"Insecta"	"Mantohasmatidae"
"DQ241799.1"	"Phasmatodea"	"Timematidae"	"Timema"	"Timema californicum"	1257	2798	"Timema_californicum"	"Animalia"	"Arthropoda"	"Insecta"	"Timematidae"
"MW450874.1"	"Phasmatodea"	"Pseudophasmatidae"	"Peruphasma"	"Peruphasma schultei"	1409	2941	"Peruphasma_schultei"	"Animalia"	"Arthropoda"	"Insecta"	"Pseudophasmatidae"
"NC_014680.1"	"Phasmatodea"	"Heteropterygidae"	"Heteropteryx"	"Heteropteryx dilatata"	1410	2942	"Heteropteryx_dilatata"	"Animalia"	"Arthropoda"	"Insecta"	"Heteropterygidae"
