"GenBank"	"Family"	"Genus"	"Species"	"Start"	"Stop"	"TipLabel"	"Kingdom"	"Phylum"	"Class"	"Order"	"Clade"
"JQ907032.1"	"Clothodidae"	"Antipaluria"	"Antipaluria urichi"	2	874	"Antipaluria_urichi"	"Eukaryota"	"Arthropoda"	"Insecta"	"Embioptera"	"Clothodidae"
"JQ907074.1"	"Clothodidae"	"Clothoda"	"Clothoda longicauda"	2	673	"Clothoda_longicauda"	"Eukaryota"	"Arthropoda"	"Insecta"	"Embioptera"	"Clothodidae"
"JQ907078.1"	"Andesembiidae"	"Andesembia"	"Andesembia banosae"	2	673	"Andesembia_banosae"	"Eukaryota"	"Arthropoda"	"Insecta"	"Embioptera"	"Andesembiidae"
"JQ907062.1"	"Anisembiidae"	"Chelicerca"	"Chelicerca heymonsi"	2	673	"Chelicerca_heymonsi"	"Eukaryota"	"Arthropoda"	"Insecta"	"Embioptera"	"Anisembiidae"
"JQ907052.1"	"Anisembiidae"	"Cryptembia"	"Cryptembia amazonica"	2	874	"Cryptembia_amazonica"	"Eukaryota"	"Arthropoda"	"Insecta"	"Embioptera"	"Anisembiidae"
"JQ907050.1"	"Anisembiidae"	"Dactylocerca"	"Dactylocerca rubra"	2	874	"Dactylocerca_rubra"	"Eukaryota"	"Arthropoda"	"Insecta"	"Embioptera"	"Anisembiidae"
"JQ907042.1"	"Anisembiidae"	"Stenembla"	"Stenembla sp"	2	1282	"Stenembla_sp"	"Eukaryota"	"Arthropoda"	"Insecta"	"Embioptera"	"Anisembiidae"
"JQ907041.1"	"Anisembiidae"	"Anisembia"	"Anisembia texana"	2	1282	"Anisembia_texana"	"Eukaryota"	"Arthropoda"	"Insecta"	"Embioptera"	"Anisembiidae"
"JQ907080.1"	"Archembiidae"	"Gibocercus"	"Gibocercus sandrae"	2	673	"Gibocercus_sandrae"	"Eukaryota"	"Arthropoda"	"Insecta"	"Embioptera"	"Archembiidae"
"JQ907075.1"	"Archembiidae"	"Calamoclostes"	"Calamoclostes sp"	2	673	"Gibocercus_sandrae"	"Eukaryota"	"Arthropoda"	"Insecta"	"Embioptera"	"Archembiidae"
"JQ907063.1"	"Archembiidae"	"Conicercembia"	"Conicercembia septentrionalis"	2	874	"Gibocercus_sandrae"	"Eukaryota"	"Arthropoda"	"Insecta"	"Embioptera"	"Archembiidae"
"JQ907060.1"	"Archembiidae"	"Neorhagadochir"	"Neorhagadochir moreliensis"	2	874	"Neorhagadochir_moreliensis"	"Eukaryota"	"Arthropoda"	"Insecta"	"Embioptera"	"Archembiidae"
"JQ907055.1"	"Archembiidae"	"Archembia"	"Archembia batesi"	2	1261	"Archembia_batesi"	"Eukaryota"	"Arthropoda"	"Insecta"	"Embioptera"	"Archembiidae"
"JQ907090.1"	"Australembiidae"	"Metoligotoma"	"Metoligotoma incompta"	1	1215	"Metoligotoma_incompta"	"Eukaryota"	"Arthropoda"	"Insecta"	"Embioptera"	"Australembiidae"
"EU157063.1"	"Australembiidae"	"Australembia"	"Australembia rileyi"	2	1291	"Australembia_rileyi"	"Eukaryota"	"Arthropoda"	"Insecta"	"Embioptera"	"Australembiidae"
"JQ907064.1"	"Embiidae"	"Odontembia"	"Odontembia jacobi"	2	673	"Odontembia_jacobi"	"Eukaryota"	"Arthropoda"	"Insecta"	"Embioptera"	"Embiidae"
"JQ907057.1"	"Embiidae"	"Embia"	"Embia tyrrhenica"	2	1261	"Embia_tyrrhenica"	"Eukaryota"	"Arthropoda"	"Insecta"	"Embioptera"	"Embiidae"
"JQ907033.1"	"Notoligotomidae"	"Notoligotoma"	"Notoligotoma hardyi"	2	673	"Notoligotoma_hardyi"	"Eukaryota"	"Arthropoda"	"Insecta"	"Embioptera"	"Notoligotomidae"
"KX091852.1"	"Oligotomidae"	"Eosembia"	"Eosembia sp"	2387	3925	"Eosembia_sp"	"Eukaryota"	"Arthropoda"	"Insecta"	"Embioptera"	"Oligotomidae"
"JQ907039.1"	"Oligotomidae"	"Haploembia"	"Haploembia solieri"	2	1027	"Haploembia_solieri"	"Eukaryota"	"Arthropoda"	"Insecta"	"Embioptera"	"Oligotomidae"
"KX091848.1"	"Oligotomidae"	"Aposthonia"	"Aposthonia borneensis"	1306	2841	"Aposthonia_borneensis"	"Eukaryota"	"Arthropoda"	"Insecta"	"Embioptera"	"Oligotomidae"
"KC014538.1"	"Oligotomidae"	"Oligotoma"	"Oligotoma saundersii"	2	1261	"Oligotoma_nigra"	"Eukaryota"	"Arthropoda"	"Insecta"	"Embioptera"	"Oligotomidae"
"JQ907086.1"	"Oligotomidae"	"Lobosembia"	"Lobosembia sp"	2	673	"Lobosembia sp"	"Eukaryota"	"Arthropoda"	"Insecta"	"Embioptera"	"Oligotomidae"
"JQ907070.1"	"Ptilocerembiidae"	"Ptilocerembia"	"Ptilocerembia roepkei"	2	874	"Ptilocerembia_roepkei"	"Eukaryota"	"Arthropoda"	"Insecta"	"Embioptera"	"Ptilocerembiidae"
"JQ907054.1"	"Scelembiidae"	"Pararhagadochir"	"Pararhagadochir flavicollis"	2	1282	"Pararhagadochir_flavicollis"	"Eukaryota"	"Arthropoda"	"Insecta"	"Embioptera"	"Scelembiidae"
"JQ907049.1"	"Scelembiidae"	"Biguembia"	"Biguembia obscura"	2	874	"Biguembia_obscura"	"Eukaryota"	"Arthropoda"	"Insecta"	"Embioptera"	"Scelembiidae"
"JQ907031.1"	"Teratembiidae"	"Teratembia"	"Teratembia sp"	2	1282	"Teratembia_sp"	"Eukaryota"	"Arthropoda"	"Insecta"	"Embioptera"	"Teratembiidae"
"JQ907043.1"	"Teratembiidae"	"Diradius"	"Diradius vandykei"	2	825	"Diradius_vandykei"	"Eukaryota"	"Arthropoda"	"Insecta"	"Embioptera"	"Teratembiidae"
"JQ907044.1"	"Teratembiidae"	"Oligembia"	"Oligembia hubbardi"	2	673	"Oligembia_hubbardi"	"Eukaryota"	"Arthropoda"	"Insecta"	"Embioptera"	"Teratembiidae"
