TipLabel;Kingdom;Phylum;Class;Order;Family;Subfamily;Tribe;Clade;Genus;Species
Ecphysis_robiginosa;Animalia;Arthropoda;Insecta;Hymenoptera;Ichneumonidae;Claseinae;;Claseinae;Ecphysis;Ecphysis robiginosa
Syrphophilus_tricinctorius;Animalia;Arthropoda;Insecta;Hymenoptera;Ichneumonidae;Diplazontinae;;Diplazontinae;Syrphophilus;Syrphophilus tricinctorius
Syrphophilus_bizonarius;Animalia;Arthropoda;Insecta;Hymenoptera;Ichneumonidae;Diplazontinae;;Diplazontinae;Syrphophilus;Syrphophilus bizonarius
Campocraspedon_annulitarsis;Animalia;Arthropoda;Insecta;Hymenoptera;Ichneumonidae;Diplazontinae;;Diplazontinae;Campocraspedon;Campocraspedon annulitarsis
Dolichomitus_terebrans;Animalia;Arthropoda;Insecta;Hymenoptera;Ichneumonidae;Pimplinae;Ephialtini;Pimplinae;Dolichomitus;Dolichomitus terebrans
Syrphoctonus_melanogaster;Animalia;Arthropoda;Insecta;Hymenoptera;Ichneumonidae;Diplazontinae;;Diplazontinae;Syrphoctonus;Syrphoctonus melanogaster
Syrphophilus_asperatus;Animalia;Arthropoda;Insecta;Hymenoptera;Ichneumonidae;Diplazontinae;;Diplazontinae;Syrphophilus;Syrphophilus asperatus
Syrphoctonus_subopacus;Animalia;Arthropoda;Insecta;Hymenoptera;Ichneumonidae;Diplazontinae;;Diplazontinae;Syrphoctonus;Syrphoctonus subopacus
Syrphoctonus_nigritarsus;Animalia;Arthropoda;Insecta;Hymenoptera;Ichneumonidae;Diplazontinae;;Diplazontinae;Syrphoctonus;Syrphoctonus nigritarsus
Syrphoctonus_elegans;Animalia;Arthropoda;Insecta;Hymenoptera;Ichneumonidae;Diplazontinae;;Diplazontinae;Syrphoctonus;Syrphoctonus elegans
Syrphoctonus_longiventris;Animalia;Arthropoda;Insecta;Hymenoptera;Ichneumonidae;Diplazontinae;;Diplazontinae;Syrphoctonus;Syrphoctonus longiventris
Xestopelta_gracillima;Animalia;Arthropoda;Insecta;Hymenoptera;Ichneumonidae;Diplazontinae;;Diplazontinae;Xestopelta;Xestopelta gracillima
Scambus_pterophori;Animalia;Arthropoda;Insecta;Hymenoptera;Ichneumonidae;Pimplinae;Ephialtini;Pimplinae;Scambus;Scambus pterophori
Erromenus_punctulatus;Animalia;Arthropoda;Insecta;Hymenoptera;Ichneumonidae;Tryphoninae;Tryphonini;Tryphoninae;Erromenus;Erromenus punctulatus
Syrphoctonus_pallipes;Animalia;Arthropoda;Insecta;Hymenoptera;Ichneumonidae;Diplazontinae;;Diplazontinae;Syrphoctonus;Syrphoctonus pallipes
Woldstedtius_citropectoralis;Animalia;Arthropoda;Insecta;Hymenoptera;Ichneumonidae;Diplazontinae;;Diplazontinae;Woldstedtius;Woldstedtius citropectoralis
Woldstedtius_holarcticus;Animalia;Arthropoda;Insecta;Hymenoptera;Ichneumonidae;Diplazontinae;;Diplazontinae;Woldstedtius;Woldstedtius holarcticus
Itoplectis_conquisitor;Animalia;Arthropoda;Insecta;Hymenoptera;Ichneumonidae;Pimplinae;Pimplini;Pimplinae;Itoplectis;Itoplectis conquisitor
Syrphoctonus_signatus;Animalia;Arthropoda;Insecta;Hymenoptera;Ichneumonidae;Diplazontinae;;Diplazontinae;Syrphoctonus;Syrphoctonus signatus
Syrphoctonus_tarsatorius;Animalia;Arthropoda;Insecta;Hymenoptera;Ichneumonidae;Diplazontinae;;Diplazontinae;Syrphoctonus;Syrphoctonus tarsatorius
Woldstedtius_flavolineatus;Animalia;Arthropoda;Insecta;Hymenoptera;Ichneumonidae;Diplazontinae;;Diplazontinae;Woldstedtius;Woldstedtius flavolineatus
Syrphophilus_tricinctus;Animalia;Arthropoda;Insecta;Hymenoptera;Ichneumonidae;Diplazontinae;;Diplazontinae;Syrphophilus;Syrphophilus tricinctus
Pimpla_croceipes;Animalia;Arthropoda;Insecta;Hymenoptera;Ichneumonidae;Pimplinae;Pimplini;Pimplinae;Pimpla;Pimpla croceipes
Sussaba_cultriformis;Animalia;Arthropoda;Insecta;Hymenoptera;Ichneumonidae;Diplazontinae;;Diplazontinae;Sussaba;Sussaba cultriformis
Rhyssa_amoena;Animalia;Arthropoda;Insecta;Hymenoptera;Ichneumonidae;Rhyssinae;;Rhyssinae;Rhyssa;Rhyssa amoena
Homotropus_pacificus;Animalia;Arthropoda;Insecta;Hymenoptera;Ichneumonidae;Diplazontinae;;Diplazontinae;Homotropus;Homotropus pacificus
Woldstedtius_biguttatus;Animalia;Arthropoda;Insecta;Hymenoptera;Ichneumonidae;Diplazontinae;;Diplazontinae;Woldstedtius;Woldstedtius biguttatus
Mesoleptidea_stalii;Animalia;Arthropoda;Insecta;Hymenoptera;Ichneumonidae;Ctenopelmatinae;Euryproctini;Ctenopelmatinae;Mesoleptidea;Mesoleptidea stalii
Tromatobia_notator;Animalia;Arthropoda;Insecta;Hymenoptera;Ichneumonidae;Pimplinae;Ephialtini;Pimplinae;Tromatobia;Tromatobia notator
Clistopyga_canadensis;Animalia;Arthropoda;Insecta;Hymenoptera;Ichneumonidae;Pimplinae;Ephialtini;Pimplinae;Clistopyga;Clistopyga canadensis
Pimpla_sodalis;Animalia;Arthropoda;Insecta;Hymenoptera;Ichneumonidae;Pimplinae;Pimplini;Pimplinae;Pimpla;Pimpla sodalis
Scambus_vesicarius;Animalia;Arthropoda;Insecta;Hymenoptera;Ichneumonidae;Pimplinae;Ephialtini;Pimplinae;Scambus;Scambus vesicarius
Enizemum_ornatum;Animalia;Arthropoda;Insecta;Hymenoptera;Ichneumonidae;Diplazontinae;;Diplazontinae;Enizemum;Enizemum ornatum
Tymmophorus_suspiciosus;Animalia;Arthropoda;Insecta;Hymenoptera;Ichneumonidae;Diplazontinae;;Diplazontinae;Tymmophorus;Tymmophorus suspiciosus
Diplazon_pallicoxa;Animalia;Arthropoda;Insecta;Hymenoptera;Ichneumonidae;Diplazontinae;;Diplazontinae;Diplazon;Diplazon pallicoxa
Syrphoctonus_fissorius;Animalia;Arthropoda;Insecta;Hymenoptera;Ichneumonidae;Diplazontinae;;Diplazontinae;Syrphoctonus;Syrphoctonus fissorius
Glypta_arctica;Animalia;Arthropoda;Insecta;Hymenoptera;Ichneumonidae;Banchinae;Glyptini;Banchinae;Glypta;Glypta arctica
Liotryphon_caudatus;Animalia;Arthropoda;Insecta;Hymenoptera;Ichneumonidae;Pimplinae;Ephialtini;Pimplinae;Liotryphon;Liotryphon caudatus
Phthorima_xanthaspis;Animalia;Arthropoda;Insecta;Hymenoptera;Ichneumonidae;Diplazontinae;;Diplazontinae;Phthorima;Phthorima xanthaspis
Polyblastus_pumilus;Animalia;Arthropoda;Insecta;Hymenoptera;Ichneumonidae;Tryphoninae;Tryphonini;Tryphoninae;Polyblastus;Polyblastus pumilus
Sussaba_flavipes;Animalia;Arthropoda;Insecta;Hymenoptera;Ichneumonidae;Diplazontinae;;Diplazontinae;Sussaba;Sussaba flavipes
Tymmophorus_erythrozonus;Animalia;Arthropoda;Insecta;Hymenoptera;Ichneumonidae;Diplazontinae;;Diplazontinae;Tymmophorus;Tymmophorus erythrozonus
Syrphoctonus_borealis;Animalia;Arthropoda;Insecta;Hymenoptera;Ichneumonidae;Diplazontinae;;Diplazontinae;Syrphoctonus;Syrphoctonus borealis
Collyria_trichophthalma;Animalia;Arthropoda;Insecta;Hymenoptera;Ichneumonidae;Collyriinae;;Collyriinae;Collyria;Collyria trichophthalma
Pimpla_pedalis;Animalia;Arthropoda;Insecta;Hymenoptera;Ichneumonidae;Pimplinae;Pimplini;Pimplinae;Pimpla;Pimpla pedalis
Glypta_macra;Animalia;Arthropoda;Insecta;Hymenoptera;Ichneumonidae;Banchinae;Glyptini;Banchinae;Glypta;Glypta macra
Phytodietus_vulgaris;Animalia;Arthropoda;Insecta;Hymenoptera;Ichneumonidae;Tryphoninae;Phytodietini;Tryphoninae;Phytodietus;Phytodietus vulgaris
Meniscomorpha_pensita;Animalia;Arthropoda;Insecta;Hymenoptera;Ichneumonidae;Banchinae;Atrophini;Banchinae;Meniscomorpha;Meniscomorpha pensita
Chorinaeus_funebris;Animalia;Arthropoda;Insecta;Hymenoptera;Ichneumonidae;Metopiinae;;Metopiinae;Chorinaeus;Chorinaeus funebris
Pantisarthrus_lubricus;Animalia;Arthropoda;Insecta;Hymenoptera;Ichneumonidae;Orthocentrinae;;Orthocentrinae;Pantisarthrus;Pantisarthrus lubricus
Tymmophorus_obscuripes;Animalia;Arthropoda;Insecta;Hymenoptera;Ichneumonidae;Diplazontinae;;Diplazontinae;Tymmophorus;Tymmophorus obscuripes
Syrphoctonus_desvignesii;Animalia;Arthropoda;Insecta;Hymenoptera;Ichneumonidae;Diplazontinae;;Diplazontinae;Syrphoctonus;Syrphoctonus desvignesii
Woldstedtius_flavicauda;Animalia;Arthropoda;Insecta;Hymenoptera;Ichneumonidae;Diplazontinae;;Diplazontinae;Woldstedtius;Woldstedtius flavicauda
Diplazon_annulatus;Animalia;Arthropoda;Insecta;Hymenoptera;Ichneumonidae;Diplazontinae;;Diplazontinae;Diplazon;Diplazon annulatus
Sussaba_punctiventris;Animalia;Arthropoda;Insecta;Hymenoptera;Ichneumonidae;Diplazontinae;;Diplazontinae;Sussaba;Sussaba punctiventris
Stenomacrus_groenlandicus;Animalia;Arthropoda;Insecta;Hymenoptera;Ichneumonidae;Orthocentrinae;;Orthocentrinae;Stenomacrus;Stenomacrus groenlandicus
Glypta_fumiferanae;Animalia;Arthropoda;Insecta;Hymenoptera;Ichneumonidae;Banchinae;Glyptini;Banchinae;Glypta;Glypta fumiferanae
Chiloplatys_dmitrii;Animalia;Arthropoda;Insecta;Hymenoptera;Ichneumonidae;Tryphoninae;Tryphonini;Tryphoninae;Chiloplatys;Chiloplatys dmitrii
Syrphoctonus_crassicrus;Animalia;Arthropoda;Insecta;Hymenoptera;Ichneumonidae;Diplazontinae;;Diplazontinae;Syrphoctonus;Syrphoctonus crassicrus
Sussaba_aciculata;Animalia;Arthropoda;Insecta;Hymenoptera;Ichneumonidae;Diplazontinae;;Diplazontinae;Sussaba;Sussaba aciculata
Diplazon_tetragonus;Animalia;Arthropoda;Insecta;Hymenoptera;Ichneumonidae;Diplazontinae;;Diplazontinae;Diplazon;Diplazon tetragonus
Diplazon_laetatorius;Animalia;Arthropoda;Insecta;Hymenoptera;Ichneumonidae;Diplazontinae;;Diplazontinae;Diplazon;Diplazon laetatorius
Sussaba_cognata;Animalia;Arthropoda;Insecta;Hymenoptera;Ichneumonidae;Diplazontinae;;Diplazontinae;Sussaba;Sussaba cognata
Scambus_hispae;Animalia;Arthropoda;Insecta;Hymenoptera;Ichneumonidae;Pimplinae;Ephialtini;Pimplinae;Scambus;Scambus hispae
Homotropus_hygrobius;Animalia;Arthropoda;Insecta;Hymenoptera;Ichneumonidae;Diplazontinae;;Diplazontinae;Homotropus;Homotropus hygrobius
Dusona_gracilis;Animalia;Arthropoda;Insecta;Hymenoptera;Ichneumonidae;Campopleginae;;Campopleginae;Dusona;Dusona gracilis
Scambus_decorus;Animalia;Arthropoda;Insecta;Hymenoptera;Ichneumonidae;Pimplinae;Ephialtini;Pimplinae;Scambus;Scambus decorus
Absyrtus_vicinator;Animalia;Arthropoda;Insecta;Hymenoptera;Ichneumonidae;Ctenopelmatinae;Perilissini;Ctenopelmatinae;Absyrtus;Absyrtus vicinator
Adelognathus_cubiceps;Animalia;Arthropoda;Insecta;Hymenoptera;Ichneumonidae;Adelognathinae;;Adelognathinae;Adelognathus;Adelognathus cubiceps
Bathythrix_longiceps;Animalia;Arthropoda;Insecta;Hymenoptera;Ichneumonidae;Phygadeuontinae;;Phygadeuontinae;Bathythrix;Bathythrix longiceps
Woldstedtius_nigrolineatus;Animalia;Arthropoda;Insecta;Hymenoptera;Ichneumonidae;Diplazontinae;;Diplazontinae;Woldstedtius;Woldstedtius nigrolineatus
Diplazon_hyperboreus;Animalia;Arthropoda;Insecta;Hymenoptera;Ichneumonidae;Diplazontinae;;Diplazontinae;Diplazon;Diplazon hyperboreus
Dusona_minor;Animalia;Arthropoda;Insecta;Hymenoptera;Ichneumonidae;Campopleginae;;Campopleginae;Dusona;Dusona minor
Gnotus_chionops;Animalia;Arthropoda;Insecta;Hymenoptera;Ichneumonidae;Phygadeuontinae;;Phygadeuontinae;Gnotus;Gnotus chionops
Crypteffigies_confusus;Animalia;Arthropoda;Insecta;Hymenoptera;Ichneumonidae;Ichneumoninae;Ichneumonini;Ichneumoninae;Crypteffigies;Crypteffigies confusus
Campocraspedon_caudatus;Animalia;Arthropoda;Insecta;Hymenoptera;Ichneumonidae;Diplazontinae;;Diplazontinae;Campocraspedon;Campocraspedon caudatus
Dolichomitus_imperator;Animalia;Arthropoda;Insecta;Hymenoptera;Ichneumonidae;Pimplinae;Ephialtini;Pimplinae;Dolichomitus;Dolichomitus imperator
Diplazon_pectoratorius;Animalia;Arthropoda;Insecta;Hymenoptera;Ichneumonidae;Diplazontinae;;Diplazontinae;Diplazon;Diplazon pectoratorius
Chiloplatys_mexicanus;Animalia;Arthropoda;Insecta;Hymenoptera;Ichneumonidae;Tryphoninae;Tryphonini;Tryphoninae;Chiloplatys;Chiloplatys mexicanus
Asthenara_socia;Animalia;Arthropoda;Insecta;Hymenoptera;Ichneumonidae;Ctenopelmatinae;Pionini;Ctenopelmatinae;Asthenara;Asthenara socia
Endasys_plagiator;Animalia;Arthropoda;Insecta;Hymenoptera;Ichneumonidae;Phygadeuontinae;;Phygadeuontinae;Endasys;Endasys plagiator
Procinetus_decimator;Animalia;Arthropoda;Insecta;Hymenoptera;Ichneumonidae;Acaenitinae;;Acaenitinae;Procinetus;Procinetus decimator
Mesoleptidea_cingulata;Animalia;Arthropoda;Insecta;Hymenoptera;Ichneumonidae;Ctenopelmatinae;Euryproctini;Ctenopelmatinae;Mesoleptidea;Mesoleptidea cingulata
Woldstedtius_isidroi;Animalia;Arthropoda;Insecta;Hymenoptera;Ichneumonidae;Diplazontinae;;Diplazontinae;Woldstedtius;Woldstedtius isidroi
Picrostigeus_obscurus;Animalia;Arthropoda;Insecta;Hymenoptera;Ichneumonidae;Orthocentrinae;;Orthocentrinae;Picrostigeus;Picrostigeus obscurus
Gregopimpla_ussuriensis;Animalia;Arthropoda;Insecta;Hymenoptera;Ichneumonidae;Pimplinae;Ephialtini;Pimplinae;Gregopimpla;Gregopimpla ussuriensis
Chiloplatys_fasciatus;Animalia;Arthropoda;Insecta;Hymenoptera;Ichneumonidae;Tryphoninae;Tryphonini;Tryphoninae;Chiloplatys;Chiloplatys fasciatus
Aperileptus_tricinctus;Animalia;Arthropoda;Insecta;Hymenoptera;Ichneumonidae;Orthocentrinae;;Orthocentrinae;Aperileptus;Aperileptus tricinctus
Barycnemis_gravipes;Animalia;Arthropoda;Insecta;Hymenoptera;Ichneumonidae;Tersilochinae;;Tersilochinae;Barycnemis;Barycnemis gravipes
Diplazon_neoalpinus;Animalia;Arthropoda;Insecta;Hymenoptera;Ichneumonidae;Diplazontinae;;Diplazontinae;Diplazon;Diplazon neoalpinus
Dusona_auriculator;Animalia;Arthropoda;Insecta;Hymenoptera;Ichneumonidae;Campopleginae;;Campopleginae;Dusona;Dusona auriculator
Sussaba_tertia;Animalia;Arthropoda;Insecta;Hymenoptera;Ichneumonidae;Diplazontinae;;Diplazontinae;Sussaba;Sussaba tertia
Aperileptus_albipalpus;Animalia;Arthropoda;Insecta;Hymenoptera;Ichneumonidae;Orthocentrinae;;Orthocentrinae;Aperileptus;Aperileptus albipalpus
Syrphoctonus_lissosoma;Animalia;Arthropoda;Insecta;Hymenoptera;Ichneumonidae;Diplazontinae;;Diplazontinae;Syrphoctonus;Syrphoctonus lissosoma
Scambus_calobatus;Animalia;Arthropoda;Insecta;Hymenoptera;Ichneumonidae;Pimplinae;Ephialtini;Pimplinae;Scambus;Scambus calobatus
Orthocentrus_fulvipes;Animalia;Arthropoda;Insecta;Hymenoptera;Ichneumonidae;Orthocentrinae;;Orthocentrinae;Orthocentrus;Orthocentrus fulvipes
Acrolyta_glacialis;Animalia;Arthropoda;Insecta;Hymenoptera;Ichneumonidae;Phygadeuontinae;;Phygadeuontinae;Acrolyta;Acrolyta glacialis
Syrphoctonus_crassicornis;Animalia;Arthropoda;Insecta;Hymenoptera;Ichneumonidae;Diplazontinae;;Diplazontinae;Syrphoctonus;Syrphoctonus crassicornis
Lissonota_lineolaris;Animalia;Arthropoda;Insecta;Hymenoptera;Ichneumonidae;Banchinae;Atrophini;Banchinae;Lissonota;Lissonota lineolaris
Lapton_femoralis;Animalia;Arthropoda;Insecta;Hymenoptera;Ichneumonidae;Metopiinae;;Metopiinae;Lapton;Lapton femoralis
Neotheronia_tacubaya;Animalia;Arthropoda;Insecta;Hymenoptera;Ichneumonidae;Pimplinae;Theroniini;Pimplinae;Neotheronia;Neotheronia tacubaya
Physotarsus_fabioi;Animalia;Arthropoda;Insecta;Hymenoptera;Ichneumonidae;Ctenopelmatinae;Scolobatini;Ctenopelmatinae;Physotarsus;Physotarsus fabioi
Stenomacrus_exserens;Animalia;Arthropoda;Insecta;Hymenoptera;Ichneumonidae;Orthocentrinae;;Orthocentrinae;Stenomacrus;Stenomacrus exserens
Scambus_planatus;Animalia;Arthropoda;Insecta;Hymenoptera;Ichneumonidae;Pimplinae;Ephialtini;Pimplinae;Scambus;Scambus planatus
Sussaba_pulchella;Animalia;Arthropoda;Insecta;Hymenoptera;Ichneumonidae;Diplazontinae;;Diplazontinae;Sussaba;Sussaba pulchella
Diplazon_bradleyi;Animalia;Arthropoda;Insecta;Hymenoptera;Ichneumonidae;Diplazontinae;;Diplazontinae;Diplazon;Diplazon bradleyi
Catastenus_femoralis;Animalia;Arthropoda;Insecta;Hymenoptera;Ichneumonidae;Orthocentrinae;;Orthocentrinae;Catastenus;Catastenus femoralis
Hyposoter_frigidus;Animalia;Arthropoda;Insecta;Hymenoptera;Ichneumonidae;Campopleginae;;Campopleginae;Hyposoter;Hyposoter frigidus
Ctenochira_propinqua;Animalia;Arthropoda;Insecta;Hymenoptera;Ichneumonidae;Tryphoninae;Tryphonini;Tryphoninae;Ctenochira;Ctenochira propinqua
Tromatobia_variabilis;Animalia;Arthropoda;Insecta;Hymenoptera;Ichneumonidae;Pimplinae;Ephialtini;Pimplinae;Tromatobia;Tromatobia variabilis
Polyblastus_varitarsus;Animalia;Arthropoda;Insecta;Hymenoptera;Ichneumonidae;Tryphoninae;Tryphonini;Tryphoninae;Polyblastus;Polyblastus varitarsus
Dolichomitus_dolichosoma;Animalia;Arthropoda;Insecta;Hymenoptera;Ichneumonidae;Pimplinae;Ephialtini;Pimplinae;Dolichomitus;Dolichomitus dolichosoma
Monoblastus_macer;Animalia;Arthropoda;Insecta;Hymenoptera;Ichneumonidae;Tryphoninae;Tryphonini;Tryphoninae;Monoblastus;Monoblastus macer
Aclastus_gracilis;Animalia;Arthropoda;Insecta;Hymenoptera;Ichneumonidae;Phygadeuontinae;;Phygadeuontinae;Aclastus;Aclastus gracilis
Zatypota_percontatoria;Animalia;Arthropoda;Insecta;Hymenoptera;Ichneumonidae;Pimplinae;Ephialtini;Polysphincta_group;Zatypota;Zatypota percontatoria
Mastrus_ridibundus;Animalia;Arthropoda;Insecta;Hymenoptera;Ichneumonidae;Phygadeuontinae;;Phygadeuontinae;Mastrus;Mastrus ridibundus
Lissonota_recurvariae;Animalia;Arthropoda;Insecta;Hymenoptera;Ichneumonidae;Banchinae;Atrophini;Banchinae;Lissonota;Lissonota recurvariae
Lathrolestes_nigricollis;Animalia;Arthropoda;Insecta;Hymenoptera;Ichneumonidae;Ctenopelmatinae;Perilissini;Ctenopelmatinae;Lathrolestes;Lathrolestes nigricollis
Euryproctus_nemoralis;Animalia;Arthropoda;Insecta;Hymenoptera;Ichneumonidae;Ctenopelmatinae;Euryproctini;Ctenopelmatinae;Euryproctus;Euryproctus nemoralis
Enytus_apostata;Animalia;Arthropoda;Insecta;Hymenoptera;Ichneumonidae;Campopleginae;;Campopleginae;Enytus;Enytus apostata
Syrphoctonus_idari;Animalia;Arthropoda;Insecta;Hymenoptera;Ichneumonidae;Diplazontinae;;Diplazontinae;Syrphoctonus;Syrphoctonus idari
Dolichomitus_irritator;Animalia;Arthropoda;Insecta;Hymenoptera;Ichneumonidae;Pimplinae;Ephialtini;Pimplinae;Dolichomitus;Dolichomitus irritator
Synodites_lineiger;Animalia;Arthropoda;Insecta;Hymenoptera;Ichneumonidae;Ctenopelmatinae;Euryproctini;Ctenopelmatinae;Synodites;Synodites lineiger
Apechthis_quadridentata;Animalia;Arthropoda;Insecta;Hymenoptera;Ichneumonidae;Pimplinae;Pimplini;Pimplinae;Apechthis;Apechthis quadridentata
Monoblastus_innumerabilis;Animalia;Arthropoda;Insecta;Hymenoptera;Ichneumonidae;Tryphoninae;Tryphonini;Tryphoninae;Monoblastus;Monoblastus innumerabilis
Ctenochira_sphaerocephalus;Animalia;Arthropoda;Insecta;Hymenoptera;Ichneumonidae;Tryphoninae;Tryphonini;Tryphoninae;Ctenochira;Ctenochira sphaerocephalus
Enizemum_nigricorne;Animalia;Arthropoda;Insecta;Hymenoptera;Ichneumonidae;Diplazontinae;;Diplazontinae;Enizemum;Enizemum nigricorne
Stictopisthus_lanceolatus;Animalia;Arthropoda;Insecta;Hymenoptera;Ichneumonidae;Mesochorinae;;Mesochorinae;Stictopisthus;Stictopisthus lanceolatus
Pimpla_aequalis;Animalia;Arthropoda;Insecta;Hymenoptera;Ichneumonidae;Pimplinae;Pimplini;Pimplinae;Pimpla;Pimpla aequalis
Cubocephalus_anatorius;Animalia;Arthropoda;Insecta;Hymenoptera;Ichneumonidae;Cryptinae;Hemigastrini;Cryptinae;Cubocephalus;Cubocephalus anatorius
Trachyarus_fuscipes;Animalia;Arthropoda;Insecta;Hymenoptera;Ichneumonidae;Ichneumoninae;Phaeogenini;Ichneumoninae;Trachyarus;Trachyarus fuscipes
Aclastus_solutus;Animalia;Arthropoda;Insecta;Hymenoptera;Ichneumonidae;Phygadeuontinae;;Phygadeuontinae;Aclastus;Aclastus solutus
Phthorima_compressa;Animalia;Arthropoda;Insecta;Hymenoptera;Ichneumonidae;Diplazontinae;;Diplazontinae;Phthorima;Phthorima compressa
Pimpla_nuda;Animalia;Arthropoda;Insecta;Hymenoptera;Ichneumonidae;Pimplinae;Pimplini;Pimplinae;Pimpla;Pimpla nuda
Pimpla_molesta;Animalia;Arthropoda;Insecta;Hymenoptera;Ichneumonidae;Pimplinae;Pimplini;Pimplinae;Pimpla;Pimpla molesta
Deuteroxorides_elevator;Animalia;Arthropoda;Insecta;Hymenoptera;Ichneumonidae;Poemeniinae;Poemeniini;Poemeniinae;Deuteroxorides;Deuteroxorides elevator
Tryphon_signator;Animalia;Arthropoda;Insecta;Hymenoptera;Ichneumonidae;Tryphoninae;Tryphonini;Tryphoninae;Tryphon;Tryphon signator
Campodorus_patagiatus;Animalia;Arthropoda;Insecta;Hymenoptera;Ichneumonidae;Ctenopelmatinae;Mesoleiini;Ctenopelmatinae;Campodorus;Campodorus patagiatus
Tryphon_mystax;Animalia;Arthropoda;Insecta;Hymenoptera;Ichneumonidae;Tryphoninae;Tryphonini;Tryphoninae;Tryphon;Tryphon mystax
Megastylus_caseyi;Animalia;Arthropoda;Insecta;Hymenoptera;Ichneumonidae;Orthocentrinae;;Orthocentrinae;Megastylus;Megastylus caseyi
Atractodes_alpestris;Animalia;Arthropoda;Insecta;Hymenoptera;Ichneumonidae;Phygadeuontinae;;Phygadeuontinae;Atractodes;Atractodes alpestris
Cryptus_arcticus;Animalia;Arthropoda;Insecta;Hymenoptera;Ichneumonidae;Cryptinae;Cryptini;Cryptinae;Cryptus;Cryptus arcticus
Coelichneumonops_occidentalis;Animalia;Arthropoda;Insecta;Hymenoptera;Ichneumonidae;Ichneumoninae;Ichneumonini;Ichneumoninae;Coelichneumonops;Coelichneumonops occidentalis
Atractodes_gravidus;Animalia;Arthropoda;Insecta;Hymenoptera;Ichneumonidae;Phygadeuontinae;;Phygadeuontinae;Atractodes;Atractodes gravidus
Syrphoctonus_vitreus;Animalia;Arthropoda;Insecta;Hymenoptera;Ichneumonidae;Diplazontinae;;Diplazontinae;Syrphoctonus;Syrphoctonus vitreus
Gelis_maesticolor;Animalia;Arthropoda;Insecta;Hymenoptera;Ichneumonidae;Phygadeuontinae;;Phygadeuontinae;Gelis;Gelis maesticolor
Promethes_melanaspis;Animalia;Arthropoda;Insecta;Hymenoptera;Ichneumonidae;Diplazontinae;;Diplazontinae;Promethes;Promethes melanaspis
Sussaba_placita;Animalia;Arthropoda;Insecta;Hymenoptera;Ichneumonidae;Diplazontinae;;Diplazontinae;Sussaba;Sussaba placita
Phygadeuon_melanopygus;Animalia;Arthropoda;Insecta;Hymenoptera;Ichneumonidae;Phygadeuontinae;;Phygadeuontinae;Phygadeuon;Phygadeuon melanopygus
Mesoleius_aulicus;Animalia;Arthropoda;Insecta;Hymenoptera;Ichneumonidae;Ctenopelmatinae;Mesoleiini;Ctenopelmatinae;Mesoleius;Mesoleius aulicus
Rhorus_neustriae;Animalia;Arthropoda;Insecta;Hymenoptera;Ichneumonidae;Ctenopelmatinae;Pionini;Ctenopelmatinae;Rhorus;Rhorus neustriae
Hadrodactylus_vulneratus;Animalia;Arthropoda;Insecta;Hymenoptera;Ichneumonidae;Ctenopelmatinae;Euryproctini;Ctenopelmatinae;Hadrodactylus;Hadrodactylus vulneratus
Erromenus_caelator;Animalia;Arthropoda;Insecta;Hymenoptera;Ichneumonidae;Tryphoninae;Tryphonini;Tryphoninae;Erromenus;Erromenus caelator
Anoncus_marginellus;Animalia;Arthropoda;Insecta;Hymenoptera;Ichneumonidae;Ctenopelmatinae;Mesoleiini;Ctenopelmatinae;Anoncus;Anoncus marginellus
Gnotus_tenuipes;Animalia;Arthropoda;Insecta;Hymenoptera;Ichneumonidae;Phygadeuontinae;;Phygadeuontinae;Gnotus;Gnotus tenuipes
Leptobatopsis_appendiculata;Animalia;Arthropoda;Insecta;Hymenoptera;Ichneumonidae;Banchinae;Atrophini;Banchinae;Leptobatopsis;Leptobatopsis appendiculata
Mesochorus_unicarinatus;Animalia;Arthropoda;Insecta;Hymenoptera;Ichneumonidae;Mesochorinae;;Mesochorinae;Mesochorus;Mesochorus unicarinatus
Ichneumon_discoensis;Animalia;Arthropoda;Insecta;Hymenoptera;Ichneumonidae;Ichneumoninae;Ichneumonini;Ichneumoninae;Ichneumon;Ichneumon discoensis
Orthizema_flavicorne;Animalia;Arthropoda;Insecta;Hymenoptera;Ichneumonidae;Phygadeuontinae;;Phygadeuontinae;Orthizema;Orthizema flavicorne
Rhorus_substitutor;Animalia;Arthropoda;Insecta;Hymenoptera;Ichneumonidae;Ctenopelmatinae;Pionini;Ctenopelmatinae;Rhorus;Rhorus substitutor
Sphelodon_wardae;Animalia;Arthropoda;Insecta;Hymenoptera;Ichneumonidae;Banchinae;Glyptini;Banchinae;Sphelodon;Sphelodon wardae
Proclitus_praetor;Animalia;Arthropoda;Insecta;Hymenoptera;Ichneumonidae;Orthocentrinae;;Orthocentrinae;Proclitus;Proclitus praetor
Campoletis_horstmanni;Animalia;Arthropoda;Insecta;Hymenoptera;Ichneumonidae;Campopleginae;;Campopleginae;Campoletis;Campoletis horstmanni
Cratichneumon_viator;Animalia;Arthropoda;Insecta;Hymenoptera;Ichneumonidae;Ichneumoninae;Ichneumonini;Ichneumoninae;Cratichneumon;Cratichneumon viator
Enicospilus_ramidulus;Animalia;Arthropoda;Insecta;Hymenoptera;Ichneumonidae;Ophioninae;;Ophioninae;Enicospilus;Enicospilus ramidulus
Bathyplectes_curculionis;Animalia;Arthropoda;Insecta;Hymenoptera;Ichneumonidae;Campopleginae;;Campopleginae;Bathyplectes;Bathyplectes curculionis
Netelia_sayi;Animalia;Arthropoda;Insecta;Hymenoptera;Ichneumonidae;Tryphoninae;Phytodietini;Tryphoninae;Netelia;Netelia sayi
Trachyarus_brevipennis;Animalia;Arthropoda;Insecta;Hymenoptera;Ichneumonidae;Ichneumoninae;Phaeogenini;Ichneumoninae;Trachyarus;Trachyarus brevipennis
Ichneumon_macilentus;Animalia;Arthropoda;Insecta;Hymenoptera;Ichneumonidae;Ichneumoninae;Ichneumonini;Ichneumoninae;Ichneumon;Ichneumon macilentus
Cryptus_viduatorius;Animalia;Arthropoda;Insecta;Hymenoptera;Ichneumonidae;Cryptinae;Cryptini;Cryptinae;Cryptus;Cryptus viduatorius
Diplazon_scutatorius;Animalia;Arthropoda;Insecta;Hymenoptera;Ichneumonidae;Diplazontinae;;Diplazontinae;Diplazon;Diplazon scutatorius
Ctenochira_genalis;Animalia;Arthropoda;Insecta;Hymenoptera;Ichneumonidae;Tryphoninae;Tryphonini;Tryphoninae;Ctenochira;Ctenochira genalis
Coelichneumon_navus;Animalia;Arthropoda;Insecta;Hymenoptera;Ichneumonidae;Ichneumoninae;Ichneumonini;Ichneumoninae;Coelichneumon;Coelichneumon navus
Hyposoter_horticola;Animalia;Arthropoda;Insecta;Hymenoptera;Ichneumonidae;Campopleginae;;Campopleginae;Hyposoter;Hyposoter horticola
Promethes_sulcator;Animalia;Arthropoda;Insecta;Hymenoptera;Ichneumonidae;Diplazontinae;;Diplazontinae;Promethes;Promethes sulcator
Trachyarus_solyanikovi;Animalia;Arthropoda;Insecta;Hymenoptera;Ichneumonidae;Ichneumoninae;Phaeogenini;Ichneumoninae;Trachyarus;Trachyarus solyanikovi
Mesochorus_prolatus;Animalia;Arthropoda;Insecta;Hymenoptera;Ichneumonidae;Mesochorinae;;Mesochorinae;Mesochorus;Mesochorus prolatus
Astrenis_paradoxa;Animalia;Arthropoda;Insecta;Hymenoptera;Ichneumonidae;Phrudinae;;Phrudinae;Astrenis;Astrenis paradoxa
Trychosis_tristator;Animalia;Arthropoda;Insecta;Hymenoptera;Ichneumonidae;Cryptinae;Cryptini;Cryptinae;Trychosis;Trychosis tristator
Promethes_nigriventris;Animalia;Arthropoda;Insecta;Hymenoptera;Ichneumonidae;Diplazontinae;;Diplazontinae;Promethes;Promethes nigriventris
Diadegma_incompletum;Animalia;Arthropoda;Insecta;Hymenoptera;Ichneumonidae;Campopleginae;;Campopleginae;Diadegma;Diadegma incompletum
Alexeter_multicolor;Animalia;Arthropoda;Insecta;Hymenoptera;Ichneumonidae;Ctenopelmatinae;Mesoleiini;Ctenopelmatinae;Alexeter;Alexeter multicolor
Dusona_ellopiae;Animalia;Arthropoda;Insecta;Hymenoptera;Ichneumonidae;Campopleginae;;Campopleginae;Dusona;Dusona ellopiae
Microcharops_longiterebra;Animalia;Arthropoda;Insecta;Hymenoptera;Ichneumonidae;Campopleginae;;Campopleginae;Microcharops;Microcharops longiterebra
Proclitus_ardentis;Animalia;Arthropoda;Insecta;Hymenoptera;Ichneumonidae;Orthocentrinae;;Orthocentrinae;Proclitus;Proclitus ardentis
Enicospilus_maculipennis;Animalia;Arthropoda;Insecta;Hymenoptera;Ichneumonidae;Ophioninae;;Ophioninae;Enicospilus;Enicospilus maculipennis
Ophion_brevipunctatus;Animalia;Arthropoda;Insecta;Hymenoptera;Ichneumonidae;Ophioninae;;Ophioninae;Ophion;Ophion brevipunctatus
Campodorus_viduus;Animalia;Arthropoda;Insecta;Hymenoptera;Ichneumonidae;Ctenopelmatinae;Mesoleiini;Ctenopelmatinae;Campodorus;Campodorus viduus
Dirophanes_hariolus;Animalia;Arthropoda;Insecta;Hymenoptera;Ichneumonidae;Ichneumoninae;Phaeogenini;Ichneumoninae;Dirophanes;Dirophanes hariolus
Agrothereutes_abbreviatus;Animalia;Arthropoda;Insecta;Hymenoptera;Ichneumonidae;Cryptinae;Cryptini;Cryptinae;Agrothereutes;Agrothereutes abbreviatus
Orthopelma_mediator;Animalia;Arthropoda;Insecta;Hymenoptera;Ichneumonidae;Orthopelmatinae;;Orthopelmatinae;Orthopelma;Orthopelma mediator
Mesoleius_affinis;Animalia;Arthropoda;Insecta;Hymenoptera;Ichneumonidae;Ctenopelmatinae;Mesoleiini;Ctenopelmatinae;Mesoleius;Mesoleius affinis
Podoschistus_vittifrons;Animalia;Arthropoda;Insecta;Hymenoptera;Ichneumonidae;Poemeniinae;Poemeniini;Poemeniinae;Podoschistus;Podoschistus vittifrons
Ophion_dombroskii;Animalia;Arthropoda;Insecta;Hymenoptera;Ichneumonidae;Ophioninae;;Ophioninae;Ophion;Ophion dombroskii
Bioblapsis_cultiformis;Animalia;Arthropoda;Insecta;Hymenoptera;Ichneumonidae;Diplazontinae;;Diplazontinae;Bioblapsis;Bioblapsis cultiformis
Tranosema_tenuifemur;Animalia;Arthropoda;Insecta;Hymenoptera;Ichneumonidae;Campopleginae;;Campopleginae;Tranosema;Tranosema tenuifemur
Barycnemis_harpura;Animalia;Arthropoda;Insecta;Hymenoptera;Ichneumonidae;Tersilochinae;;Tersilochinae;Barycnemis;Barycnemis harpura
Seleucus_cuneiformis;Animalia;Arthropoda;Insecta;Hymenoptera;Ichneumonidae;Ctenopelmatinae;;Ctenopelmatinae;Seleucus;Seleucus cuneiformis
Plectiscidea_venusta;Animalia;Arthropoda;Insecta;Hymenoptera;Ichneumonidae;Orthocentrinae;;Orthocentrinae;Plectiscidea;Plectiscidea venusta
Diadegma_semiclausum;Animalia;Arthropoda;Insecta;Hymenoptera;Ichneumonidae;Campopleginae;;Campopleginae;Diadegma;Diadegma semiclausum
Ichneumon_minutorius;Animalia;Arthropoda;Insecta;Hymenoptera;Ichneumonidae;Ichneumoninae;Ichneumonini;Ichneumoninae;Ichneumon;Ichneumon minutorius
Helictes_conspicuus;Animalia;Arthropoda;Insecta;Hymenoptera;Ichneumonidae;Orthocentrinae;;Orthocentrinae;Helictes;Helictes conspicuus
Diadegma_mollipla;Animalia;Arthropoda;Insecta;Hymenoptera;Ichneumonidae;Campopleginae;;Campopleginae;Diadegma;Diadegma mollipla
Isadelphus_gallicola;Animalia;Arthropoda;Insecta;Hymenoptera;Ichneumonidae;Phygadeuontinae;;Phygadeuontinae;Isadelphus;Isadelphus gallicola
Buathra_laborator;Animalia;Arthropoda;Insecta;Hymenoptera;Ichneumonidae;Cryptinae;Cryptini;Cryptinae;Buathra;Buathra laborator
Alexeter_coxalis;Animalia;Arthropoda;Insecta;Hymenoptera;Ichneumonidae;Ctenopelmatinae;Mesoleiini;Ctenopelmatinae;Alexeter;Alexeter coxalis
Ichneumon_formosus;Animalia;Arthropoda;Insecta;Hymenoptera;Ichneumonidae;Ichneumoninae;Ichneumonini;Ichneumoninae;Ichneumon;Ichneumon formosus
Patroclus_homocerus;Animalia;Arthropoda;Insecta;Hymenoptera;Ichneumonidae;Ichneumoninae;Ichneumonini;Ichneumoninae;Patroclus;Patroclus homocerus
Zaplethocornia_procurator;Animalia;Arthropoda;Insecta;Hymenoptera;Ichneumonidae;Ctenopelmatinae;Perilissini;Ctenopelmatinae;Zaplethocornia;Zaplethocornia procurator
Enicospilus_nigropectus;Animalia;Arthropoda;Insecta;Hymenoptera;Ichneumonidae;Ophioninae;;Ophioninae;Enicospilus;Enicospilus nigropectus
Tranosema_rostrale;Animalia;Arthropoda;Insecta;Hymenoptera;Ichneumonidae;Campopleginae;;Campopleginae;Tranosema;Tranosema rostrale
Alexeter_nebulator;Animalia;Arthropoda;Insecta;Hymenoptera;Ichneumonidae;Ctenopelmatinae;Mesoleiini;Ctenopelmatinae;Alexeter;Alexeter nebulator
Agrypon_flexorium;Animalia;Arthropoda;Insecta;Hymenoptera;Ichneumonidae;Anomaloninae;Gravenhorstiini;Anomaloninae;Agrypon;Agrypon flexorium
Panteles_schuetzeanus;Animalia;Arthropoda;Insecta;Hymenoptera;Ichneumonidae;Stilbopinae;;Stilbopinae;Panteles;Panteles schuetzeanus
Ophion_aureus;Animalia;Arthropoda;Insecta;Hymenoptera;Ichneumonidae;Ophioninae;;Ophioninae;Ophion;Ophion aureus
Meniscomorpha_astrema;Animalia;Arthropoda;Insecta;Hymenoptera;Ichneumonidae;Banchinae;Atrophini;Banchinae;Meniscomorpha;Meniscomorpha astrema
Diadegma_majale;Animalia;Arthropoda;Insecta;Hymenoptera;Ichneumonidae;Campopleginae;;Campopleginae;Diadegma;Diadegma majale
Trachyarus_borealis;Animalia;Arthropoda;Insecta;Hymenoptera;Ichneumonidae;Ichneumoninae;Phaeogenini;Ichneumoninae;Trachyarus;Trachyarus borealis
Diplazon_tibiatorius;Animalia;Arthropoda;Insecta;Hymenoptera;Ichneumonidae;Diplazontinae;;Diplazontinae;Diplazon;Diplazon tibiatorius
Hyposoter_pectinatus;Animalia;Arthropoda;Insecta;Hymenoptera;Ichneumonidae;Campopleginae;;Campopleginae;Hyposoter;Hyposoter pectinatus
Coelichneumon_eximius;Animalia;Arthropoda;Insecta;Hymenoptera;Ichneumonidae;Ichneumoninae;Ichneumonini;Ichneumoninae;Coelichneumon;Coelichneumon eximius
Echthromorpha_agrestoria;Animalia;Arthropoda;Insecta;Hymenoptera;Ichneumonidae;Pimplinae;Pimplini;Pimplinae;Echthromorpha;Echthromorpha agrestoria
Stictopisthus_flaviceps;Animalia;Arthropoda;Insecta;Hymenoptera;Ichneumonidae;Mesochorinae;;Mesochorinae;Stictopisthus;Stictopisthus flaviceps
Apechthis_ontario;Animalia;Arthropoda;Insecta;Hymenoptera;Ichneumonidae;Pimplinae;Pimplini;Pimplinae;Apechthis;Apechthis ontario
Lissonota_acrobasidis;Animalia;Arthropoda;Insecta;Hymenoptera;Ichneumonidae;Banchinae;Atrophini;Banchinae;Lissonota;Lissonota acrobasidis
Diadegma_exareolator;Animalia;Arthropoda;Insecta;Hymenoptera;Ichneumonidae;Campopleginae;;Campopleginae;Diadegma;Diadegma exareolator
Enicospilus_pescadori;Animalia;Arthropoda;Insecta;Hymenoptera;Ichneumonidae;Ophioninae;;Ophioninae;Enicospilus;Enicospilus pescadori
Acrodactyla_quadrisculpta;Animalia;Arthropoda;Insecta;Hymenoptera;Ichneumonidae;Pimplinae;Ephialtini;Polysphincta_group;Acrodactyla;Acrodactyla quadrisculpta
Meniscomorpha_venusia;Animalia;Arthropoda;Insecta;Hymenoptera;Ichneumonidae;Banchinae;Atrophini;Banchinae;Meniscomorpha;Meniscomorpha venusia
Ophion_idoneus;Animalia;Arthropoda;Insecta;Hymenoptera;Ichneumonidae;Ophioninae;;Ophioninae;Ophion;Ophion idoneus
Diacritus_aciculatus;Animalia;Arthropoda;Insecta;Hymenoptera;Ichneumonidae;Diacritinae;;Diacritinae;Diacritus;Diacritus aciculatus
Ichneumon_lariae;Animalia;Arthropoda;Insecta;Hymenoptera;Ichneumonidae;Ichneumoninae;Ichneumonini;Ichneumoninae;Ichneumon;Ichneumon lariae
Gunomeria_sordida;Animalia;Arthropoda;Insecta;Hymenoptera;Ichneumonidae;Ctenopelmatinae;Euryproctini;Ctenopelmatinae;Gunomeria;Gunomeria sordida
Perilissus_albitarsis;Animalia;Arthropoda;Insecta;Hymenoptera;Ichneumonidae;Ctenopelmatinae;Perilissini;Ctenopelmatinae;Perilissus;Perilissus albitarsis
Ophion_clave;Animalia;Arthropoda;Insecta;Hymenoptera;Ichneumonidae;Ophioninae;;Ophioninae;Ophion;Ophion clave
Diadegma_insulare;Animalia;Arthropoda;Insecta;Hymenoptera;Ichneumonidae;Campopleginae;;Campopleginae;Diadegma;Diadegma insulare
Hemichneumon_subdolus;Animalia;Arthropoda;Insecta;Hymenoptera;Ichneumonidae;Ichneumoninae;Phaeogenini;Ichneumoninae;Hemichneumon;Hemichneumon subdolus
Dyspetes_luteomarginatus;Animalia;Arthropoda;Insecta;Hymenoptera;Ichneumonidae;Tryphoninae;Tryphonini;Tryphoninae;Dyspetes;Dyspetes luteomarginatus
Echthrus_reluctator;Animalia;Arthropoda;Insecta;Hymenoptera;Ichneumonidae;Cryptinae;Cryptini;Cryptinae;Echthrus;Echthrus reluctator
Lathrostizus_forticanda;Animalia;Arthropoda;Insecta;Hymenoptera;Ichneumonidae;Campopleginae;;Campopleginae;Lathrostizus;Lathrostizus forticanda
Diradops_mexicana;Animalia;Arthropoda;Insecta;Hymenoptera;Ichneumonidae;Banchinae;Atrophini;Banchinae;Diradops;Diradops mexicana
Aoplus_groenlandicus;Animalia;Arthropoda;Insecta;Hymenoptera;Ichneumonidae;Ichneumoninae;Ichneumonini;Ichneumoninae;Aoplus;Aoplus groenlandicus
Thrybius_brevispina;Animalia;Arthropoda;Insecta;Hymenoptera;Ichneumonidae;Cryptinae;Cryptini;Cryptinae;Thrybius;Thrybius brevispina
Bathythrix_decipiens;Animalia;Arthropoda;Insecta;Hymenoptera;Ichneumonidae;Phygadeuontinae;;Phygadeuontinae;Bathythrix;Bathythrix decipiens
Mesoleptus_congener;Animalia;Arthropoda;Insecta;Hymenoptera;Ichneumonidae;Phygadeuontinae;;Phygadeuontinae;Mesoleptus;Mesoleptus congener
Diadromus_collaris;Animalia;Arthropoda;Insecta;Hymenoptera;Ichneumonidae;Ichneumoninae;Phaeogenini;Ichneumoninae;Diadromus;Diadromus collaris
Ophion_keala;Animalia;Arthropoda;Insecta;Hymenoptera;Ichneumonidae;Ophioninae;;Ophioninae;Ophion;Ophion keala
Ophion_importunus;Animalia;Arthropoda;Insecta;Hymenoptera;Ichneumonidae;Ophioninae;;Ophioninae;Ophion;Ophion importunus
Enytus_montanus;Animalia;Arthropoda;Insecta;Hymenoptera;Ichneumonidae;Campopleginae;;Campopleginae;Enytus;Enytus montanus
Ichneumon_ligatorius;Animalia;Arthropoda;Insecta;Hymenoptera;Ichneumonidae;Ichneumoninae;Ichneumonini;Ichneumoninae;Ichneumon;Ichneumon ligatorius
Acrotaphus_latifasciatus;Animalia;Arthropoda;Insecta;Hymenoptera;Ichneumonidae;Pimplinae;Ephialtini;Polysphincta_group;Acrotaphus;Acrotaphus latifasciatus
Leptobatopsis_nigricapitis;Animalia;Arthropoda;Insecta;Hymenoptera;Ichneumonidae;Banchinae;Atrophini;Banchinae;Leptobatopsis;Leptobatopsis nigricapitis
Ichneumon_alpinator;Animalia;Arthropoda;Insecta;Hymenoptera;Ichneumonidae;Ichneumoninae;Ichneumonini;Ichneumoninae;Ichneumon;Ichneumon alpinator
Ichneumon_lautareti;Animalia;Arthropoda;Insecta;Hymenoptera;Ichneumonidae;Ichneumoninae;Ichneumonini;Ichneumoninae;Ichneumon;Ichneumon lautareti
Promethes_bridgmani;Animalia;Arthropoda;Insecta;Hymenoptera;Ichneumonidae;Diplazontinae;;Diplazontinae;Promethes;Promethes bridgmani
Bathythrix_pellucidator;Animalia;Arthropoda;Insecta;Hymenoptera;Ichneumonidae;Phygadeuontinae;;Phygadeuontinae;Bathythrix;Bathythrix pellucidator
Helictes_borealis;Animalia;Arthropoda;Insecta;Hymenoptera;Ichneumonidae;Orthocentrinae;;Orthocentrinae;Helictes;Helictes borealis
Cylloceria_melancholica;Animalia;Arthropoda;Insecta;Hymenoptera;Ichneumonidae;Cylloceriinae;;Cylloceriinae;Cylloceria;Cylloceria melancholica
Achaius_oratorius;Animalia;Arthropoda;Insecta;Hymenoptera;Ichneumonidae;Ichneumoninae;Ichneumonini;Ichneumoninae;Achaius;Achaius oratorius
Ophion_obscuratus;Animalia;Arthropoda;Insecta;Hymenoptera;Ichneumonidae;Ophioninae;;Ophioninae;Ophion;Ophion obscuratus
Lamachus_dispar;Animalia;Arthropoda;Insecta;Hymenoptera;Ichneumonidae;Ctenopelmatinae;Mesoleiini;Ctenopelmatinae;Lamachus;Lamachus dispar
Campodorus_liosternus;Animalia;Arthropoda;Insecta;Hymenoptera;Ichneumonidae;Ctenopelmatinae;Mesoleiini;Ctenopelmatinae;Campodorus;Campodorus liosternus
Diradops_tamaska;Animalia;Arthropoda;Insecta;Hymenoptera;Ichneumonidae;Banchinae;Atrophini;Banchinae;Diradops;Diradops tamaska
Ichneumon_cerinthius;Animalia;Arthropoda;Insecta;Hymenoptera;Ichneumonidae;Ichneumoninae;Ichneumonini;Ichneumoninae;Ichneumon;Ichneumon cerinthius
Exochus_prosopius;Animalia;Arthropoda;Insecta;Hymenoptera;Ichneumonidae;Metopiinae;;Metopiinae;Exochus;Exochus prosopius
Ichneumon_albiger;Animalia;Arthropoda;Insecta;Hymenoptera;Ichneumonidae;Ichneumoninae;Ichneumonini;Ichneumoninae;Ichneumon;Ichneumon albiger
Monoblastus_brachyacanthus;Animalia;Arthropoda;Insecta;Hymenoptera;Ichneumonidae;Tryphoninae;Tryphonini;Tryphoninae;Monoblastus;Monoblastus brachyacanthus
Enicospilus_cameronii;Animalia;Arthropoda;Insecta;Hymenoptera;Ichneumonidae;Ophioninae;;Ophioninae;Enicospilus;Enicospilus cameronii
Tromatobia_ovivora;Animalia;Arthropoda;Insecta;Hymenoptera;Ichneumonidae;Pimplinae;Ephialtini;Pimplinae;Tromatobia;Tromatobia ovivora
Ophion_minutus;Animalia;Arthropoda;Insecta;Hymenoptera;Ichneumonidae;Ophioninae;;Ophioninae;Ophion;Ophion minutus
Ophion_scutellaris;Animalia;Arthropoda;Insecta;Hymenoptera;Ichneumonidae;Ophioninae;;Ophioninae;Ophion;Ophion scutellaris
Cryptus_albitarsis;Animalia;Arthropoda;Insecta;Hymenoptera;Ichneumonidae;Cryptinae;Cryptini;Cryptinae;Cryptus;Cryptus albitarsis
Parmortha_pleuralis;Animalia;Arthropoda;Insecta;Hymenoptera;Ichneumonidae;Cryptinae;Hemigastrini;Cryptinae;Parmortha;Parmortha pleuralis
Monoblastus_davisi;Animalia;Arthropoda;Insecta;Hymenoptera;Ichneumonidae;Tryphoninae;Tryphonini;Tryphoninae;Monoblastus;Monoblastus davisi
Enicospilus_hacha;Animalia;Arthropoda;Insecta;Hymenoptera;Ichneumonidae;Ophioninae;;Ophioninae;Enicospilus;Enicospilus hacha
Campodorus_scapularis;Animalia;Arthropoda;Insecta;Hymenoptera;Ichneumonidae;Ctenopelmatinae;Mesoleiini;Ctenopelmatinae;Campodorus;Campodorus scapularis
Hyposoter_bicolor;Animalia;Arthropoda;Insecta;Hymenoptera;Ichneumonidae;Campopleginae;;Campopleginae;Hyposoter;Hyposoter bicolor
Rictichneumon_curtiventris;Animalia;Arthropoda;Insecta;Hymenoptera;Ichneumonidae;Ichneumoninae;Ichneumonini;Ichneumoninae;Rictichneumon;Rictichneumon curtiventris
Patrocloides_montanus;Animalia;Arthropoda;Insecta;Hymenoptera;Ichneumonidae;Ichneumoninae;Ichneumonini;Ichneumoninae;Patrocloides;Patrocloides montanus
Scopesis_fraterna;Animalia;Arthropoda;Insecta;Hymenoptera;Ichneumonidae;Ctenopelmatinae;Mesoleiini;Ctenopelmatinae;Scopesis;Scopesis fraterna
Gelis_fuscicornis;Animalia;Arthropoda;Insecta;Hymenoptera;Ichneumonidae;Phygadeuontinae;;Phygadeuontinae;Gelis;Gelis fuscicornis
Afrophion_hynnis;Animalia;Arthropoda;Insecta;Hymenoptera;Ichneumonidae;Ophioninae;;Ophioninae;Afrophion;Afrophion hynnis
Lycorina_mirandai;Animalia;Arthropoda;Insecta;Hymenoptera;Ichneumonidae;Lycorininae;;Lycorininae;Lycorina;Lycorina mirandai
Neostroblia_ruficollis;Animalia;Arthropoda;Insecta;Hymenoptera;Ichneumonidae;Ctenopelmatinae;Mesoleiini;Ctenopelmatinae;Neostroblia;Neostroblia ruficollis
Cratichneumon_panzeri;Animalia;Arthropoda;Insecta;Hymenoptera;Ichneumonidae;Ichneumoninae;Ichneumonini;Ichneumoninae;Cratichneumon;Cratichneumon panzeri
Alexeter_gracilentus;Animalia;Arthropoda;Insecta;Hymenoptera;Ichneumonidae;Ctenopelmatinae;Mesoleiini;Ctenopelmatinae;Alexeter;Alexeter gracilentus
Scopesis_polita;Animalia;Arthropoda;Insecta;Hymenoptera;Ichneumonidae;Ctenopelmatinae;Mesoleiini;Ctenopelmatinae;Scopesis;Scopesis polita
Ichneumon_simulans;Animalia;Arthropoda;Insecta;Hymenoptera;Ichneumonidae;Ichneumoninae;Ichneumonini;Ichneumoninae;Ichneumon;Ichneumon simulans
Excavarus_velox;Animalia;Arthropoda;Insecta;Hymenoptera;Ichneumonidae;Tryphoninae;Tryphonini;Tryphoninae;Excavarus;Excavarus velox
Syspasis_scutellator;Animalia;Arthropoda;Insecta;Hymenoptera;Ichneumonidae;Ichneumoninae;Ichneumonini;Ichneumoninae;Syspasis;Syspasis scutellator
Rictichneumon_lombardi;Animalia;Arthropoda;Insecta;Hymenoptera;Ichneumonidae;Ichneumoninae;Ichneumonini;Ichneumoninae;Rictichneumon;Rictichneumon lombardi
Lathrolestes_orbitalis;Animalia;Arthropoda;Insecta;Hymenoptera;Ichneumonidae;Ctenopelmatinae;Perilissini;Ctenopelmatinae;Lathrolestes;Lathrolestes orbitalis
Labena_grallator;Animalia;Arthropoda;Insecta;Hymenoptera;Ichneumonidae;Labeninae;Labenini;Labeninae;Labena;Labena grallator
Lathrostizus_flexicauda;Animalia;Arthropoda;Insecta;Hymenoptera;Ichneumonidae;Campopleginae;;Campopleginae;Lathrostizus;Lathrostizus flexicauda
Ophion_flavidus;Animalia;Arthropoda;Insecta;Hymenoptera;Ichneumonidae;Ophioninae;;Ophioninae;Ophion;Ophion flavidus
Venturia_canescens;Animalia;Arthropoda;Insecta;Hymenoptera;Ichneumonidae;Campopleginae;;Campopleginae;Venturia;Venturia canescens
Ichneumon_dilleri;Animalia;Arthropoda;Insecta;Hymenoptera;Ichneumonidae;Ichneumoninae;Ichneumonini;Ichneumoninae;Ichneumon;Ichneumon dilleri
Occia_jereza;Animalia;Arthropoda;Insecta;Hymenoptera;Ichneumonidae;Banchinae;Atrophini;Banchinae;Occia;Occia jereza
Neotheronia_charli;Animalia;Arthropoda;Insecta;Hymenoptera;Ichneumonidae;Pimplinae;Theroniini;Pimplinae;Neotheronia;Neotheronia charli
Cryptus_leechi;Animalia;Arthropoda;Insecta;Hymenoptera;Ichneumonidae;Cryptinae;Cryptini;Cryptinae;Cryptus;Cryptus leechi
Diadromus_troglodytes;Animalia;Arthropoda;Insecta;Hymenoptera;Ichneumonidae;Ichneumoninae;Phaeogenini;Ichneumoninae;Diadromus;Diadromus troglodytes
Enicospilus_kleini;Animalia;Arthropoda;Insecta;Hymenoptera;Ichneumonidae;Ophioninae;;Ophioninae;Enicospilus;Enicospilus kleini
Diadromus_subtilicornis;Animalia;Arthropoda;Insecta;Hymenoptera;Ichneumonidae;Ichneumoninae;Phaeogenini;Ichneumoninae;Diadromus;Diadromus subtilicornis
Pleolophus_basizonus;Animalia;Arthropoda;Insecta;Hymenoptera;Ichneumonidae;Cryptinae;Hemigastrini;Cryptinae;Pleolophus;Pleolophus basizonus
Hyposoter_annulipes;Animalia;Arthropoda;Insecta;Hymenoptera;Ichneumonidae;Campopleginae;;Campopleginae;Hyposoter;Hyposoter annulipes
Echthronomas_facialis;Animalia;Arthropoda;Insecta;Hymenoptera;Ichneumonidae;Campopleginae;;Campopleginae;Echthronomas;Echthronomas facialis
Synomelix_faciator;Animalia;Arthropoda;Insecta;Hymenoptera;Ichneumonidae;Ctenopelmatinae;Euryproctini;Ctenopelmatinae;Synomelix;Synomelix faciator
Enicospilus_simoni;Animalia;Arthropoda;Insecta;Hymenoptera;Ichneumonidae;Ophioninae;;Ophioninae;Enicospilus;Enicospilus simoni
Ichneumon_submarginatus;Animalia;Arthropoda;Insecta;Hymenoptera;Ichneumonidae;Ichneumoninae;Ichneumonini;Ichneumoninae;Ichneumon;Ichneumon submarginatus
Diadromus_pulchellus;Animalia;Arthropoda;Insecta;Hymenoptera;Ichneumonidae;Ichneumoninae;Phaeogenini;Ichneumoninae;Diadromus;Diadromus pulchellus
Leurus_caeruliventris;Animalia;Arthropoda;Insecta;Hymenoptera;Ichneumonidae;Metopiinae;;Metopiinae;Leurus;Leurus caeruliventris
Lagarotis_ustulata;Animalia;Arthropoda;Insecta;Hymenoptera;Ichneumonidae;Ctenopelmatinae;Mesoleiini;Ctenopelmatinae;Lagarotis;Lagarotis ustulata
Ichneumon_pseudocaloscelis;Animalia;Arthropoda;Insecta;Hymenoptera;Ichneumonidae;Ichneumoninae;Ichneumonini;Ichneumoninae;Ichneumon;Ichneumon pseudocaloscelis
Ichneumon_confusor;Animalia;Arthropoda;Insecta;Hymenoptera;Ichneumonidae;Ichneumoninae;Ichneumonini;Ichneumoninae;Ichneumon;Ichneumon confusor
Ischnus_inquisitorius;Animalia;Arthropoda;Insecta;Hymenoptera;Ichneumonidae;Cryptinae;Cryptini;Cryptinae;Ischnus;Ischnus inquisitorius
Ichneumon_bucculentus;Animalia;Arthropoda;Insecta;Hymenoptera;Ichneumonidae;Ichneumoninae;Ichneumonini;Ichneumoninae;Ichneumon;Ichneumon bucculentus
Demopheles_corruptor;Animalia;Arthropoda;Insecta;Hymenoptera;Ichneumonidae;Cryptinae;Hemigastrini;Cryptinae;Demopheles;Demopheles corruptor
Synosis_ugaldei;Animalia;Arthropoda;Insecta;Hymenoptera;Ichneumonidae;Metopiinae;;Metopiinae;Synosis;Synosis ugaldei
Metopius_dolenus;Animalia;Arthropoda;Insecta;Hymenoptera;Ichneumonidae;Metopiinae;;Metopiinae;Metopius;Metopius dolenus
Exochus_ravetus;Animalia;Arthropoda;Insecta;Hymenoptera;Ichneumonidae;Metopiinae;;Metopiinae;Exochus;Exochus ravetus
Enicospilus_ugaldei;Animalia;Arthropoda;Insecta;Hymenoptera;Ichneumonidae;Ophioninae;;Ophioninae;Enicospilus;Enicospilus ugaldei
Bathythrix_laminata;Animalia;Arthropoda;Insecta;Hymenoptera;Ichneumonidae;Phygadeuontinae;;Phygadeuontinae;Bathythrix;Bathythrix laminata
Scopesis_macropus;Animalia;Arthropoda;Insecta;Hymenoptera;Ichneumonidae;Ctenopelmatinae;Mesoleiini;Ctenopelmatinae;Scopesis;Scopesis macropus
Ichneumon_picticollis;Animalia;Arthropoda;Insecta;Hymenoptera;Ichneumonidae;Ichneumoninae;Ichneumonini;Ichneumoninae;Ichneumon;Ichneumon picticollis
Ichneumon_gracilicornis;Animalia;Arthropoda;Insecta;Hymenoptera;Ichneumonidae;Ichneumoninae;Ichneumonini;Ichneumoninae;Ichneumon;Ichneumon gracilicornis
Phobocampe_bicingulata;Animalia;Arthropoda;Insecta;Hymenoptera;Ichneumonidae;Campopleginae;;Campopleginae;Phobocampe;Phobocampe bicingulata
Ichneumon_inquinatus;Animalia;Arthropoda;Insecta;Hymenoptera;Ichneumonidae;Ichneumoninae;Ichneumonini;Ichneumoninae;Ichneumon;Ichneumon inquinatus
Ctenopelma_nigrum;Animalia;Arthropoda;Insecta;Hymenoptera;Ichneumonidae;Ctenopelmatinae;Ctenopelmatini;Ctenopelmatinae;Ctenopelma;Ctenopelma nigrum
Trichomma_enecator;Animalia;Arthropoda;Insecta;Hymenoptera;Ichneumonidae;Anomaloninae;Gravenhorstiini;Anomaloninae;Trichomma;Trichomma enecator
Ichneumon_delator;Animalia;Arthropoda;Insecta;Hymenoptera;Ichneumonidae;Ichneumoninae;Ichneumonini;Ichneumoninae;Ichneumon;Ichneumon delator
Ichneumon_grandicornis;Animalia;Arthropoda;Insecta;Hymenoptera;Ichneumonidae;Ichneumoninae;Ichneumonini;Ichneumoninae;Ichneumon;Ichneumon grandicornis
Campodorus_humerellus;Animalia;Arthropoda;Insecta;Hymenoptera;Ichneumonidae;Ctenopelmatinae;Mesoleiini;Ctenopelmatinae;Campodorus;Campodorus humerellus
Xanthopimpla_aurita;Animalia;Arthropoda;Insecta;Hymenoptera;Ichneumonidae;Pimplinae;Pimplini;Pimplinae;Xanthopimpla;Xanthopimpla aurita
Diplazon_orientalis;Animalia;Arthropoda;Insecta;Hymenoptera;Ichneumonidae;Diplazontinae;;Diplazontinae;Diplazon;Diplazon orientalis
Enicospilus_umbratus;Animalia;Arthropoda;Insecta;Hymenoptera;Ichneumonidae;Ophioninae;;Ophioninae;Enicospilus;Enicospilus umbratus
Ichneumon_primatorius;Animalia;Arthropoda;Insecta;Hymenoptera;Ichneumonidae;Ichneumoninae;Ichneumonini;Ichneumoninae;Ichneumon;Ichneumon primatorius
Diphyus_palliatorius;Animalia;Arthropoda;Insecta;Hymenoptera;Ichneumonidae;Ichneumoninae;Ichneumonini;Ichneumoninae;Diphyus;Diphyus palliatorius
Ichneumon_computatorius;Animalia;Arthropoda;Insecta;Hymenoptera;Ichneumonidae;Ichneumoninae;Ichneumonini;Ichneumoninae;Ichneumon;Ichneumon computatorius
Chasmias_lugens;Animalia;Arthropoda;Insecta;Hymenoptera;Ichneumonidae;Ichneumoninae;Ichneumonini;Ichneumoninae;Chasmias;Chasmias lugens
Campoletis_flavicincta;Animalia;Arthropoda;Insecta;Hymenoptera;Ichneumonidae;Campopleginae;;Campopleginae;Campoletis;Campoletis flavicincta
Plectiscidea_monticola;Animalia;Arthropoda;Insecta;Hymenoptera;Ichneumonidae;Orthocentrinae;;Orthocentrinae;Plectiscidea;Plectiscidea monticola
Ichneumon_alius;Animalia;Arthropoda;Insecta;Hymenoptera;Ichneumonidae;Ichneumoninae;Ichneumonini;Ichneumoninae;Ichneumon;Ichneumon alius
Ichneumon_tuberculipes;Animalia;Arthropoda;Insecta;Hymenoptera;Ichneumonidae;Ichneumoninae;Ichneumonini;Ichneumoninae;Ichneumon;Ichneumon tuberculipes
Ichneumon_caloscelis;Animalia;Arthropoda;Insecta;Hymenoptera;Ichneumonidae;Ichneumoninae;Ichneumonini;Ichneumoninae;Ichneumon;Ichneumon caloscelis
Lymeon_orbus;Animalia;Arthropoda;Insecta;Hymenoptera;Ichneumonidae;Cryptinae;Cryptini;Cryptinae;Lymeon;Lymeon orbus
Ichneumon_parengensis;Animalia;Arthropoda;Insecta;Hymenoptera;Ichneumonidae;Ichneumoninae;Ichneumonini;Ichneumoninae;Ichneumon;Ichneumon parengensis
Ichneumon_suspiciosus;Animalia;Arthropoda;Insecta;Hymenoptera;Ichneumonidae;Ichneumoninae;Ichneumonini;Ichneumoninae;Ichneumon;Ichneumon suspiciosus
Lagarotis_semicaligata;Animalia;Arthropoda;Insecta;Hymenoptera;Ichneumonidae;Ctenopelmatinae;Mesoleiini;Ctenopelmatinae;Lagarotis;Lagarotis semicaligata
Ichneumon_fulvicornis;Animalia;Arthropoda;Insecta;Hymenoptera;Ichneumonidae;Ichneumoninae;Ichneumonini;Ichneumoninae;Ichneumon;Ichneumon fulvicornis
Mokajoppa_respinozai;Animalia;Arthropoda;Insecta;Hymenoptera;Ichneumonidae;Ichneumoninae;Ichneumonini;Ichneumoninae;Mokajoppa;Mokajoppa respinozai
Leurus_discus;Animalia;Arthropoda;Insecta;Hymenoptera;Ichneumonidae;Metopiinae;;Metopiinae;Leurus;Leurus discus
Scopesis_rufonotata;Animalia;Arthropoda;Insecta;Hymenoptera;Ichneumonidae;Ctenopelmatinae;Mesoleiini;Ctenopelmatinae;Scopesis;Scopesis rufonotata
Ichneumon_stramentor;Animalia;Arthropoda;Insecta;Hymenoptera;Ichneumonidae;Ichneumoninae;Ichneumonini;Ichneumoninae;Ichneumon;Ichneumon stramentor
Ichneumon_spurius;Animalia;Arthropoda;Insecta;Hymenoptera;Ichneumonidae;Ichneumoninae;Ichneumonini;Ichneumoninae;Ichneumon;Ichneumon spurius
Thyreodon_atriventris;Animalia;Arthropoda;Insecta;Hymenoptera;Ichneumonidae;Ophioninae;;Ophioninae;Thyreodon;Thyreodon atriventris
Rhimphoctona_longicauda;Animalia;Arthropoda;Insecta;Hymenoptera;Ichneumonidae;Campopleginae;;Campopleginae;Rhimphoctona;Rhimphoctona longicauda
Ichneumon_karpaticus;Animalia;Arthropoda;Insecta;Hymenoptera;Ichneumonidae;Ichneumoninae;Ichneumonini;Ichneumoninae;Ichneumon;Ichneumon karpaticus
Thyreodon_erythrocera;Animalia;Arthropoda;Insecta;Hymenoptera;Ichneumonidae;Ophioninae;;Ophioninae;Thyreodon;Thyreodon erythrocera
Erythrodolius_griffithsorum;Animalia;Arthropoda;Insecta;Hymenoptera;Ichneumonidae;Sisyrostolinae;;Sisyrostolinae;Erythrodolius;Erythrodolius griffithsorum
Ichneumon_amphibolus;Animalia;Arthropoda;Insecta;Hymenoptera;Ichneumonidae;Ichneumoninae;Ichneumonini;Ichneumoninae;Ichneumon;Ichneumon amphibolus
Ichneumon_ignobilis;Animalia;Arthropoda;Insecta;Hymenoptera;Ichneumonidae;Ichneumoninae;Ichneumonini;Ichneumoninae;Ichneumon;Ichneumon ignobilis
Rhimphoctona_macrocephala;Animalia;Arthropoda;Insecta;Hymenoptera;Ichneumonidae;Campopleginae;;Campopleginae;Rhimphoctona;Rhimphoctona macrocephala
Enicospilus_madrigalae;Animalia;Arthropoda;Insecta;Hymenoptera;Ichneumonidae;Ophioninae;;Ophioninae;Enicospilus;Enicospilus madrigalae
Enicospilus_bozai;Animalia;Arthropoda;Insecta;Hymenoptera;Ichneumonidae;Ophioninae;;Ophioninae;Enicospilus;Enicospilus bozai
Enicospilus_kelloggae;Animalia;Arthropoda;Insecta;Hymenoptera;Ichneumonidae;Ophioninae;;Ophioninae;Enicospilus;Enicospilus kelloggae
Ischnus_alternator;Animalia;Arthropoda;Insecta;Hymenoptera;Ichneumonidae;Cryptinae;Cryptini;Cryptinae;Ischnus;Ischnus alternator
Ichneumon_stramentarius;Animalia;Arthropoda;Insecta;Hymenoptera;Ichneumonidae;Ichneumoninae;Ichneumonini;Ichneumoninae;Ichneumon;Ichneumon stramentarius
Ichneumon_melanosomus;Animalia;Arthropoda;Insecta;Hymenoptera;Ichneumonidae;Ichneumoninae;Ichneumonini;Ichneumoninae;Ichneumon;Ichneumon melanosomus
Cidaphus_occidentalis;Animalia;Arthropoda;Insecta;Hymenoptera;Ichneumonidae;Mesochorinae;;Mesochorinae;Cidaphus;Cidaphus occidentalis
Seticornuta_altamirae;Animalia;Arthropoda;Insecta;Hymenoptera;Ichneumonidae;Metopiinae;;Metopiinae;Seticornuta;Seticornuta altamirae
Plectiscidea_prolata;Animalia;Arthropoda;Insecta;Hymenoptera;Ichneumonidae;Orthocentrinae;;Orthocentrinae;Plectiscidea;Plectiscidea prolata
Thyreodon_walkerae;Animalia;Arthropoda;Insecta;Hymenoptera;Ichneumonidae;Ophioninae;;Ophioninae;Thyreodon;Thyreodon walkerae
Metachorischizus_unicolor;Animalia;Arthropoda;Insecta;Hymenoptera;Ichneumonidae;Acaenitinae;;Acaenitinae;Metachorischizus;Metachorischizus unicolor
Enicospilus_fogdenorum;Animalia;Arthropoda;Insecta;Hymenoptera;Ichneumonidae;Ophioninae;;Ophioninae;Enicospilus;Enicospilus fogdenorum
Diadegma_fenestrale;Animalia;Arthropoda;Insecta;Hymenoptera;Ichneumonidae;Campopleginae;;Campopleginae;Diadegma;Diadegma fenestrale
Scolobates_auriculatus;Animalia;Arthropoda;Insecta;Hymenoptera;Ichneumonidae;Ctenopelmatinae;Scolobatini;Ctenopelmatinae;Scolobates;Scolobates auriculatus
Enicospilus_lacsa;Animalia;Arthropoda;Insecta;Hymenoptera;Ichneumonidae;Ophioninae;;Ophioninae;Enicospilus;Enicospilus lacsa
Ichneumon_stigmatorius;Animalia;Arthropoda;Insecta;Hymenoptera;Ichneumonidae;Ichneumoninae;Ichneumonini;Ichneumoninae;Ichneumon;Ichneumon stigmatorius
Enicospilus_randalli;Animalia;Arthropoda;Insecta;Hymenoptera;Ichneumonidae;Ophioninae;;Ophioninae;Enicospilus;Enicospilus randalli
Barylypa_broweri;Animalia;Arthropoda;Insecta;Hymenoptera;Ichneumonidae;Anomaloninae;Gravenhorstiini;Anomaloninae;Barylypa;Barylypa broweri
Polyblastus_melanostigmus;Animalia;Arthropoda;Insecta;Hymenoptera;Ichneumonidae;Tryphoninae;Tryphonini;Tryphoninae;Polyblastus;Polyblastus melanostigmus
Hellwigiella_dichromoptera;Animalia;Arthropoda;Insecta;Hymenoptera;Ichneumonidae;Ophioninae;;Ophioninae;Hellwigiella;Hellwigiella dichromoptera
Ichneumon_extensorius;Animalia;Arthropoda;Insecta;Hymenoptera;Ichneumonidae;Ichneumoninae;Ichneumonini;Ichneumoninae;Ichneumon;Ichneumon extensorius
Coelichneumon_deliratorius;Animalia;Arthropoda;Insecta;Hymenoptera;Ichneumonidae;Ichneumoninae;Ichneumonini;Ichneumoninae;Coelichneumon;Coelichneumon deliratorius
Pristomerus_vulnerator;Animalia;Arthropoda;Insecta;Hymenoptera;Ichneumonidae;Cremastinae;;Cremastinae;Pristomerus;Pristomerus vulnerator
Campodorus_ignavus;Animalia;Arthropoda;Insecta;Hymenoptera;Ichneumonidae;Ctenopelmatinae;Mesoleiini;Ctenopelmatinae;Campodorus;Campodorus ignavus
Aritranis_director;Animalia;Arthropoda;Insecta;Hymenoptera;Ichneumonidae;Cryptinae;Cryptini;Cryptinae;Aritranis;Aritranis director
Enicospilus_echeverri;Animalia;Arthropoda;Insecta;Hymenoptera;Ichneumonidae;Ophioninae;;Ophioninae;Enicospilus;Enicospilus echeverri
Coelichneumon_similior;Animalia;Arthropoda;Insecta;Hymenoptera;Ichneumonidae;Ichneumoninae;Ichneumonini;Ichneumoninae;Coelichneumon;Coelichneumon similior
Enicospilus_chiriquensis;Animalia;Arthropoda;Insecta;Hymenoptera;Ichneumonidae;Ophioninae;;Ophioninae;Enicospilus;Enicospilus chiriquensis
Oresbius_taeniatus;Animalia;Arthropoda;Insecta;Hymenoptera;Ichneumonidae;Cryptinae;Aptesini;Cryptinae;Oresbius;Oresbius taeniatus
Pristomerus_sulci;Animalia;Arthropoda;Insecta;Hymenoptera;Ichneumonidae;Cremastinae;;Cremastinae;Pristomerus;Pristomerus sulci
Hyperacmus_crassicornis;Animalia;Arthropoda;Insecta;Hymenoptera;Ichneumonidae;Cylloceriinae;;Cylloceriinae;Hyperacmus;Hyperacmus crassicornis
Coelichneumon_cyaniventris;Animalia;Arthropoda;Insecta;Hymenoptera;Ichneumonidae;Ichneumoninae;Ichneumonini;Ichneumoninae;Coelichneumon;Coelichneumon cyaniventris
Xiphosomella_falsata;Animalia;Arthropoda;Insecta;Hymenoptera;Ichneumonidae;Cremastinae;;Cremastinae;Xiphosomella;Xiphosomella falsata
Barytatocephalus_mocsaryi;Animalia;Arthropoda;Insecta;Hymenoptera;Ichneumonidae;Ophioninae;;Ophioninae;Barytatocephalus;Barytatocephalus mocsaryi
Plectiscidea_communis;Animalia;Arthropoda;Insecta;Hymenoptera;Ichneumonidae;Orthocentrinae;;Orthocentrinae;Plectiscidea;Plectiscidea communis
Thyreodon_santarosae;Animalia;Arthropoda;Insecta;Hymenoptera;Ichneumonidae;Ophioninae;;Ophioninae;Thyreodon;Thyreodon santarosae
Eiphosoma_tantalium;Animalia;Arthropoda;Insecta;Hymenoptera;Ichneumonidae;Cremastinae;;Cremastinae;Eiphosoma;Eiphosoma tantalium
Thyreodon_whitfieldi;Animalia;Arthropoda;Insecta;Hymenoptera;Ichneumonidae;Ophioninae;;Ophioninae;Thyreodon;Thyreodon whitfieldi
Zagryphus_nasutus;Animalia;Arthropoda;Insecta;Hymenoptera;Ichneumonidae;Tryphoninae;Oedemopsini;Tryphoninae;Zagryphus;Zagryphus nasutus
Bathyplectes_anurus;Animalia;Arthropoda;Insecta;Hymenoptera;Ichneumonidae;Campopleginae;;Campopleginae;Bathyplectes;Bathyplectes anurus
Enicospilus_major;Animalia;Arthropoda;Insecta;Hymenoptera;Ichneumonidae;Ophioninae;;Ophioninae;Enicospilus;Enicospilus major
Mesochorus_suomiensis;Animalia;Arthropoda;Insecta;Hymenoptera;Ichneumonidae;Mesochorinae;;Mesochorinae;Mesochorus;Mesochorus suomiensis
Casinaria_grandis;Animalia;Arthropoda;Insecta;Hymenoptera;Ichneumonidae;Campopleginae;;Campopleginae;Casinaria;Casinaria grandis
Lycorina_luzae;Animalia;Arthropoda;Insecta;Hymenoptera;Ichneumonidae;Lycorininae;;Lycorininae;Lycorina;Lycorina luzae
Enicospilus_fernaldi;Animalia;Arthropoda;Insecta;Hymenoptera;Ichneumonidae;Ophioninae;;Ophioninae;Enicospilus;Enicospilus fernaldi
Olesicampe_melanogaster;Animalia;Arthropoda;Insecta;Hymenoptera;Ichneumonidae;Campopleginae;;Campopleginae;Olesicampe;Olesicampe melanogaster
Enicospilus_leoni;Animalia;Arthropoda;Insecta;Hymenoptera;Ichneumonidae;Ophioninae;;Ophioninae;Enicospilus;Enicospilus leoni
Arotes_moiwanus;Animalia;Arthropoda;Insecta;Hymenoptera;Ichneumonidae;Acaenitinae;;Acaenitinae;Arotes;Arotes moiwanus
Acrodactyla_degener;Animalia;Arthropoda;Insecta;Hymenoptera;Ichneumonidae;Pimplinae;Ephialtini;Polysphincta_group;Acrodactyla;Acrodactyla degener
Alomya_debellator;Animalia;Arthropoda;Insecta;Hymenoptera;Ichneumonidae;Ichneumoninae;Alomyini;Ichneumoninae;Alomya;Alomya debellator
Eiphosoma_pyralidis;Animalia;Arthropoda;Insecta;Hymenoptera;Ichneumonidae;Cremastinae;;Cremastinae;Eiphosoma;Eiphosoma pyralidis
Ophion_bilineatus;Animalia;Arthropoda;Insecta;Hymenoptera;Ichneumonidae;Ophioninae;;Ophioninae;Ophion;Ophion bilineatus
Euceros_madecassus;Animalia;Arthropoda;Insecta;Hymenoptera;Ichneumonidae;Eucerotinae;;Eucerotinae;Euceros;Euceros madecassus
Enicospilus_glabratus;Animalia;Arthropoda;Insecta;Hymenoptera;Ichneumonidae;Ophioninae;;Ophioninae;Enicospilus;Enicospilus glabratus
Arotes_sugiharai;Animalia;Arthropoda;Insecta;Hymenoptera;Ichneumonidae;Acaenitinae;;Acaenitinae;Arotes;Arotes sugiharai
Chlorocryptus_purpuratus;Animalia;Arthropoda;Insecta;Hymenoptera;Ichneumonidae;Cryptinae;Cryptini;Cryptinae;Chlorocryptus;Chlorocryptus purpuratus
Laticoleus_unicolor;Animalia;Arthropoda;Insecta;Hymenoptera;Ichneumonidae;Ophioninae;;Ophioninae;Laticoleus;Laticoleus unicolor
Spilopteron_mucronatum;Animalia;Arthropoda;Insecta;Hymenoptera;Ichneumonidae;Acaenitinae;;Acaenitinae;Spilopteron;Spilopteron mucronatum
Dreisbachia_slossonae;Animalia;Arthropoda;Insecta;Hymenoptera;Ichneumonidae;Pimplinae;Ephialtini;Polysphincta_group;Dreisbachia;Dreisbachia slossonae
Dolichomitus_foxleei;Animalia;Arthropoda;Insecta;Hymenoptera;Ichneumonidae;Pimplinae;Ephialtini;Pimplinae;Dolichomitus;Dolichomitus foxleei
Cymodusa_distincta;Animalia;Arthropoda;Insecta;Hymenoptera;Ichneumonidae;Campopleginae;;Campopleginae;Cymodusa;Cymodusa distincta
Thyreodon_laticinctus;Animalia;Arthropoda;Insecta;Hymenoptera;Ichneumonidae;Ophioninae;;Ophioninae;Thyreodon;Thyreodon laticinctus
Enicospilus_abessyniensis;Animalia;Arthropoda;Insecta;Hymenoptera;Ichneumonidae;Ophioninae;;Ophioninae;Enicospilus;Enicospilus abessyniensis
Scambus_brevicornis;Animalia;Arthropoda;Insecta;Hymenoptera;Ichneumonidae;Pimplinae;Ephialtini;Pimplinae;Scambus;Scambus brevicornis
Stenichneumon_militarius;Animalia;Arthropoda;Insecta;Hymenoptera;Ichneumonidae;Ichneumoninae;Ichneumonini;Ichneumoninae;Stenichneumon;Stenichneumon militarius
Yamatarotes_bicolor;Animalia;Arthropoda;Insecta;Hymenoptera;Ichneumonidae;Acaenitinae;;Acaenitinae;Yamatarotes;Yamatarotes bicolor
Jezarotes_tamanukii;Animalia;Arthropoda;Insecta;Hymenoptera;Ichneumonidae;Acaenitinae;;Acaenitinae;Jezarotes;Jezarotes tamanukii
Eiphosoma_dolopon;Animalia;Arthropoda;Insecta;Hymenoptera;Ichneumonidae;Cremastinae;;Cremastinae;Eiphosoma;Eiphosoma dolopon
Pedinopelte_latipennis;Animalia;Arthropoda;Insecta;Hymenoptera;Ichneumonidae;Ichneumoninae;Ichneumonini;Ichneumoninae;Pedinopelte;Pedinopelte latipennis
Arotes_japonicus;Animalia;Arthropoda;Insecta;Hymenoptera;Ichneumonidae;Acaenitinae;;Acaenitinae;Arotes;Arotes japonicus
Creagrura_nigripes;Animalia;Arthropoda;Insecta;Hymenoptera;Ichneumonidae;Cremastinae;;Cremastinae;Creagrura;Creagrura nigripes
Yamatarotes_chishimensis;Animalia;Arthropoda;Insecta;Hymenoptera;Ichneumonidae;Acaenitinae;;Acaenitinae;Yamatarotes;Yamatarotes chishimensis
Pimpla_stricklandi;Animalia;Arthropoda;Insecta;Hymenoptera;Ichneumonidae;Pimplinae;Pimplini;Pimplinae;Pimpla;Pimpla stricklandi
Dusona_egregia;Animalia;Arthropoda;Insecta;Hymenoptera;Ichneumonidae;Campopleginae;;Campopleginae;Dusona;Dusona egregia
Ichneumon_memorator;Animalia;Arthropoda;Insecta;Hymenoptera;Ichneumonidae;Ichneumoninae;Ichneumonini;Ichneumoninae;Ichneumon;Ichneumon memorator
Spilopteron_luteum;Animalia;Arthropoda;Insecta;Hymenoptera;Ichneumonidae;Acaenitinae;;Acaenitinae;Spilopteron;Spilopteron luteum
Orthocentrus_winnertzii;Animalia;Arthropoda;Insecta;Hymenoptera;Ichneumonidae;Orthocentrinae;;Orthocentrinae;Orthocentrus;Orthocentrus winnertzii
Spilopteron_pyrrhonae;Animalia;Arthropoda;Insecta;Hymenoptera;Ichneumonidae;Acaenitinae;;Acaenitinae;Spilopteron;Spilopteron pyrrhonae
Plectiscus_impurator;Animalia;Arthropoda;Insecta;Hymenoptera;Ichneumonidae;Orthocentrinae;;Orthocentrinae;Plectiscus;Plectiscus impurator
Pimpla_contemplator;Animalia;Arthropoda;Insecta;Hymenoptera;Ichneumonidae;Pimplinae;Pimplini;Pimplinae;Pimpla;Pimpla contemplator
Glypta_exartemae;Animalia;Arthropoda;Insecta;Hymenoptera;Ichneumonidae;Banchinae;Glyptini;Banchinae;Glypta;Glypta exartemae
Enicospilus_sanchezi;Animalia;Arthropoda;Insecta;Hymenoptera;Ichneumonidae;Ophioninae;;Ophioninae;Enicospilus;Enicospilus sanchezi
Ishigakia_exetasea;Animalia;Arthropoda;Insecta;Hymenoptera;Ichneumonidae;Acaenitinae;;Acaenitinae;Ishigakia;Ishigakia exetasea
Proclitus_paganus;Animalia;Arthropoda;Insecta;Hymenoptera;Ichneumonidae;Orthocentrinae;;Orthocentrinae;Proclitus;Proclitus paganus
Dusona_texana;Animalia;Arthropoda;Insecta;Hymenoptera;Ichneumonidae;Campopleginae;;Campopleginae;Dusona;Dusona texana
Stauropoctonus_bicarinatus;Animalia;Arthropoda;Insecta;Hymenoptera;Ichneumonidae;Ophioninae;;Ophioninae;Stauropoctonus;Stauropoctonus bicarinatus
Plectiscidea_bistriata;Animalia;Arthropoda;Insecta;Hymenoptera;Ichneumonidae;Orthocentrinae;;Orthocentrinae;Plectiscidea;Plectiscidea bistriata
Atractodes_ambiguus;Animalia;Arthropoda;Insecta;Hymenoptera;Ichneumonidae;Phygadeuontinae;;Phygadeuontinae;Atractodes;Atractodes ambiguus
Apechthis_compunctor;Animalia;Arthropoda;Insecta;Hymenoptera;Ichneumonidae;Pimplinae;Pimplini;Pimplinae;Apechthis;Apechthis compunctor
Spilopteron_apicale;Animalia;Arthropoda;Insecta;Hymenoptera;Ichneumonidae;Acaenitinae;;Acaenitinae;Spilopteron;Spilopteron apicale
Bathythrix_claviger;Animalia;Arthropoda;Insecta;Hymenoptera;Ichneumonidae;Phygadeuontinae;;Phygadeuontinae;Bathythrix;Bathythrix claviger
Theronia_hilaris;Animalia;Arthropoda;Insecta;Hymenoptera;Ichneumonidae;Pimplinae;Theroniini;Pimplinae;Theronia;Theronia hilaris
Sphelodon_phoxopteridis;Animalia;Arthropoda;Insecta;Hymenoptera;Ichneumonidae;Banchinae;Glyptini;Banchinae;Sphelodon;Sphelodon phoxopteridis
Gelis_liparae;Animalia;Arthropoda;Insecta;Hymenoptera;Ichneumonidae;Phygadeuontinae;;Phygadeuontinae;Gelis;Gelis liparae
Phytodietus_pleuralis;Animalia;Arthropoda;Insecta;Hymenoptera;Ichneumonidae;Tryphoninae;Phytodietini;Tryphoninae;Phytodietus;Phytodietus pleuralis
Hypomecus_quadriannulatus;Animalia;Arthropoda;Insecta;Hymenoptera;Ichneumonidae;Ichneumoninae;Platylabini;Ichneumoninae;Hypomecus;Hypomecus quadriannulatus
Dusona_vitticollis;Animalia;Arthropoda;Insecta;Hymenoptera;Ichneumonidae;Campopleginae;;Campopleginae;Dusona;Dusona vitticollis
Hyposoter_ebeninus;Animalia;Arthropoda;Insecta;Hymenoptera;Ichneumonidae;Campopleginae;;Campopleginae;Hyposoter;Hyposoter ebeninus
Cryptanura_spinaria;Animalia;Arthropoda;Insecta;Hymenoptera;Ichneumonidae;Cryptinae;Cryptini;Cryptinae;Cryptanura;Cryptanura spinaria
Hyposoter_didymator;Animalia;Arthropoda;Insecta;Hymenoptera;Ichneumonidae;Campopleginae;;Campopleginae;Hyposoter;Hyposoter didymator
Spilopteron_tosaense;Animalia;Arthropoda;Insecta;Hymenoptera;Ichneumonidae;Acaenitinae;;Acaenitinae;Spilopteron;Spilopteron tosaense
Mesochorus_curvulus;Animalia;Arthropoda;Insecta;Hymenoptera;Ichneumonidae;Mesochorinae;;Mesochorinae;Mesochorus;Mesochorus curvulus
Dolichomitus_nakamurai;Animalia;Arthropoda;Insecta;Hymenoptera;Ichneumonidae;Pimplinae;Ephialtini;Pimplinae;Dolichomitus;Dolichomitus nakamurai
Stenomacrus_nemoralis;Animalia;Arthropoda;Insecta;Hymenoptera;Ichneumonidae;Orthocentrinae;;Orthocentrinae;Stenomacrus;Stenomacrus nemoralis
Campoletis_sonorensis;Animalia;Arthropoda;Insecta;Hymenoptera;Ichneumonidae;Campopleginae;;Campopleginae;Campoletis;Campoletis sonorensis
Phygadeuon_nanus;Animalia;Arthropoda;Insecta;Hymenoptera;Ichneumonidae;Phygadeuontinae;;Phygadeuontinae;Phygadeuon;Phygadeuon nanus
Chiloplatys_lucens;Animalia;Arthropoda;Insecta;Hymenoptera;Ichneumonidae;Tryphoninae;Tryphonini;Tryphoninae;Chiloplatys;Chiloplatys lucens
Dusona_laticincta;Animalia;Arthropoda;Insecta;Hymenoptera;Ichneumonidae;Campopleginae;;Campopleginae;Dusona;Dusona laticincta
Temelucha_recta;Animalia;Arthropoda;Insecta;Hymenoptera;Ichneumonidae;Cremastinae;;Cremastinae;Temelucha;Temelucha recta
Tranosemella_praerogator;Animalia;Arthropoda;Insecta;Hymenoptera;Ichneumonidae;Campopleginae;;Campopleginae;Tranosemella;Tranosemella praerogator
Diadegma_pendulum;Animalia;Arthropoda;Insecta;Hymenoptera;Ichneumonidae;Campopleginae;;Campopleginae;Diadegma;Diadegma pendulum
Rhynchophion_flammipennis;Animalia;Arthropoda;Insecta;Hymenoptera;Ichneumonidae;Ophioninae;;Ophioninae;Rhynchophion;Rhynchophion flammipennis
Coelichneumon_nobilis;Animalia;Arthropoda;Insecta;Hymenoptera;Ichneumonidae;Ichneumoninae;Ichneumonini;Ichneumoninae;Coelichneumon;Coelichneumon nobilis
Exochus_washingtonensis;Animalia;Arthropoda;Insecta;Hymenoptera;Ichneumonidae;Metopiinae;;Metopiinae;Exochus;Exochus washingtonensis
Allomacrus_arcticus;Animalia;Arthropoda;Insecta;Hymenoptera;Ichneumonidae;Cylloceriinae;;Cylloceriinae;Allomacrus;Allomacrus arcticus
Gelis_festinans;Animalia;Arthropoda;Insecta;Hymenoptera;Ichneumonidae;Phygadeuontinae;;Phygadeuontinae;Gelis;Gelis festinans
Eutanyacra_glaucatoria;Animalia;Arthropoda;Insecta;Hymenoptera;Ichneumonidae;Ichneumoninae;Ichneumonini;Ichneumoninae;Eutanyacra;Eutanyacra glaucatoria
Coelichneumon_neocretatus;Animalia;Arthropoda;Insecta;Hymenoptera;Ichneumonidae;Ichneumoninae;Ichneumonini;Ichneumoninae;Coelichneumon;Coelichneumon neocretatus
Ophion_costatus;Animalia;Arthropoda;Insecta;Hymenoptera;Ichneumonidae;Ophioninae;;Ophioninae;Ophion;Ophion costatus
Thyreodon_schauffi;Animalia;Arthropoda;Insecta;Hymenoptera;Ichneumonidae;Ophioninae;;Ophioninae;Thyreodon;Thyreodon schauffi
Exochus_nigripalpis;Animalia;Arthropoda;Insecta;Hymenoptera;Ichneumonidae;Metopiinae;;Metopiinae;Exochus;Exochus nigripalpis
Trathala_recurvariae;Animalia;Arthropoda;Insecta;Hymenoptera;Ichneumonidae;Cremastinae;;Cremastinae;Trathala;Trathala recurvariae
Exochus_pictus;Animalia;Arthropoda;Insecta;Hymenoptera;Ichneumonidae;Metopiinae;;Metopiinae;Exochus;Exochus pictus
Plectiscidea_collaris;Animalia;Arthropoda;Insecta;Hymenoptera;Ichneumonidae;Orthocentrinae;;Orthocentrinae;Plectiscidea;Plectiscidea collaris
Dialipsis_dissimilis;Animalia;Arthropoda;Insecta;Hymenoptera;Ichneumonidae;Orthocentrinae;;Orthocentrinae;Dialipsis;Dialipsis dissimilis
Agriotypus_armatus;Animalia;Arthropoda;Insecta;Hymenoptera;Ichneumonidae;Agriotypinae;;Agriotypinae;Agriotypus;Agriotypus armatus
Colpotrochia_catania;Animalia;Arthropoda;Insecta;Hymenoptera;Ichneumonidae;Metopiinae;;Metopiinae;Colpotrochia;Colpotrochia catania
Euceros_coxalis;Animalia;Arthropoda;Insecta;Hymenoptera;Ichneumonidae;Eucerotinae;;Eucerotinae;Euceros;Euceros coxalis
Eurypterna_cremieri;Animalia;Arthropoda;Insecta;Hymenoptera;Ichneumonidae;Hybrizoninae;;Hybrizoninae;Eurypterna;Eurypterna cremieri
Holcojoppa_mactator;Animalia;Arthropoda;Insecta;Hymenoptera;Ichneumonidae;Ichneumoninae;Ichneumonini;Ichneumoninae;Holcojoppa;Holcojoppa mactator
Triclistus_xodius;Animalia;Arthropoda;Insecta;Hymenoptera;Ichneumonidae;Metopiinae;;Metopiinae;Triclistus;Triclistus xodius
Eiphosoma_nigrum;Animalia;Arthropoda;Insecta;Hymenoptera;Ichneumonidae;Cremastinae;;Cremastinae;Eiphosoma;Eiphosoma nigrum
Colpotrochia_pesada;Animalia;Arthropoda;Insecta;Hymenoptera;Ichneumonidae;Metopiinae;;Metopiinae;Colpotrochia;Colpotrochia pesada
Mesochorus_ottawaensis;Animalia;Arthropoda;Insecta;Hymenoptera;Ichneumonidae;Mesochorinae;;Mesochorinae;Mesochorus;Mesochorus ottawaensis
Atractodes_aterrimus;Animalia;Arthropoda;Insecta;Hymenoptera;Ichneumonidae;Phygadeuontinae;;Phygadeuontinae;Atractodes;Atractodes aterrimus
Sycaonia_foersteri;Animalia;Arthropoda;Insecta;Hymenoptera;Ichneumonidae;Ichneumoninae;Ichneumonini;Ichneumoninae;Sycaonia;Sycaonia foersteri
Isadelphus_inimicus;Animalia;Arthropoda;Insecta;Hymenoptera;Ichneumonidae;Phygadeuontinae;;Phygadeuontinae;Isadelphus;Isadelphus inimicus
Carria_fortipes;Animalia;Arthropoda;Insecta;Hymenoptera;Ichneumonidae;Metopiinae;;Metopiinae;Carria;Carria fortipes
Exenterus_confusus;Animalia;Arthropoda;Insecta;Hymenoptera;Ichneumonidae;Tryphoninae;Tryphonini;Tryphoninae;Exenterus;Exenterus confusus
Trachysphyrus_agenor;Animalia;Arthropoda;Insecta;Hymenoptera;Ichneumonidae;Cryptinae;Cryptini;Cryptinae;Trachysphyrus;Trachysphyrus agenor
Phytodietus_obscurus;Animalia;Arthropoda;Insecta;Hymenoptera;Ichneumonidae;Tryphoninae;Phytodietini;Tryphoninae;Phytodietus;Phytodietus obscurus
Atractodes_pauxillus;Animalia;Arthropoda;Insecta;Hymenoptera;Ichneumonidae;Phygadeuontinae;;Phygadeuontinae;Atractodes;Atractodes pauxillus
Vulgichneumon_deceptor;Animalia;Arthropoda;Insecta;Hymenoptera;Ichneumonidae;Ichneumoninae;Ichneumonini;Ichneumoninae;Vulgichneumon;Vulgichneumon deceptor
Ateleute_linearis;Animalia;Arthropoda;Insecta;Hymenoptera;Ichneumonidae;Ateleutinae;;Ateleutinae;Ateleute;Ateleute linearis
Ateleute_densistriata;Animalia;Arthropoda;Insecta;Hymenoptera;Ichneumonidae;Ateleutinae;;Ateleutinae;Ateleute;Ateleute densistriata
Ateleute_rectinervis;Animalia;Arthropoda;Insecta;Hymenoptera;Ichneumonidae;Ateleutinae;;Ateleutinae;Ateleute;Ateleute rectinervis
Duwalia_perula;Animalia;Arthropoda;Insecta;Hymenoptera;Ichneumonidae;Ateleutinae;;Ateleutinae;Duwalia;Duwalia perula
Tamaulipeca_sp;Animalia;Arthropoda;Insecta;Hymenoptera;Ichneumonidae;Ateleutinae;;Ateleutinae;Tamaulipeca;Tamaulipeca sp
Brachycyrtus_wardae;Animalia;Arthropoda;Insecta;Hymenoptera;Ichneumonidae;Brachycyrtinae;;Brachycyrtinae;Brachycyrtus;Brachycyrtus wardae
Brachycyrtus_ornatus;Animalia;Arthropoda;Insecta;Hymenoptera;Ichneumonidae;Brachycyrtinae;;Brachycyrtinae;Brachycyrtus;Brachycyrtus ornatus
Klutiana_jezoensis;Animalia;Arthropoda;Insecta;Hymenoptera;Ichneumonidae;Nesomesochorinae;;Nesomesochorinae;Klutiana;Klutiana jezoensis
Nonnus_sp;Animalia;Arthropoda;Insecta;Hymenoptera;Ichneumonidae;Nesomesochorinae;;Nesomesochorinae;Nonnus;Nonnus sp
Aplomerus_sp1;Animalia;Arthropoda;Insecta;Hymenoptera;Ichneumonidae;Xoridinae;;Xoridinae;Aplomerus;Aplomerus sp1
Aplomerus_sp2;Animalia;Arthropoda;Insecta;Hymenoptera;Ichneumonidae;Xoridinae;;Xoridinae;Aplomerus;Aplomerus sp2
Ischnoceros_rusticus;Animalia;Arthropoda;Insecta;Hymenoptera;Ichneumonidae;Xoridinae;;Xoridinae;Ischnoceros;Ischnoceros rusticus
Ischnoceros_sapporensis;Animalia;Arthropoda;Insecta;Hymenoptera;Ichneumonidae;Xoridinae;;Xoridinae;Ischnoceros;Ischnoceros sapporensis
Odontocolon_dentipes;Animalia;Arthropoda;Insecta;Hymenoptera;Ichneumonidae;Xoridinae;;Xoridinae;Odontocolon;Odontocolon dentipes
Odontocolon_albotibiale;Animalia;Arthropoda;Insecta;Hymenoptera;Ichneumonidae;Xoridinae;;Xoridinae;Odontocolon;Odontocolon albotibiale
Odontocolon_sp;Animalia;Arthropoda;Insecta;Hymenoptera;Ichneumonidae;Xoridinae;;Xoridinae;Odontocolon;Odontocolon sp
Xorides_stigmapterus;Animalia;Arthropoda;Insecta;Hymenoptera;Ichneumonidae;Xoridinae;;Xoridinae;Xorides;Xorides stigmapterus
Xorides_funiuensis;Animalia;Arthropoda;Insecta;Hymenoptera;Ichneumonidae;Xoridinae;;Xoridinae;Xorides;Xorides funiuensis
Xorides_praecatorius;Animalia;Arthropoda;Insecta;Hymenoptera;Ichneumonidae;Xoridinae;;Xoridinae;Xorides;Xorides praecatorius
Anomalon_arizonicum;Animalia;Arthropoda;Insecta;Hymenoptera;Ichneumonidae;Anomaloninae;;Anomaloninae;Anomalon;Anomalon arizonicum
Anomalon_picticorne;Animalia;Arthropoda;Insecta;Hymenoptera;Ichneumonidae;Anomaloninae;;Anomaloninae;Anomalon;Anomalon picticorne
Anomalon_sp;Animalia;Arthropoda;Insecta;Hymenoptera;Ichneumonidae;Anomaloninae;;Anomaloninae;Anomalon;Anomalon sp
Paraphylax_sp1;Animalia;Arthropoda;Insecta;Hymenoptera;Ichneumonidae;Phygadeuontinae;Phygadeuontini;Chirotica_group;Paraphylax;Paraphylax sp1
Paraphylax_sp2;Animalia;Arthropoda;Insecta;Hymenoptera;Ichneumonidae;Phygadeuontinae;Phygadeuontini;Chirotica_group;Paraphylax;Paraphylax sp2
Paraphylax_sp3;Animalia;Arthropoda;Insecta;Hymenoptera;Ichneumonidae;Phygadeuontinae;Phygadeuontini;Chirotica_group;Paraphylax;Paraphylax sp3
Astomaspis_sp;Animalia;Arthropoda;Insecta;Hymenoptera;Ichneumonidae;Phygadeuontinae;Phygadeuontini;Chirotica_group;Astomaspis;Astomaspis sp
Lienella_sp;Animalia;Arthropoda;Insecta;Hymenoptera;Ichneumonidae;Phygadeuontinae;Phygadeuontini;Chirotica_group;Lienella;Lienella sp
Microplitis_manilae;Animalia;Arthropoda;Insecta;Hymenoptera;Braconidae;Microgastrinae;;Microgastrinae;Microplitis;Microplitis manilae
Binodoxys_acalephae;Animalia;Arthropoda;Insecta;Hymenoptera;Braconidae;Aphidiinae;;Aphidiinae;Binodoxys;Binodoxys acalephae