"hit"	"query"	"accession"	"per.ident"	"acc.length"	"differences"	"gaps"	"query.start"	"query.stop"	"sbjct.start"	"sbjct.stop"	"e.value"	"score"	"taxon.id"	"Domain"	"Kingdom"	"Phylum"	"Class"	"Order"	"Family"	"Genus"	"Species"
2	"Platycheirus_jakuticus"	"KF919084.1"	99.84	624	1	0	1	624	20	643	0	1147	"1458296;1459878"	"Eukaryota"	"Metazoa"	"Arthropoda"	"Insecta"	"Diptera"	"Syrphidae"	"Platycheirus"	"Platycheirus yukonensis"
3	"Platycheirus_jakuticus"	"KU373186.1"	98.718	624	8	0	1	624	20	643	0	1109	"1459866"	"Eukaryota"	"Metazoa"	"Arthropoda"	"Insecta"	"Diptera"	"Syrphidae"	"Platycheirus"	"Platycheirus carinatus"
4	"Platycheirus_jakuticus"	"KU373225.1"	98.718	624	8	0	1	624	20	643	0	1109	"1459866"	"Eukaryota"	"Metazoa"	"Arthropoda"	"Insecta"	"Diptera"	"Syrphidae"	"Platycheirus"	"Platycheirus carinatus"
5	"Platycheirus_jakuticus"	"KU373689.1"	98.558	624	9	0	1	624	20	643	0	1103	"1459866"	"Eukaryota"	"Metazoa"	"Arthropoda"	"Insecta"	"Diptera"	"Syrphidae"	"Platycheirus"	"Platycheirus carinatus"
6	"Platycheirus_jakuticus"	"KF930573.1"	98.208	614	11	0	1	614	20	633	0	1077	"1459866"	"Eukaryota"	"Metazoa"	"Arthropoda"	"Insecta"	"Diptera"	"Syrphidae"	"Platycheirus"	"Platycheirus carinatus"
8	"Platycheirus_jakuticus"	"KT601603.1"	97.424	621	16	0	1	621	20	640	0	1059	"1837124"	"Eukaryota"	"Metazoa"	"Arthropoda"	"Insecta"	"Diptera"	"Syrphidae"	"Platycheirus"	"Platycheirus complicatus"
9	"Platycheirus_jakuticus"	"MN678130.1"	97.262	621	17	0	1	621	17	637	0	1053	"2722522"	"Eukaryota"	"Metazoa"	"Arthropoda"	"Insecta"	"Diptera"	"Syrphidae"	"Platycheirus"	"Platycheirus sp. BOLD:AAZ4195"
10	"Platycheirus_jakuticus"	"KF930878.1"	97.262	621	17	0	1	621	20	640	0	1053	"1459899"	"Eukaryota"	"Metazoa"	"Arthropoda"	"Insecta"	"Diptera"	"Syrphidae"	"Platycheirus"	"Platycheirus subordinatus"
11	"Platycheirus_jakuticus"	"MN672092.1"	97.262	621	17	0	1	621	17	637	0	1053	"2722522"	"Eukaryota"	"Metazoa"	"Arthropoda"	"Insecta"	"Diptera"	"Syrphidae"	"Platycheirus"	"Platycheirus sp. BOLD:AAZ4195"
12	"Platycheirus_jakuticus"	"KR978585.1"	98.653	594	8	0	1	594	19	612	0	1053	"1888103"	"Eukaryota"	"Metazoa"	"Arthropoda"	"Insecta"	"Diptera"	"Syrphidae"	"Platycheirus"	"Platycheirus sp. BOLD-2016"
13	"Platycheirus_jakuticus"	"KF930711.1"	97.262	621	17	0	1	621	20	640	0	1053	"1459881;1837125"	"Eukaryota"	"Metazoa"	"Arthropoda"	"Insecta"	"Diptera"	"Syrphidae"	"Platycheirus"	"Platycheirus latimanus"
14	"Platycheirus_jakuticus"	"KU373139.1"	97.262	621	17	0	1	621	20	640	0	1053	"1458292"	"Eukaryota"	"Metazoa"	"Arthropoda"	"Insecta"	"Diptera"	"Syrphidae"	"Platycheirus"	"Platycheirus groenlandicus"
15	"Platycheirus_jakuticus"	"MN673230.1"	97.262	621	17	0	1	621	17	637	0	1053	"2722522"	"Eukaryota"	"Metazoa"	"Arthropoda"	"Insecta"	"Diptera"	"Syrphidae"	"Platycheirus"	"Platycheirus sp. BOLD:AAZ4195"
16	"Platycheirus_jakuticus"	"KF930615.1"	97.262	621	17	0	1	621	20	640	0	1053	"1459912"	"Eukaryota"	"Metazoa"	"Arthropoda"	"Insecta"	"Diptera"	"Syrphidae"	"Platycheirus"	"Platycheirus sticticus"
17	"Platycheirus_jakuticus"	"KU875938.1"	97.115	624	18	0	1	624	20	643	0	1053	"1352496"	"Eukaryota"	"Metazoa"	"Arthropoda"	"Insecta"	"Diptera"	"Syrphidae"	"Platycheirus"	"Platycheirus obscurus"
18	"Platycheirus_jakuticus"	"KR470200.1"	99.825	570	1	0	1	570	19	588	0	1048	"1888103;2062967"	"Eukaryota"	"Metazoa"	"Arthropoda"	"Insecta"	"Diptera"	"Syrphidae"	"Platycheirus"	"Platycheirus sp. BOLD-2016"
19	"Platycheirus_jakuticus"	"KF930872.1"	97.101	621	18	0	1	621	20	640	0	1048	"1459912"	"Eukaryota"	"Metazoa"	"Arthropoda"	"Insecta"	"Diptera"	"Syrphidae"	"Platycheirus"	"Platycheirus sticticus"
20	"Platycheirus_jakuticus"	"KF930879.1"	97.101	621	18	0	1	621	20	640	0	1048	"1459899;1950012;1950013"	"Eukaryota"	"Metazoa"	"Arthropoda"	"Insecta"	"Diptera"	"Syrphidae"	"Platycheirus"	"Platycheirus subordinatus"
21	"Platycheirus_jakuticus"	"MZ633914.1"	97.101	621	18	0	1	621	20	640	0	1048	"1837125"	"Eukaryota"	"Metazoa"	"Arthropoda"	"Insecta"	"Diptera"	"Syrphidae"	"Platycheirus"	"Platycheirus kittilaensis"
22	"Platycheirus_jakuticus"	"MN681719.1"	97.101	621	18	0	1	621	16	636	0	1048	"2722522"	"Eukaryota"	"Metazoa"	"Arthropoda"	"Insecta"	"Diptera"	"Syrphidae"	"Platycheirus"	"Platycheirus sp. BOLD:AAZ4195"
23	"Platycheirus_jakuticus"	"MN668261.1"	97.101	621	18	0	1	621	18	638	0	1048	"2722522"	"Eukaryota"	"Metazoa"	"Arthropoda"	"Insecta"	"Diptera"	"Syrphidae"	"Platycheirus"	"Platycheirus sp. BOLD:AAZ4195"
24	"Platycheirus_jakuticus"	"MZ658047.1"	97.101	621	18	0	1	621	17	637	0	1048	"1459881"	"Eukaryota"	"Metazoa"	"Arthropoda"	"Insecta"	"Diptera"	"Syrphidae"	"Platycheirus"	"Platycheirus latimanus"
25	"Platycheirus_jakuticus"	"MN665759.1"	97.101	621	18	0	1	621	17	637	0	1048	"2722522"	"Eukaryota"	"Metazoa"	"Arthropoda"	"Insecta"	"Diptera"	"Syrphidae"	"Platycheirus"	"Platycheirus sp. BOLD:AAZ4195"
26	"Platycheirus_jakuticus"	"KU374512.1"	97.101	621	18	0	1	621	20	640	0	1048	"1458292"	"Eukaryota"	"Metazoa"	"Arthropoda"	"Insecta"	"Diptera"	"Syrphidae"	"Platycheirus"	"Platycheirus groenlandicus"
27	"Platycheirus_jakuticus"	"MN678924.1"	97.101	621	18	0	1	621	17	637	0	1048	"2722522"	"Eukaryota"	"Metazoa"	"Arthropoda"	"Insecta"	"Diptera"	"Syrphidae"	"Platycheirus"	"Platycheirus sp. BOLD:AAZ4195"
28	"Platycheirus_jakuticus"	"MN671114.1"	97.101	621	18	0	1	621	17	637	0	1048	"2722522"	"Eukaryota"	"Metazoa"	"Arthropoda"	"Insecta"	"Diptera"	"Syrphidae"	"Platycheirus"	"Platycheirus sp. BOLD:AAZ4195"
29	"Platycheirus_jakuticus"	"MN666970.1"	97.101	621	18	0	1	621	19	639	0	1048	"2722522"	"Eukaryota"	"Metazoa"	"Arthropoda"	"Insecta"	"Diptera"	"Syrphidae"	"Platycheirus"	"Platycheirus sp. BOLD:AAZ4195"
30	"Platycheirus_jakuticus"	"MN667480.1"	97.101	621	18	0	1	621	17	637	0	1048	"2722522"	"Eukaryota"	"Metazoa"	"Arthropoda"	"Insecta"	"Diptera"	"Syrphidae"	"Platycheirus"	"Platycheirus sp. BOLD:AAZ4195"
31	"Platycheirus_jakuticus"	"MN667120.1"	97.101	621	18	0	1	621	17	637	0	1048	"2722522"	"Eukaryota"	"Metazoa"	"Arthropoda"	"Insecta"	"Diptera"	"Syrphidae"	"Platycheirus"	"Platycheirus sp. BOLD:AAZ4195"
32	"Platycheirus_jakuticus"	"MN679972.1"	97.101	621	18	0	1	621	18	638	0	1048	"2722522"	"Eukaryota"	"Metazoa"	"Arthropoda"	"Insecta"	"Diptera"	"Syrphidae"	"Platycheirus"	"Platycheirus sp. BOLD:AAZ4195"
33	"Platycheirus_jakuticus"	"MN666603.1"	97.101	621	18	0	1	621	16	636	0	1048	"2722522"	"Eukaryota"	"Metazoa"	"Arthropoda"	"Insecta"	"Diptera"	"Syrphidae"	"Platycheirus"	"Platycheirus sp. BOLD:AAZ4195"
34	"Platycheirus_jakuticus"	"KF930646.1"	97.101	621	18	0	1	621	20	640	0	1048	"1458292"	"Eukaryota"	"Metazoa"	"Arthropoda"	"Insecta"	"Diptera"	"Syrphidae"	"Platycheirus"	"Platycheirus groenlandicus"
35	"Platycheirus_jakuticus"	"MN677939.1"	97.101	621	18	0	1	621	17	637	0	1048	"2722522"	"Eukaryota"	"Metazoa"	"Arthropoda"	"Insecta"	"Diptera"	"Syrphidae"	"Platycheirus"	"Platycheirus sp. BOLD:AAZ4195"
36	"Platycheirus_jakuticus"	"MN676918.1"	97.101	621	18	0	1	621	18	638	0	1048	"2722522"	"Eukaryota"	"Metazoa"	"Arthropoda"	"Insecta"	"Diptera"	"Syrphidae"	"Platycheirus"	"Platycheirus sp. BOLD:AAZ4195"
37	"Platycheirus_jakuticus"	"MN676045.1"	97.101	621	18	0	1	621	18	638	0	1048	"1459902;2722522"	"Eukaryota"	"Metazoa"	"Arthropoda"	"Insecta"	"Diptera"	"Syrphidae"	"Platycheirus"	"Platycheirus varipes"
38	"Platycheirus_jakuticus"	"MN676955.1"	97.101	621	18	0	1	621	17	637	0	1048	"2722522"	"Eukaryota"	"Metazoa"	"Arthropoda"	"Insecta"	"Diptera"	"Syrphidae"	"Platycheirus"	"Platycheirus sp. BOLD:AAZ4195"
39	"Platycheirus_jakuticus"	"MN681898.1"	97.101	621	18	0	1	621	17	637	0	1048	"2722522"	"Eukaryota"	"Metazoa"	"Arthropoda"	"Insecta"	"Diptera"	"Syrphidae"	"Platycheirus"	"Platycheirus sp. BOLD:AAZ4195"
40	"Platycheirus_jakuticus"	"HQ577879.1"	96.94	621	19	0	1	621	20	640	0	1042	"1459873;1459889"	"Eukaryota"	"Metazoa"	"Arthropoda"	"Insecta"	"Diptera"	"Syrphidae"	"Platycheirus"	"Platycheirus flabella"
41	"Platycheirus_jakuticus"	"MN681990.1"	96.94	621	19	0	1	621	18	638	0	1042	"2722522"	"Eukaryota"	"Metazoa"	"Arthropoda"	"Insecta"	"Diptera"	"Syrphidae"	"Platycheirus"	"Platycheirus sp. BOLD:AAZ4195"
42	"Platycheirus_jakuticus"	"MN680398.1"	96.94	621	19	0	1	621	17	637	0	1042	"2722522"	"Eukaryota"	"Metazoa"	"Arthropoda"	"Insecta"	"Diptera"	"Syrphidae"	"Platycheirus"	"Platycheirus sp. BOLD:AAZ4195"
43	"Platycheirus_jakuticus"	"HQ577878.1"	96.94	621	19	0	1	621	20	640	0	1042	"1459873"	"Eukaryota"	"Metazoa"	"Arthropoda"	"Insecta"	"Diptera"	"Syrphidae"	"Platycheirus"	"Platycheirus flabella"
44	"Platycheirus_jakuticus"	"MN678847.1"	96.94	621	19	0	1	621	18	638	0	1042	"2722522"	"Eukaryota"	"Metazoa"	"Arthropoda"	"Insecta"	"Diptera"	"Syrphidae"	"Platycheirus"	"Platycheirus sp. BOLD:AAZ4195"
45	"Platycheirus_jakuticus"	"MN677468.1"	96.94	621	19	0	1	621	17	637	0	1042	"2722522"	"Eukaryota"	"Metazoa"	"Arthropoda"	"Insecta"	"Diptera"	"Syrphidae"	"Platycheirus"	"Platycheirus sp. BOLD:AAZ4195"
46	"Platycheirus_jakuticus"	"MN670695.1"	96.94	621	19	0	1	621	19	639	0	1042	"2722522"	"Eukaryota"	"Metazoa"	"Arthropoda"	"Insecta"	"Diptera"	"Syrphidae"	"Platycheirus"	"Platycheirus sp. BOLD:AAZ4195"
47	"Platycheirus_jakuticus"	"MN678701.1"	96.94	621	19	0	1	621	17	637	0	1042	"2722522"	"Eukaryota"	"Metazoa"	"Arthropoda"	"Insecta"	"Diptera"	"Syrphidae"	"Platycheirus"	"Platycheirus sp. BOLD:AAZ4195"
48	"Platycheirus_jakuticus"	"MN668003.1"	96.94	621	19	0	1	621	16	636	0	1042	"2722522"	"Eukaryota"	"Metazoa"	"Arthropoda"	"Insecta"	"Diptera"	"Syrphidae"	"Platycheirus"	"Platycheirus sp. BOLD:AAZ4195"
49	"Platycheirus_jakuticus"	"MN671147.1"	96.94	621	19	0	1	621	17	637	0	1042	"2722522"	"Eukaryota"	"Metazoa"	"Arthropoda"	"Insecta"	"Diptera"	"Syrphidae"	"Platycheirus"	"Platycheirus sp. BOLD:AAZ4195"
50	"Platycheirus_jakuticus"	"MN674701.1"	96.94	621	19	0	1	621	18	638	0	1042	"2722522"	"Eukaryota"	"Metazoa"	"Arthropoda"	"Insecta"	"Diptera"	"Syrphidae"	"Platycheirus"	"Platycheirus sp. BOLD:AAZ4195"
51	"Platycheirus_jakuticus"	"MN671278.1"	96.94	621	19	0	1	621	18	638	0	1042	"2722522"	"Eukaryota"	"Metazoa"	"Arthropoda"	"Insecta"	"Diptera"	"Syrphidae"	"Platycheirus"	"Platycheirus sp. BOLD:AAZ4195"
52	"Platycheirus_jakuticus"	"KT601598.1"	96.94	621	19	0	1	621	20	640	0	1042	"1837125"	"Eukaryota"	"Metazoa"	"Arthropoda"	"Insecta"	"Diptera"	"Syrphidae"	"Platycheirus"	"Platycheirus kittilaensis"
53	"Platycheirus_jakuticus"	"MN673115.1"	96.94	621	19	0	1	621	16	636	0	1042	"2722522"	"Eukaryota"	"Metazoa"	"Arthropoda"	"Insecta"	"Diptera"	"Syrphidae"	"Platycheirus"	"Platycheirus sp. BOLD:AAZ4195"
54	"Platycheirus_jakuticus"	"MN673144.1"	96.94	621	19	0	1	621	16	636	0	1042	"2722522"	"Eukaryota"	"Metazoa"	"Arthropoda"	"Insecta"	"Diptera"	"Syrphidae"	"Platycheirus"	"Platycheirus sp. BOLD:AAZ4195"
55	"Platycheirus_jakuticus"	"MN677637.1"	96.94	621	19	0	1	621	17	637	0	1042	"2722522"	"Eukaryota"	"Metazoa"	"Arthropoda"	"Insecta"	"Diptera"	"Syrphidae"	"Platycheirus"	"Platycheirus sp. BOLD:AAZ4195"
56	"Platycheirus_jakuticus"	"MN671862.1"	96.94	621	19	0	1	621	18	638	0	1042	"2722522"	"Eukaryota"	"Metazoa"	"Arthropoda"	"Insecta"	"Diptera"	"Syrphidae"	"Platycheirus"	"Platycheirus sp. BOLD:AAZ4195"
57	"Platycheirus_jakuticus"	"MN671199.1"	96.94	621	19	0	1	621	17	637	0	1042	"2722522"	"Eukaryota"	"Metazoa"	"Arthropoda"	"Insecta"	"Diptera"	"Syrphidae"	"Platycheirus"	"Platycheirus sp. BOLD:AAZ4195"
58	"Platycheirus_jakuticus"	"KF930645.1"	96.94	621	19	0	1	621	20	640	0	1042	"1458292"	"Eukaryota"	"Metazoa"	"Arthropoda"	"Insecta"	"Diptera"	"Syrphidae"	"Platycheirus"	"Platycheirus groenlandicus"
59	"Platycheirus_jakuticus"	"MN681286.1"	96.94	621	19	0	1	621	17	637	0	1042	"2722522"	"Eukaryota"	"Metazoa"	"Arthropoda"	"Insecta"	"Diptera"	"Syrphidae"	"Platycheirus"	"Platycheirus sp. BOLD:AAZ4195"
60	"Platycheirus_jakuticus"	"MG164544.1"	97.083	617	18	0	5	621	24	640	0	1040	"2062937"	"Eukaryota"	"Metazoa"	"Arthropoda"	"Insecta"	"Diptera"	"Syrphidae"	"Platycheirus"	"Platycheirus sp. BIOUG24448-B02"
61	"Platycheirus_jakuticus"	"KC900428.1"	97.083	617	18	0	5	621	24	640	0	1040	"1352495"	"Eukaryota"	"Metazoa"	"Arthropoda"	"Insecta"	"Diptera"	"Syrphidae"	"Platycheirus"	"Platycheirus nearcticus"
62	"Platycheirus_jakuticus"	"MN672874.1"	96.779	621	20	0	1	621	16	636	0	1037	"2722522"	"Eukaryota"	"Metazoa"	"Arthropoda"	"Insecta"	"Diptera"	"Syrphidae"	"Platycheirus"	"Platycheirus sp. BOLD:AAZ4195"
63	"Platycheirus_jakuticus"	"JN285921.1"	96.779	621	20	0	1	621	20	640	0	1037	"1459873"	"Eukaryota"	"Metazoa"	"Arthropoda"	"Insecta"	"Diptera"	"Syrphidae"	"Platycheirus"	"Platycheirus flabella"
64	"Platycheirus_jakuticus"	"JF877726.1"	96.779	621	20	0	1	621	20	640	0	1037	"1459873"	"Eukaryota"	"Metazoa"	"Arthropoda"	"Insecta"	"Diptera"	"Syrphidae"	"Platycheirus"	"Platycheirus flabella"
65	"Platycheirus_jakuticus"	"JF879999.1"	96.635	624	21	0	1	624	20	643	0	1037	"2567320"	"Eukaryota"	"Metazoa"	"Arthropoda"	"Insecta"	"Diptera"	"Syrphidae"	"Platycheirus"	"Platycheirus alpigenus"
66	"Platycheirus_jakuticus"	"KR472210.1"	99.474	570	3	0	1	570	10	579	0	1037	"1888103"	"Eukaryota"	"Metazoa"	"Arthropoda"	"Insecta"	"Diptera"	"Syrphidae"	"Platycheirus"	"Platycheirus sp. BOLD-2016"
67	"Platycheirus_jakuticus"	"MN665461.1"	96.779	621	20	0	1	621	17	637	0	1037	"2722522"	"Eukaryota"	"Metazoa"	"Arthropoda"	"Insecta"	"Diptera"	"Syrphidae"	"Platycheirus"	"Platycheirus sp. BOLD:AAZ4195"
68	"Platycheirus_jakuticus"	"HQ577954.1"	96.635	624	21	0	1	624	20	643	0	1037	"2567320"	"Eukaryota"	"Metazoa"	"Arthropoda"	"Insecta"	"Diptera"	"Syrphidae"	"Platycheirus"	"Platycheirus alpigenus"
69	"Platycheirus_jakuticus"	"KR464806.1"	99.474	570	3	0	1	570	19	588	0	1037	"1888103"	"Eukaryota"	"Metazoa"	"Arthropoda"	"Insecta"	"Diptera"	"Syrphidae"	"Platycheirus"	"Platycheirus sp. BOLD-2016"
70	"Platycheirus_jakuticus"	"MN672693.1"	96.779	621	20	0	1	621	17	637	0	1037	"2722522"	"Eukaryota"	"Metazoa"	"Arthropoda"	"Insecta"	"Diptera"	"Syrphidae"	"Platycheirus"	"Platycheirus sp. BOLD:AAZ4195"
71	"Platycheirus_jakuticus"	"OK065373.1"	96.779	621	20	0	1	621	20	640	0	1037	"1458292"	"Eukaryota"	"Metazoa"	"Arthropoda"	"Insecta"	"Diptera"	"Syrphidae"	"Platycheirus"	"Platycheirus groenlandicus"
72	"Platycheirus_jakuticus"	"KF930729.1"	96.779	621	20	0	1	621	20	640	0	1037	"1459903"	"Eukaryota"	"Metazoa"	"Arthropoda"	"Insecta"	"Diptera"	"Syrphidae"	"Platycheirus"	"Platycheirus melanopsis"
73	"Platycheirus_jakuticus"	"MT410797.1"	96.921	617	19	0	5	621	2009	2625	0	1035	"226175"	"Eukaryota"	"Metazoa"	"Arthropoda"	"Insecta"	"Diptera"	"Syrphidae"	"Platycheirus"	"Platycheirus peltatus"
74	"Platycheirus_jakuticus"	"HQ974781.1"	96.921	617	19	0	5	621	18	634	0	1035	"1352495"	"Eukaryota"	"Metazoa"	"Arthropoda"	"Insecta"	"Diptera"	"Syrphidae"	"Platycheirus"	"Platycheirus nearcticus"
75	"Platycheirus_jakuticus"	"KF930664.1"	96.921	617	19	0	5	621	24	640	0	1035	"1459874"	"Eukaryota"	"Metazoa"	"Arthropoda"	"Insecta"	"Diptera"	"Syrphidae"	"Platycheirus"	"Platycheirus holarcticus"
76	"Platycheirus_jakuticus"	"HQ582145.1"	96.921	617	19	0	5	621	24	640	0	1035	"1352495;1459874;1888103;2062924;2333479;2333480;2333481"	"Eukaryota"	"Metazoa"	"Arthropoda"	"Insecta"	"Diptera"	"Syrphidae"	"Platycheirus"	"Platycheirus nearcticus"
77	"Platycheirus_jakuticus"	"JN992022.1"	96.921	617	19	0	5	621	24	640	0	1035	"226175;414847;1459874"	"Eukaryota"	"Metazoa"	"Arthropoda"	"Insecta"	"Diptera"	"Syrphidae"	"Platycheirus"	"Platycheirus peltatus"
78	"Platycheirus_jakuticus"	"HQ974735.1"	96.921	617	19	0	5	621	23	639	0	1035	"1352495"	"Eukaryota"	"Metazoa"	"Arthropoda"	"Insecta"	"Diptera"	"Syrphidae"	"Platycheirus"	"Platycheirus nearcticus"
79	"Platycheirus_jakuticus"	"KF930750.1"	96.759	617	20	0	5	621	23	639	0	1031	"1352495"	"Eukaryota"	"Metazoa"	"Arthropoda"	"Insecta"	"Diptera"	"Syrphidae"	"Platycheirus"	"Platycheirus nearcticus"
80	"Platycheirus_jakuticus"	"KR979996.1"	98.625	582	8	0	1	582	19	600	0	1031	"1888103"	"Eukaryota"	"Metazoa"	"Arthropoda"	"Insecta"	"Diptera"	"Syrphidae"	"Platycheirus"	"Platycheirus sp. BOLD-2016"
81	"Platycheirus_jakuticus"	"HQ577924.1"	96.618	621	21	0	1	621	20	640	0	1031	"1459873"	"Eukaryota"	"Metazoa"	"Arthropoda"	"Insecta"	"Diptera"	"Syrphidae"	"Platycheirus"	"Platycheirus flabella"
82	"Platycheirus_jakuticus"	"HQ578070.1"	96.759	617	20	0	5	621	24	640	0	1029	"1352495"	"Eukaryota"	"Metazoa"	"Arthropoda"	"Insecta"	"Diptera"	"Syrphidae"	"Platycheirus"	"Platycheirus nearcticus"
83	"Platycheirus_jakuticus"	"KR666922.1"	96.759	617	20	0	5	621	24	640	0	1029	"1888103"	"Eukaryota"	"Metazoa"	"Arthropoda"	"Insecta"	"Diptera"	"Syrphidae"	"Platycheirus"	"Platycheirus sp. BOLD-2016"
84	"Platycheirus_jakuticus"	"HQ974797.1"	96.759	617	20	0	5	621	23	639	0	1029	"1458293"	"Eukaryota"	"Metazoa"	"Arthropoda"	"Insecta"	"Diptera"	"Syrphidae"	"Platycheirus"	"Platycheirus jaerensis"
85	"Platycheirus_jakuticus"	"JN285934.1"	96.759	617	20	0	5	621	24	640	0	1029	"1352495"	"Eukaryota"	"Metazoa"	"Arthropoda"	"Insecta"	"Diptera"	"Syrphidae"	"Platycheirus"	"Platycheirus nearcticus"
86	"Platycheirus_jakuticus"	"JF869321.1"	96.759	617	20	0	5	621	24	640	0	1029	"2333476"	"Eukaryota"	"Metazoa"	"Arthropoda"	"Insecta"	"Diptera"	"Syrphidae"	"Platycheirus"	"Platycheirus sp. BBDCP969-10"
87	"Platycheirus_jakuticus"	"HQ577926.1"	96.759	617	20	0	5	621	24	640	0	1029	"1837126"	"Eukaryota"	"Metazoa"	"Arthropoda"	"Insecta"	"Diptera"	"Syrphidae"	"Platycheirus"	"Platycheirus naso"
88	"Platycheirus_jakuticus"	"HQ578062.1"	96.759	617	20	0	5	621	24	640	0	1029	"1352495"	"Eukaryota"	"Metazoa"	"Arthropoda"	"Insecta"	"Diptera"	"Syrphidae"	"Platycheirus"	"Platycheirus nearcticus"
89	"Platycheirus_jakuticus"	"HQ578024.1"	96.759	617	20	0	5	621	24	640	0	1029	"1352495"	"Eukaryota"	"Metazoa"	"Arthropoda"	"Insecta"	"Diptera"	"Syrphidae"	"Platycheirus"	"Platycheirus nearcticus"
90	"Platycheirus_jakuticus"	"HQ577939.1"	96.759	617	20	0	5	621	24	640	0	1029	"1459874;1837126;2333475"	"Eukaryota"	"Metazoa"	"Arthropoda"	"Insecta"	"Diptera"	"Syrphidae"	"Platycheirus"	"Platycheirus holarcticus"
91	"Platycheirus_jakuticus"	"JF877743.1"	96.759	617	20	0	5	621	24	640	0	1029	"1352495"	"Eukaryota"	"Metazoa"	"Arthropoda"	"Insecta"	"Diptera"	"Syrphidae"	"Platycheirus"	"Platycheirus nearcticus"
92	"Platycheirus_jakuticus"	"KF930751.1"	96.759	617	20	0	5	621	19	635	0	1029	"1352495"	"Eukaryota"	"Metazoa"	"Arthropoda"	"Insecta"	"Diptera"	"Syrphidae"	"Platycheirus"	"Platycheirus nearcticus"
93	"Platycheirus_jakuticus"	"KF930745.1"	96.753	616	20	0	6	621	1	616	0	1027	"1352495"	"Eukaryota"	"Metazoa"	"Arthropoda"	"Insecta"	"Diptera"	"Syrphidae"	"Platycheirus"	"Platycheirus nearcticus"
94	"Platycheirus_jakuticus"	"KM950023.1"	97.049	610	18	0	5	614	24	633	0	1027	"1087819;1352495"	"Eukaryota"	"Metazoa"	"Arthropoda"	"Insecta"	"Diptera"	"Syrphidae"	"Platycheirus"	"Platycheirus sp. BOLD:AAC6630"
95	"Platycheirus_jakuticus"	"KM970378.1"	97.049	610	18	0	5	614	24	633	0	1027	"1087819"	"Eukaryota"	"Metazoa"	"Arthropoda"	"Insecta"	"Diptera"	"Syrphidae"	"Platycheirus"	"Platycheirus sp. BOLD:AAC6630"
96	"Platycheirus_jakuticus"	"KR436339.1"	97.049	610	18	0	5	614	24	633	0	1027	"1352495"	"Eukaryota"	"Metazoa"	"Arthropoda"	"Insecta"	"Diptera"	"Syrphidae"	"Platycheirus"	"Platycheirus nearcticus"
97	"Platycheirus_jakuticus"	"JN285972.1"	96.596	617	21	0	5	621	24	640	0	1026	"1837126"	"Eukaryota"	"Metazoa"	"Arthropoda"	"Insecta"	"Diptera"	"Syrphidae"	"Platycheirus"	"Platycheirus naso"
98	"Platycheirus_jakuticus"	"JF879964.1"	96.457	621	22	0	1	621	20	640	0	1026	"1459877"	"Eukaryota"	"Metazoa"	"Arthropoda"	"Insecta"	"Diptera"	"Syrphidae"	"Platycheirus"	"Platycheirus inversus"
99	"Platycheirus_jakuticus"	"KU873832.1"	96.457	621	22	0	1	621	20	640	0	1026	"1459873"	"Eukaryota"	"Metazoa"	"Arthropoda"	"Insecta"	"Diptera"	"Syrphidae"	"Platycheirus"	"Platycheirus flabella"
