Order;Family;Subfamily;Clade;Main feeding niche SE;Main feeding habitat SE;Main feeding niche MG;Main feeding habitat MG;Comments
Hymenoptera;Braconidae;Acampsohelconinae;Acampsohelconinae;NA;NA;;;
Hymenoptera;Braconidae;Agathidinae;Agathidinae;Phytophage-parasitoid;Plants;Phytophage-parasitoid;Plants;
Hymenoptera;Braconidae;Alysiinae;Alysiinae;Saprophage-parasitoid;Temporary habitats;Saprophage-parasitoid;Temporary habitats;
Hymenoptera;Braconidae;Aphidiinae;Aphidiinae;Phytophage-parasitoid;Plants;Phytophage-parasitoid;Plants;
Hymenoptera;Braconidae;Apozyginae;Apozyginae;NA;NA;;;Only an unverified mitochondrial genome in GenBank
Hymenoptera;Braconidae;Brachistinae;Brachistinae_s_str;Saprophage-parasitoid;Plants;Saprophage-parasitoid;Plants;
Hymenoptera;Braconidae;Brachistinae;Brachistinae_Dyscoletes;Saprophage-parasitoid;Plants;Saprophage-parasitoid;Plants;No nucleotide sequences in GenBank
Hymenoptera;Braconidae;Braconinae;Braconinae;Phytophage-parasitoid;Plants;Phytophage-parasitoid;Plants;
Hymenoptera;Braconidae;Cardiochilinae;Cardiochilinae;Phytophage-parasitoid;Plants;Phytophage-parasitoid;Plants;
Hymenoptera;Braconidae;Cenocoeliinae;Cenocoeliinae;Phytophage-parasitoid;Wood;Phytophage-parasitoid;Wood;
Hymenoptera;Braconidae;Charmontinae;Charmontinae;Phytophage-parasitoid;Plants;Phytophage-parasitoid;Plants;
Hymenoptera;Braconidae;Cheloninae;Cheloninae;Phytophage-parasitoid;Plants;Phytophage-parasitoid;Plants;Includes Adeliini, formerly separate subfamily
Hymenoptera;Braconidae;Doryctinae;Doryctinae_Ontsira;;;Phytophage-parasitoid;Wood;Wang & Aparicio (2020)
Hymenoptera;Braconidae;Doryctinae;Doryctinae_s_str;Phytophage-parasitoid;Wood;Phytophage-parasitoid;Wood;"Includes Pambolinae; less species-rich, with hosts on plants"
Hymenoptera;Braconidae;Doryctinae;Doryctinae_South_America;NA;NA;Phytophage-parasitoid;Wood;"Marsh (1988) [Nervellius; reared from branches infested with cerambycids], Iqbal et al. (2006) [Syngaster]"
Hymenoptera;Braconidae;Euphorinae;Euphorinae;Phytophage-parasitoid;Plants;Phytophage-parasitoid;Plants;Includes Meteorinae and Zeleinae
Hymenoptera;Braconidae;Exothecinae;Exothecinae;Phytophage-parasitoid;Plants;Phytophage-parasitoid;Plants;
Hymenoptera;Braconidae;Helconinae;Helconinae;Phytophage-parasitoid;Wood;Phytophage-parasitoid;Wood;
Hymenoptera;Braconidae;Homolobinae;Homolobinae;Phytophage-parasitoid;Plants;Phytophage-parasitoid;Plants;
Hymenoptera;Braconidae;Hormiinae;Hormiinae;Phytophage-parasitoid;Plants;Phytophage-parasitoid;Plants;Includes Lysiterminae on hosts in wood. In Sweden, there are more species with hosts on plants (5) than in wood (3).
Hymenoptera;Braconidae;Ichneutinae;Ichneutinae;Phytophage-parasitoid;Plants;Phytophage-parasitoid;Plants;
Hymenoptera;Braconidae;Khoikhoiinae;Khoikhoiinae;NA;NA;;;
Hymenoptera;Braconidae;Macrocentrinae;Macrocentrinae;Phytophage-parasitoid;Plants;Phytophage-parasitoid;Plants;
Hymrnoptera;Braconidae;Masoninae;Masoninae;NA;NA;;;Life history unknown (Achterberg 2001)
Hymenoptera;Braconidae;Mendesellinae;Mendesellinae;NA;NA;;;
Hymenoptera;Braconidae;Mesostoinae;Mesostoinae_s_str;NA;NA;;;Includes Maxfischeriinae
Hymenoptera;Braconidae;Mesostoinae;Mesostoinae_Xenosternum_Avga;NA;NA;;;
Hymenoptera;Braconidae;Meteorideinae;Meteorideinae;NA;NA;;;
Hymenoptera;Braconidae;Microgastrinae;Microgastrinae;Phytophage-parasitoid;Plants;Phytophage-parasitoid;Plants;
Hymenoptera;Braconidae;Microtypinae;Microtypinae;Phytophage-parasitoid;Plants;Phytophage-parasitoid;Plants;Not officially reported from Sweden but prob present
Hymenoptera;Braconidae;Miracinae;Miracinae;Phytophage-parasitoid;Plants;Phytophage-parasitoid;Plants;
Hymenoptera;Braconidae;Opiinae;Opiinae;Phytophage-parasitoid;Plants;Phytophage-parasitoid;Plants;
Hymenoptera;Braconidae;Orgilinae;Orgilinae;Phytophage-parasitoid;Plants;Phytophage-parasitoid;Plants;
Hymenoptera;Braconidae;Proteropinae;Proteropinae;Phytophage-parasitoid;Plants;Phytophage-parasitoid;Plants;Parasitoids of sawfly larvae (Jasso-Martinez et al. 2022)
Hymenoptera;Braconidae;Rhysipolinae;Rhysipolinae;Phytophage-parasitoid;Plants;Phytophage-parasitoid;Plants;
Hymenoptera;Braconidae;Rhyssalinae;Rhyssalinae;Phytophage-parasitoid;Plants;Phytophage-parasitoid;Plants;
Hymenoptera;Braconidae;Rogadinae;Rogadinae;Phytophage-parasitoid;Plants;Phytophage-parasitoid;Plants;
Hymenoptera;Braconidae;Sigalphinae;Sigalphinae;Phytophage-parasitoid;Plants;Phytophage-parasitoid;Plants;
Hymenoptera;Braconidae;Telengaiinae;Telengaiinae;Phytophage-parasitoid;Plants;Phytophage-parasitoid;Plants;
Hymenoptera;Braconidae;Trachypetinae;Trachypetinae;NA;NA;;;"Includes Cercobarconinae; life history unknown"
Hymenoptera;Braconidae;Amicrocentrinae;Amicrocentrinae;NA;NA;Phytophage-parasitoid;Plants;Occurs in Madagascar but no verified GenBank CO1 sequences
Hymenoptera;Braconidae;Dirrhopinae;Dirrhopinae;NA;NA;Phytophage-parasitoid;Plants;"One species reared from Ectoedemia phleophaga (Quicke 2015); no nucleotide sequences in GenBank"
Hymenoptera;Braconidae;Xiphozelinae;Xiphozelinae;NA;NA;Phytophage-parasitoid;Plants;Apparently restricted to SE Asia, Oriental region, New Guinea. Two genera: Xiphozele and Distilirella
;;;;;;;;
;;;;;;;;
;;;;;;;;
;;;;;;;;
;;;;;;;;
;;;;;;;;
;;;;;;;;
;;;;;;;;
;;;;;;;;
;;;;;;;;
;;;;;;;;
;;;;;;;;
;;;;;;;;
;;;;;;;;
;;;;;;;;
;;;;;;;;
;;;;;;;;
;;;;;;;;
;;;;;;;;
;;;;;;;;
;;;;;;;;
;;;;;;;;
;;;;;;;;
;;;;;;;;
;;;;;;;;
;;;;;;;;
;;;;;;;;
;;;;;;;;
;;;;;;;;
;;;;;;;;
;;;;;;;;
;;;;;;;;
;;;;;;;;
;;;;;;;;
;;;;;;;;
;;;;;;;;
;;;;;;;;
;;;;;;;;
;;;;;;;;
;;;;;;;;
;;;;;;;;
;;;;;;;;
;;;;;;;;
;;;;;;;;
;;;;;;;;
;;;;;;;;
;;;;;;;;
;;;;;;;;
;;;;;;;;
;;;;;;;;
;;;;;;;;
;;;;;;;;
;;;;;;;;
;;;;;;;;
;;;;;;;;
;;;;;;;;
;;;;;;;;
;;;;;;;;
;;;;;;;;
;;;;;;;;
;;;;;;;;
;;;;;;;;
;;;;;;;;
;;;;;;;;
;;;;;;;;
;;;;;;;;
;;;;;;;;
;;;;;;;;
;;;;;;;;
;;;;;;;;
;;;;;;;;
;;;;;;;;
;;;;;;;;
;;;;;;;;
;;;;;;;;
;;;;;;;;
;;;;;;;;
;;;;;;;;
;;;;;;;;
;;;;;;;;
;;;;;;;;
;;;;;;;;
;;;;;;;;
;;;;;;;;
;;;;;;;;
;;;;;;;;
;;;;;;;;
;;;;;;;;
;;;;;;;;
;;;;;;;;
;;;;;;;;
;;;;;;;;
;;;;;;;;
;;;;;;;;
;;;;;;;;
;;;;;;;;
;;;;;;;;
;;;;;;;;
;;;;;;;;
;;;;;;;;
;;;;;;;;
;;;;;;;;
;;;;;;;;
;;;;;;;;
;;;;;;;;
;;;;;;;;
;;;;;;;;
;;;;;;;;
;;;;;;;;
;;;;;;;;
;;;;;;;;
;;;;;;;;
;;;;;;;;
;;;;;;;;
;;;;;;;;
;;;;;;;;
;;;;;;;;
;;;;;;;;
;;;;;;;;
;;;;;;;;
;;;;;;;;
;;;;;;;;
;;;;;;;;
;;;;;;;;
;;;;;;;;
;;;;;;;;
;;;;;;;;
;;;;;;;;
;;;;;;;;
;;;;;;;;
;;;;;;;;
;;;;;;;;
;;;;;;;;
;;;;;;;;
;;;;;;;;
;;;;;;;;
;;;;;;;;
;;;;;;;;
;;;;;;;;
;;;;;;;;
;;;;;;;;
;;;;;;;;
;;;;;;;;
;;;;;;;;
;;;;;;;;
;;;;;;;;
;;;;;;;;
;;;;;;;;
;;;;;;;;
;;;;;;;;
;;;;;;;;
;;;;;;;;
;;;;;;;;
;;;;;;;;
;;;;;;;;
;;;;;;;;
;;;;;;;;
;;;;;;;;
;;;;;;;;
;;;;;;;;
;;;;;;;;
;;;;;;;;
;;;;;;;;
;;;;;;;;
;;;;;;;;
;;;;;;;;
;;;;;;;;
;;;;;;;;
;;;;;;;;
;;;;;;;;
;;;;;;;;
;;;;;;;;
;;;;;;;;
;;;;;;;;
;;;;;;;;
;;;;;;;;
;;;;;;;;
;;;;;;;;
;;;;;;;;
;;;;;;;;
;;;;;;;;
;;;;;;;;
;;;;;;;;
;;;;;;;;
;;;;;;;;
;;;;;;;;
;;;;;;;;
;;;;;;;;
;;;;;;;;
;;;;;;;;
;;;;;;;;
;;;;;;;;
;;;;;;;;
;;;;;;;;
;;;;;;;;
;;;;;;;;
;;;;;;;;
;;;;;;;;
;;;;;;;;
;;;;;;;;
;;;;;;;;
;;;;;;;;
;;;;;;;;
;;;;;;;;
;;;;;;;;
;;;;;;;;
;;;;;;;;
;;;;;;;;
;;;;;;;;
;;;;;;;;
;;;;;;;;
;;;;;;;;
;;;;;;;;
;;;;;;;;
;;;;;;;;
;;;;;;;;
;;;;;;;;
;;;;;;;;
;;;;;;;;
;;;;;;;;
;;;;;;;;
;;;;;;;;
;;;;;;;;
;;;;;;;;
;;;;;;;;
;;;;;;;;
;;;;;;;;
;;;;;;;;
;;;;;;;;
;;;;;;;;
;;;;;;;;
;;;;;;;;
;;;;;;;;
;;;;;;;;
;;;;;;;;
;;;;;;;;
;;;;;;;;
;;;;;;;;
;;;;;;;;
;;;;;;;;
;;;;;;;;
;;;;;;;;
;;;;;;;;
;;;;;;;;
;;;;;;;;
;;;;;;;;
;;;;;;;;
;;;;;;;;
;;;;;;;;
;;;;;;;;
;;;;;;;;
;;;;;;;;
;;;;;;;;
;;;;;;;;
;;;;;;;;
;;;;;;;;
;;;;;;;;
;;;;;;;;
;;;;;;;;
;;;;;;;;
;;;;;;;;
;;;;;;;;
;;;;;;;;
;;;;;;;;
;;;;;;;;
;;;;;;;;
;;;;;;;;
;;;;;;;;
;;;;;;;;
;;;;;;;;
;;;;;;;;
;;;;;;;;
;;;;;;;;
;;;;;;;;
;;;;;;;;
;;;;;;;;
;;;;;;;;
;;;;;;;;
;;;;;;;;
;;;;;;;;
;;;;;;;;
;;;;;;;;
;;;;;;;;
;;;;;;;;
;;;;;;;;
;;;;;;;;
;;;;;;;;
;;;;;;;;
;;;;;;;;
;;;;;;;;
;;;;;;;;
;;;;;;;;
;;;;;;;;
;;;;;;;;
;;;;;;;;
;;;;;;;;
;;;;;;;;
;;;;;;;;
;;;;;;;;
;;;;;;;;
;;;;;;;;
;;;;;;;;
;;;;;;;;
;;;;;;;;
;;;;;;;;
;;;;;;;;
;;;;;;;;
;;;;;;;;
;;;;;;;;
;;;;;;;;
;;;;;;;;
;;;;;;;;
;;;;;;;;
;;;;;;;;
;;;;;;;;
;;;;;;;;
;;;;;;;;
;;;;;;;;
;;;;;;;;
;;;;;;;;
;;;;;;;;
;;;;;;;;
;;;;;;;;
;;;;;;;;
;;;;;;;;
;;;;;;;;
;;;;;;;;
;;;;;;;;
;;;;;;;;
;;;;;;;;
;;;;;;;;
;;;;;;;;
;;;;;;;;
;;;;;;;;
;;;;;;;;
;;;;;;;;
;;;;;;;;
;;;;;;;;
;;;;;;;;
;;;;;;;;
;;;;;;;;
;;;;;;;;
;;;;;;;;
;;;;;;;;
;;;;;;;;
;;;;;;;;
;;;;;;;;
;;;;;;;;
;;;;;;;;
;;;;;;;;
;;;;;;;;
;;;;;;;;
;;;;;;;;
;;;;;;;;
;;;;;;;;
;;;;;;;;
;;;;;;;;
;;;;;;;;
;;;;;;;;
;;;;;;;;
;;;;;;;;
;;;;;;;;
;;;;;;;;
;;;;;;;;