"Order"	"Family"	"Niche"	"Habitat"	"Clade"	"Community"	"Trophic_level"
"Archaeognatha"	"Machilidae"	"Saprophage"	"Soil"	"Machilidae"	"Saprophage"	"Primary"
"Zygentoma"	"Lepismatidae"	"Saprophage"	"Temporary habitats"	"Lepismatidae"	"Saprophage"	"Primary"
"Ephemeroptera"	"Ameletidae"	"Saprophage"	"Water"	"Ameletidae"	"Saprophage"	"Primary"
"Ephemeroptera"	"Baetidae"	"Saprophage"	"Water"	"Baetidae"	"Saprophage"	"Primary"
"Ephemeroptera"	"Caenidae"	"Saprophage"	"Water"	"Caenidae"	"Saprophage"	"Primary"
"Ephemeroptera"	"Ephemerellidae"	"Saprophage"	"Water"	"Ephemerellidae"	"Saprophage"	"Primary"
"Ephemeroptera"	"Ephemeridae"	"Saprophage"	"Water"	"Ephemeridae"	"Saprophage"	"Primary"
"Ephemeroptera"	"Heptageniidae"	"Saprophage"	"Water"	"Heptageniidae"	"Saprophage"	"Primary"
"Ephemeroptera"	"Leptophlebiidae"	"Saprophage"	"Water"	"Leptophlebiidae"	"Saprophage"	"Primary"
"Ephemeroptera"	"Metretopodidae"	"Saprophage"	"Water"	"Metretopodidae"	"Saprophage"	"Primary"
"Ephemeroptera"	"Prosopistomatidae"	"Saprophage"	"Water"	"Prosopistomatidae"	"Saprophage"	"Primary"
"Ephemeroptera"	"Siphlonuridae"	"Saprophage"	"Water"	"Siphlonuridae"	"Saprophage"	"Primary"
"Odonata"	"Aeshnidae"	"Predator"	"Water"	"Aeshnidae"	"Predator"	"Primary"
"Odonata"	"Calopterygidae"	"Predator"	"Water"	"Calopterygidae"	"Predator"	"Primary"
"Odonata"	"Coenagrionidae"	"Predator"	"Water"	"Coenagrionidae"	"Predator"	"Primary"
"Odonata"	"Cordulegastridae"	"Predator"	"Water"	"Cordulegastridae"	"Predator"	"Primary"
"Odonata"	"Corduliidae"	"Predator"	"Water"	"Corduliidae"	"Predator"	"Primary"
"Odonata"	"Gomphidae"	"Predator"	"Water"	"Gomphidae"	"Predator"	"Primary"
"Odonata"	"Lestidae"	"Predator"	"Water"	"Lestidae"	"Predator"	"Primary"
"Odonata"	"Libellulidae"	"Predator"	"Water"	"Libellulidae"	"Predator"	"Primary"
"Odonata"	"Platycnemididae"	"Predator"	"Water"	"Platycnemididae"	"Predator"	"Primary"
"Plecoptera"	"Capniidae"	"Saprophage"	"Water"	"Capniidae"	"Saprophage"	"Primary"
"Plecoptera"	"Chloroperlidae"	"Saprophage"	"Water"	"Chloroperlidae"	"Saprophage"	"Primary"
"Plecoptera"	"Leuctridae"	"Saprophage"	"Water"	"Leuctridae"	"Saprophage"	"Primary"
"Plecoptera"	"Nemouridae"	"Saprophage"	"Water"	"Nemouridae"	"Saprophage"	"Primary"
"Plecoptera"	"Perlidae"	"Saprophage"	"Water"	"Perlidae"	"Saprophage"	"Primary"
"Plecoptera"	"Perlodidae"	"Predator"	"Water"	"Perlodidae"	"Predator"	"Primary"
"Plecoptera"	"Taeniopterygidae"	"Saprophage"	"Water"	"Taeniopterygidae"	"Saprophage"	"Primary"
"Blattodea"	"Blaberidae"	"Saprophage"	"Temporary habitats"	"Blaberidae"	"Saprophage"	"Primary"
"Blattodea"	"Blattellidae"	"Saprophage"	"Temporary habitats"	"Blattellidae"	"Saprophage"	"Primary"
"Blattodea"	"Blattidae"	"Saprophage"	"Temporary habitats"	"Blattidae"	"Saprophage"	"Primary"
"Dermaptera"	"Anisolabididae"	"Saprophage"	"Soil"	"Anisolabididae"	"Saprophage"	"Primary"
"Dermaptera"	"Forficulidae"	"Saprophage"	"Soil"	"Forficulidae"	"Saprophage"	"Primary"
"Dermaptera"	"Labiduridae"	"Predator"	"Soil"	"Labiduridae"	"Predator"	"Primary"
"Dermaptera"	"Spongiphoridae"	"Saprophage"	"Soil"	"Spongiphoridae"	"Saprophage"	"Primary"
"Orthoptera"	"Acrididae"	"Phytophage"	"Plants"	"Acrididae"	"Phytophage"	"Primary"
"Orthoptera"	"Gryllidae"	"Saprophage"	"Soil"	"Gryllidae"	"Saprophage"	"Primary"
"Orthoptera"	"Gryllotalpidae"	"Phytophage"	"Soil"	"Gryllotalpidae"	"Phytophage"	"Primary"
"Orthoptera"	"Myrmecophilidae"	"Saprophage"	"Soil"	"Myrmecophilidae"	"Saprophage"	"Primary"
"Orthoptera"	"Rhaphidophoridae"	"Predator"	"Soil"	"Rhaphidophoridae"	"Predator"	"Primary"
"Orthoptera"	"Tetrigidae"	"Phytophage"	"Plants"	"Tetrigidae"	"Phytophage"	"Primary"
"Orthoptera"	"Tettigoniidae"	"Predator"	"Plants"	"Tettigoniidae"	"Predator"	"Primary"
"Psocoptera"	"Amphipsocidae"	"Saprophage"	"Plants"	"Amphipsocidae"	"Saprophage"	"Primary"
"Psocoptera"	"Caeciliusidae"	"Saprophage"	"Plants"	"Caeciliusidae"	"Saprophage"	"Primary"
"Psocoptera"	"Ectopsocidae"	"Saprophage"	"Plants"	"Ectopsocidae"	"Saprophage"	"Primary"
"Psocoptera"	"Elipsocidae"	"Saprophage"	"Plants"	"Elipsocidae"	"Saprophage"	"Primary"
"Psocoptera"	"Epipsocidae"	"Saprophage"	"Soil"	"Epipsocidae"	"Saprophage"	"Primary"
"Psocoptera"	"Lachesillidae"	"Saprophage"	"Plants"	"Lachesillidae"	"Saprophage"	"Primary"
"Psocoptera"	"Lepidopsocidae"	"Saprophage"	"Temporary habitats"	"Lepidopsocidae"	"Saprophage"	"Primary"
"Psocoptera"	"Liposcelididae"	"Saprophage"	"Temporary habitats"	"Liposcelididae"	"Saprophage"	"Primary"
"Psocoptera"	"Mesopsocidae"	"Saprophage"	"Plants"	"Mesopsocidae"	"Saprophage"	"Primary"
"Psocoptera"	"Peripsocidae"	"Saprophage"	"Plants"	"Peripsocidae"	"Saprophage"	"Primary"
"Psocoptera"	"Philotarsidae"	"Saprophage"	"Plants"	"Philotarsidae"	"Saprophage"	"Primary"
"Psocoptera"	"Psocidae"	"Saprophage"	"Plants"	"Psocidae"	"Saprophage"	"Primary"
"Psocoptera"	"Psyllipsocidae"	"Saprophage"	"Temporary habitats"	"Psyllipsocidae"	"Saprophage"	"Primary"
"Psocoptera"	"Sphaeropsocidae"	"Saprophage"	"Temporary habitats"	"Sphaeropsocidae"	"Saprophage"	"Primary"
"Psocoptera"	"Stenopsocidae"	"Saprophage"	"Plants"	"Stenopsocidae"	"Saprophage"	"Primary"
"Psocoptera"	"Trichopsocidae"	"Saprophage"	"Plants"	"Trichopsocidae"	"Saprophage"	"Primary"
"Psocoptera"	"Trogiidae"	"Saprophage"	"Temporary habitats"	"Trogiidae"	"Saprophage"	"Primary"
"Phthiraptera"	"Bovicoliidae"	"Parasite"	"Homeothermic animals"	"Bovicoliidae"	"Homeothermic_vertebrate"	"Tertiary"
"Phthiraptera"	"Echinophthiriidae"	"Parasite"	"Homeothermic animals"	"Echinophthiriidae"	"Homeothermic_vertebrate"	"Tertiary"
"Phthiraptera"	"Enderleinellidae"	"Parasite"	"Homeothermic animals"	"Enderleinellidae"	"Homeothermic_vertebrate"	"Tertiary"
"Phthiraptera"	"Gyropidae"	"Parasite"	"Homeothermic animals"	"Gyropidae"	"Homeothermic_vertebrate"	"Tertiary"
"Phthiraptera"	"Philopteridae"	"Parasite"	"Homeothermic animals"	"Philopteridae"	"Homeothermic_vertebrate"	"Tertiary"
"Phthiraptera"	"Haematopinidae"	"Parasite"	"Homeothermic animals"	"Haematopinidae"	"Homeothermic_vertebrate"	"Tertiary"
"Phthiraptera"	"Hoplopleuridae"	"Parasite"	"Homeothermic animals"	"Hoplopleuridae"	"Homeothermic_vertebrate"	"Tertiary"
"Phthiraptera"	"Laemobothriidae"	"Parasite"	"Homeothermic animals"	"Laemobothriidae"	"Homeothermic_vertebrate"	"Tertiary"
"Phthiraptera"	"Linognathidae"	"Parasite"	"Homeothermic animals"	"Linognathidae"	"Homeothermic_vertebrate"	"Tertiary"
"Phthiraptera"	"Menoponidae"	"Parasite"	"Homeothermic animals"	"Menoponidae"	"Homeothermic_vertebrate"	"Tertiary"
"Phthiraptera"	"Pediculidae"	"Parasite"	"Homeothermic animals"	"Pediculidae"	"Homeothermic_vertebrate"	"Tertiary"
"Phthiraptera"	"Polyplacidae"	"Parasite"	"Homeothermic animals"	"Polyplacidae"	"Homeothermic_vertebrate"	"Tertiary"
"Phthiraptera"	"Pthiridae"	"Parasite"	"Homeothermic animals"	"Pthiridae"	"Homeothermic_vertebrate"	"Tertiary"
"Phthiraptera"	"Ricinidae"	"Parasite"	"Homeothermic animals"	"Ricinidae"	"Homeothermic_vertebrate"	"Tertiary"
"Phthiraptera"	"Trichodectidae"	"Parasite"	"Homeothermic animals"	"Trichodectidae"	"Homeothermic_vertebrate"	"Tertiary"
"Phthiraptera"	"Trimenoponidae"	"Parasite"	"Homeothermic animals"	"Trimenoponidae"	"Homeothermic_vertebrate"	"Tertiary"
"Thysanoptera"	"Aeolothripidae"	"Predator"	"Plants"	"Aeolothripidae"	"Predator"	"Primary"
"Thysanoptera"	"Melanthripidae"	"Predator"	"Plants"	"Melanthripidae"	"Predator"	"Primary"
"Thysanoptera"	"Phlaeothripidae"	"Phytophage"	"Plants"	"Phlaeothripidae"	"Phytophage"	"Primary"
"Thysanoptera"	"Thripidae"	"Phytophage"	"Plants"	"Thripidae"	"Phytophage"	"Primary"
"Hemiptera"	"Eriococcidae"	"Phytophage"	"Plants"	"Eriococcidae"	"Phytophage"	"Primary"
"Hemiptera"	"Adelgidae"	"Phytophage"	"Plants"	"Adelgidae"	"Phytophage"	"Primary"
"Hemiptera"	"Aleyrodidae"	"Phytophage"	"Plants"	"Aleyrodidae"	"Phytophage"	"Primary"
"Hemiptera"	"Anoeciidae"	"Phytophage"	"Plants"	"Anoeciidae"	"Phytophage"	"Primary"
"Hemiptera"	"Aphalaridae"	"Phytophage"	"Plants"	"Aphalaridae"	"Phytophage"	"Primary"
"Hemiptera"	"Aphididae"	"Phytophage"	"Plants"	"Aphididae"	"Phytophage"	"Primary"
"Hemiptera"	"Asterolecaniidae"	"Phytophage"	"Plants"	"Asterolecaniidae"	"Phytophage"	"Primary"
"Hemiptera"	"Coccidae"	"Phytophage"	"Plants"	"Coccidae"	"Phytophage"	"Primary"
"Hemiptera"	"Diaspididae"	"Phytophage"	"Plants"	"Diaspididae"	"Phytophage"	"Primary"
"Hemiptera"	"Hormaphididae"	"Phytophage"	"Plants"	"Hormaphididae"	"Phytophage"	"Primary"
"Hemiptera"	"Kermesidae"	"Phytophage"	"Plants"	"Kermesidae"	"Phytophage"	"Primary"
"Hemiptera"	"Liviidae"	"Phytophage"	"Plants"	"Liviidae"	"Phytophage"	"Primary"
"Hemiptera"	"Margarodidae"	"Phytophage"	"Plants"	"Margarodidae"	"Phytophage"	"Primary"
"Hemiptera"	"Mindaridae"	"Phytophage"	"Plants"	"Mindaridae"	"Phytophage"	"Primary"
"Hemiptera"	"Monophlebidae"	"Phytophage"	"Plants"	"Monophlebidae"	"Phytophage"	"Primary"
"Hemiptera"	"Ortheziidae"	"Phytophage"	"Plants"	"Ortheziidae"	"Phytophage"	"Primary"
"Hemiptera"	"Phylloxeridae"	"Phytophage"	"Plants"	"Phylloxeridae"	"Phytophage"	"Primary"
"Hemiptera"	"Pseudococcidae"	"Phytophage"	"Plants"	"Pseudococcidae"	"Phytophage"	"Primary"
"Hemiptera"	"Psyllidae"	"Phytophage"	"Plants"	"Psyllidae"	"Phytophage"	"Primary"
"Hemiptera"	"Steingeliidae"	"Phytophage"	"Plants"	"Steingeliidae"	"Phytophage"	"Primary"
"Hemiptera"	"Triozidae"	"Phytophage"	"Plants"	"Triozidae"	"Phytophage"	"Primary"
"Hemiptera"	"Achilidae"	"Saprophage"	"Wood"	"Achilidae"	"Saprophage"	"Primary"
"Hemiptera"	"Aphrophoridae"	"Phytophage"	"Plants"	"Aphrophoridae"	"Phytophage"	"Primary"
"Hemiptera"	"Caliscelidae"	"Phytophage"	"Plants"	"Caliscelidae"	"Phytophage"	"Primary"
"Hemiptera"	"Cicadellidae"	"Phytophage"	"Plants"	"Cicadellidae"	"Phytophage"	"Primary"
"Hemiptera"	"Cicadidae"	"Phytophage"	"Plants"	"Cicadidae"	"Phytophage"	"Primary"
"Hemiptera"	"Cixiidae"	"Phytophage"	"Plants"	"Cixiidae"	"Phytophage"	"Primary"
"Hemiptera"	"Delphacidae"	"Phytophage"	"Plants"	"Delphacidae"	"Phytophage"	"Primary"
"Hemiptera"	"Issidae"	"Phytophage"	"Plants"	"Issidae"	"Phytophage"	"Primary"
"Hemiptera"	"Membracidae"	"Phytophage"	"Plants"	"Membracidae"	"Phytophage"	"Primary"
"Hemiptera"	"Acanthosomatidae"	"Phytophage"	"Plants"	"Acanthosomatidae"	"Phytophage"	"Primary"
"Hemiptera"	"Alydidae"	"Phytophage"	"Plants"	"Alydidae"	"Phytophage"	"Primary"
"Hemiptera"	"Anthocoridae"	"Predator"	"Plants"	"Anthocoridae"	"Predator"	"Primary"
"Hemiptera"	"Aphelocheiridae"	"Predator"	"Water"	"Aphelocheiridae"	"Predator"	"Primary"
"Hemiptera"	"Aradidae"	"Saprophage"	"Wood"	"Aradidae"	"Saprophage"	"Primary"
"Hemiptera"	"Artheneidae"	"Phytophage"	"Plants"	"Artheneidae"	"Phytophage"	"Primary"
"Hemiptera"	"Berytidae"	"Phytophage"	"Plants"	"Berytidae"	"Phytophage"	"Primary"
"Hemiptera"	"Blissidae"	"Phytophage"	"Plants"	"Blissidae"	"Phytophage"	"Primary"
"Hemiptera"	"Ceratocombidae"	"Phytophage"	"Plants"	"Ceratocombidae"	"Phytophage"	"Primary"
"Hemiptera"	"Cimicidae"	"Parasite"	"Homeothermic animals"	"Cimicidae"	"Homeothermic_vertebrate"	"Tertiary"
"Hemiptera"	"Coreidae"	"Phytophage"	"Plants"	"Coreidae"	"Phytophage"	"Primary"
"Hemiptera"	"Corixidae"	"Saprophage"	"Water"	"Corixidae"	"Saprophage"	"Primary"
"Hemiptera"	"Cydnidae"	"Phytophage"	"Soil"	"Cydnidae"	"Phytophage"	"Primary"
"Hemiptera"	"Cymidae"	"Phytophage"	"Plants"	"Cymidae"	"Phytophage"	"Primary"
"Hemiptera"	"Dipsocoridae"	"Predator"	"Soil"	"Dipsocoridae"	"Predator"	"Primary"
"Hemiptera"	"Geocoridae"	"Predator"	"Plants"	"Geocoridae"	"Predator"	"Primary"
"Hemiptera"	"Gerridae"	"Predator"	"Water"	"Gerridae"	"Predator"	"Primary"
"Hemiptera"	"Hebridae"	"Phytophage"	"Plants"	"Hebridae"	"Phytophage"	"Primary"
"Hemiptera"	"Heterogastridae"	"Phytophage"	"Plants"	"Heterogastridae"	"Phytophage"	"Primary"
"Hemiptera"	"Hydrometridae"	"Saprophage"	"Water"	"Hydrometridae"	"Saprophage"	"Primary"
"Hemiptera"	"Lygaeidae"	"Phytophage"	"Plants"	"Lygaeidae"	"Phytophage"	"Primary"
"Hemiptera"	"Mesoveliidae"	"Predator"	"Water"	"Mesoveliidae"	"Predator"	"Primary"
"Hemiptera"	"Microphysidae"	"Predator"	"Soil"	"Microphysidae"	"Predator"	"Primary"
"Hemiptera"	"Miridae"	"Phytophage"	"Plants"	"Miridae"	"Phytophage"	"Primary"
"Hemiptera"	"Nabidae"	"Predator"	"Plants"	"Nabidae"	"Predator"	"Primary"
"Hemiptera"	"Naucoridae"	"Predator"	"Water"	"Naucoridae"	"Predator"	"Primary"
"Hemiptera"	"Nepidae"	"Predator"	"Water"	"Nepidae"	"Predator"	"Primary"
"Hemiptera"	"Notonectidae"	"Predator"	"Water"	"Notonectidae"	"Predator"	"Primary"
"Hemiptera"	"Oxycarenidae"	"Phytophage"	"Plants"	"Oxycarenidae"	"Phytophage"	"Primary"
"Hemiptera"	"Pentatomidae"	"Phytophage"	"Plants"	"Pentatomidae"	"Phytophage"	"Primary"
"Hemiptera"	"Piesmatidae"	"Phytophage"	"Plants"	"Piesmatidae"	"Phytophage"	"Primary"
"Hemiptera"	"Plataspidae"	"Phytophage"	"Plants"	"Plataspidae"	"Phytophage"	"Primary"
"Hemiptera"	"Pleidae"	"Predator"	"Water"	"Pleidae"	"Predator"	"Primary"
"Hemiptera"	"Pyrrhocoridae"	"Phytophage"	"Plants"	"Pyrrhocoridae"	"Phytophage"	"Primary"
"Hemiptera"	"Reduviidae"	"Predator"	"Plants"	"Reduviidae"	"Predator"	"Primary"
"Hemiptera"	"Rhopalidae"	"Phytophage"	"Plants"	"Rhopalidae"	"Phytophage"	"Primary"
"Hemiptera"	"Rhyparochromidae"	"Phytophage"	"Plants"	"Rhyparochromidae"	"Phytophage"	"Primary"
"Hemiptera"	"Saldidae"	"Predator"	"Soil"	"Saldidae"	"Predator"	"Primary"
"Hemiptera"	"Scutelleridae"	"Phytophage"	"Plants"	"Scutelleridae"	"Phytophage"	"Primary"
"Hemiptera"	"Thyreocoridae"	"Phytophage"	"Soil"	"Thyreocoridae"	"Phytophage"	"Primary"
"Hemiptera"	"Tingidae"	"Phytophage"	"Plants"	"Tingidae"	"Phytophage"	"Primary"
"Hemiptera"	"Veliidae"	"Predator"	"Water"	"Veliidae"	"Predator"	"Primary"
"Megaloptera"	"Sialidae"	"Predator"	"Water"	"Sialidae"	"Predator"	"Primary"
"Raphidioptera"	"Inocelliidae"	"Predator"	"Wood"	"Inocelliidae"	"Predator"	"Primary"
"Raphidioptera"	"Raphidiidae"	"Predator"	"Wood"	"Raphidiidae"	"Predator"	"Primary"
"Neuroptera"	"Chrysopidae"	"Predator"	"Plants"	"Chrysopidae"	"Predator"	"Primary"
"Neuroptera"	"Coniopterygidae"	"Predator"	"Plants"	"Coniopterygidae"	"Predator"	"Primary"
"Neuroptera"	"Hemerobiidae"	"Predator"	"Plants"	"Hemerobiidae"	"Predator"	"Primary"
"Neuroptera"	"Myrmeleontidae"	"Predator"	"Soil"	"Myrmeleontidae"	"Predator"	"Primary"
"Neuroptera"	"Osmylidae"	"Predator"	"Water"	"Osmylidae"	"Predator"	"Primary"
"Neuroptera"	"Sisyridae"	"Predator"	"Water"	"Sisyridae"	"Predator"	"Primary"
"Coleoptera"	"Carabidae"	"Predator"	"Soil"	"Carabidae"	"Predator"	"Primary"
"Coleoptera"	"Dytiscidae"	"Predator"	"Water"	"Dytiscidae"	"Predator"	"Primary"
"Coleoptera"	"Gyrinidae"	"Predator"	"Water"	"Gyrinidae"	"Predator"	"Primary"
"Coleoptera"	"Haliplidae"	"Saprophage"	"Water"	"Haliplidae"	"Saprophage"	"Primary"
"Coleoptera"	"Noteridae"	"Predator"	"Water"	"Noteridae"	"Predator"	"Primary"
"Coleoptera"	"Trachypachidae"	"Predator"	"Soil"	"Trachypachidae"	"Predator"	"Primary"
"Coleoptera"	"Sphaeriusidae"	"Saprophage"	"Water"	"Sphaeriusidae"	"Saprophage"	"Primary"
"Coleoptera"	"Aderidae"	"Saprophage"	"Wood"	"Aderidae"	"Saprophage"	"Primary"
"Coleoptera"	"Agyrtidae"	"Saprophage"	"Soil"	"Agyrtidae"	"Saprophage"	"Primary"
"Coleoptera"	"Alexiidae"	"Saprophage"	"Fungi"	"Alexiidae"	"Saprophage"	"Primary"
"Coleoptera"	"Anthicidae"	"Saprophage"	"Soil"	"Anthicidae"	"Saprophage"	"Primary"
"Coleoptera"	"Biphyllidae"	"Saprophage"	"Fungi"	"Biphyllidae"	"Saprophage"	"Primary"
"Coleoptera"	"Bolboceratidae"	"Saprophage"	"Soil"	"Bolboceratidae"	"Saprophage"	"Primary"
"Coleoptera"	"Boridae"	"Saprophage"	"Wood"	"Boridae"	"Saprophage"	"Primary"
"Coleoptera"	"Bostrichidae"	"Phytophage"	"Wood"	"Bostrichidae"	"Phytophage"	"Primary"
"Coleoptera"	"Bothrideridae"	"Predator"	"Wood"	"Bothrideridae"	"Predator"	"Primary"
"Coleoptera"	"Buprestidae"	"Phytophage"	"Wood"	"Buprestidae"	"Phytophage"	"Primary"
"Coleoptera"	"Byrrhidae"	"Phytophage"	"Plants"	"Byrrhidae"	"Phytophage"	"Primary"
"Coleoptera"	"Byturidae"	"Phytophage"	"Plants"	"Byturidae"	"Phytophage"	"Primary"
"Coleoptera"	"Cantharidae"	"Predator"	"Soil"	"Cantharidae"	"Predator"	"Primary"
"Coleoptera"	"Cerylonidae"	"Saprophage"	"Wood"	"Cerylonidae"	"Saprophage"	"Primary"
"Coleoptera"	"Ciidae"	"Saprophage"	"Fungi"	"Ciidae"	"Saprophage"	"Primary"
"Coleoptera"	"Clambidae"	"Saprophage"	"Soil"	"Clambidae"	"Saprophage"	"Primary"
"Coleoptera"	"Cleridae"	"Predator"	"Wood"	"Cleridae"	"Predator"	"Primary"
"Coleoptera"	"Coccinellidae"	"Predator"	"Plants"	"Coccinellidae"	"Predator"	"Primary"
"Coleoptera"	"Corylophidae"	"Saprophage"	"Soil"	"Corylophidae"	"Saprophage"	"Primary"
"Coleoptera"	"Cryptophagidae"	"Saprophage"	"Soil"	"Cryptophagidae"	"Saprophage"	"Primary"
"Coleoptera"	"Cucujidae"	"Saprophage"	"Wood"	"Cucujidae"	"Saprophage"	"Primary"
"Coleoptera"	"Dascillidae"	"Saprophage"	"Soil"	"Dascillidae"	"Saprophage"	"Primary"
"Coleoptera"	"Melyridae"	"Predator"	"Wood"	"Melyridae"	"Predator"	"Primary"
"Coleoptera"	"Dermestidae"	"Saprophage"	"Temporary habitats"	"Dermestidae"	"Saprophage"	"Primary"
"Coleoptera"	"Derodontidae"	"Predator"	"Plants"	"Derodontidae"	"Predator"	"Primary"
"Coleoptera"	"Elateridae"	"Saprophage"	"Soil"	"Elateridae"	"Saprophage"	"Primary"
"Coleoptera"	"Dryopidae"	"Saprophage"	"Water"	"Dryopidae"	"Saprophage"	"Primary"
"Coleoptera"	"Elmidae"	"Saprophage"	"Water"	"Elmidae"	"Saprophage"	"Primary"
"Coleoptera"	"Endomychidae"	"Saprophage"	"Fungi"	"Endomychidae"	"Saprophage"	"Primary"
"Coleoptera"	"Erotylidae"	"Saprophage"	"Fungi"	"Erotylidae"	"Saprophage"	"Primary"
"Coleoptera"	"Eucinetidae"	"Saprophage"	"Soil"	"Eucinetidae"	"Saprophage"	"Primary"
"Coleoptera"	"Eucnemidae"	"Saprophage"	"Wood"	"Eucnemidae"	"Saprophage"	"Primary"
"Coleoptera"	"Georissidae"	"Saprophage"	"Water"	"Georissidae"	"Saprophage"	"Primary"
"Coleoptera"	"Geotrupidae"	"Saprophage"	"Temporary habitats"	"Geotrupidae"	"Saprophage"	"Primary"
"Coleoptera"	"Helophoridae"	"Saprophage"	"Water"	"Helophoridae"	"Saprophage"	"Primary"
"Coleoptera"	"Heteroceridae"	"Saprophage"	"Water"	"Heteroceridae"	"Saprophage"	"Primary"
"Coleoptera"	"Histeridae"	"Predator"	"Temporary habitats"	"Histeridae"	"Predator"	"Primary"
"Coleoptera"	"Hydraenidae"	"Saprophage"	"Water"	"Hydraenidae"	"Saprophage"	"Primary"
"Coleoptera"	"Hydrochidae"	"Saprophage"	"Water"	"Hydrochidae"	"Saprophage"	"Primary"
"Coleoptera"	"Hydrophilidae"	"Predator"	"Water"	"Hydrophilidae"	"Predator"	"Primary"
"Coleoptera"	"Kateretidae"	"Phytophage"	"Plants"	"Kateretidae"	"Phytophage"	"Primary"
"Coleoptera"	"Laemophloeidae"	"Saprophage"	"Wood"	"Laemophloeidae"	"Saprophage"	"Primary"
"Coleoptera"	"Lampyridae"	"Predator"	"Soil"	"Lampyridae"	"Predator"	"Primary"
"Coleoptera"	"Latridiidae"	"Saprophage"	"Soil"	"Latridiidae"	"Saprophage"	"Primary"
"Coleoptera"	"Leiodidae"	"Saprophage"	"Soil"	"Leiodidae"	"Saprophage"	"Primary"
"Coleoptera"	"Limnichidae"	"Saprophage"	"Water"	"Limnichidae"	"Saprophage"	"Primary"
"Coleoptera"	"Lucanidae"	"Saprophage"	"Wood"	"Lucanidae"	"Saprophage"	"Primary"
"Coleoptera"	"Lycidae"	"Predator"	"Soil"	"Lycidae"	"Predator"	"Primary"
"Coleoptera"	"Lymexylidae"	"Phytophage"	"Wood"	"Lymexylidae"	"Phytophage"	"Primary"
"Coleoptera"	"Melandryidae"	"Predator"	"Wood"	"Melandryidae"	"Predator"	"Primary"
"Coleoptera"	"Meloidae"	"Phytophage-parasitoid"	"Soil"	"Meloidae"	"Phytophage"	"Secondary"
"Coleoptera"	"Monotomidae"	"Saprophage"	"Soil"	"Monotomidae"	"Saprophage"	"Primary"
"Coleoptera"	"Mordellidae"	"Saprophage"	"Wood"	"Mordellidae"	"Saprophage"	"Primary"
"Coleoptera"	"Mycetophagidae"	"Saprophage"	"Fungi"	"Mycetophagidae"	"Saprophage"	"Primary"
"Coleoptera"	"Nitidulidae"	"Saprophage"	"Temporary habitats"	"Nitidulidae"	"Saprophage"	"Primary"
"Coleoptera"	"Nosodendridae"	"Saprophage"	"Temporary habitats"	"Nosodendridae"	"Saprophage"	"Primary"
"Coleoptera"	"Oedemeridae"	"Saprophage"	"Wood"	"Oedemeridae"	"Saprophage"	"Primary"
"Coleoptera"	"Phalacridae"	"Saprophage"	"Fungi"	"Phalacridae"	"Saprophage"	"Primary"
"Coleoptera"	"Phloiophilidae"	"Saprophage"	"Fungi"	"Phloiophilidae"	"Saprophage"	"Primary"
"Coleoptera"	"Prostomidae"	"Saprophage"	"Wood"	"Prostomidae"	"Saprophage"	"Primary"
"Coleoptera"	"Psephenidae"	"Saprophage"	"Water"	"Psephenidae"	"Saprophage"	"Primary"
"Coleoptera"	"Ptiliidae"	"Saprophage"	"Temporary habitats"	"Ptiliidae"	"Saprophage"	"Primary"
"Coleoptera"	"Ptilodactylidae"	"Saprophage"	"Temporary habitats"	"Ptilodactylidae"	"Saprophage"	"Primary"
"Coleoptera"	"Ptinidae"	"Phytophage"	"Wood"	"Ptinidae"	"Phytophage"	"Primary"
"Coleoptera"	"Pyrochroidae"	"Saprophage"	"Wood"	"Pyrochroidae"	"Saprophage"	"Primary"
"Coleoptera"	"Pythidae"	"Saprophage"	"Wood"	"Pythidae"	"Saprophage"	"Primary"
"Coleoptera"	"Ripiphoridae"	"Saprophage-parasitoid"	"Soil"	"Ripiphoridae"	"Saprophage"	"Secondary"
"Coleoptera"	"Salpingidae"	"Saprophage"	"Wood"	"Salpingidae"	"Saprophage"	"Primary"
"Coleoptera"	"Scarabaeidae"	"Saprophage"	"Temporary habitats"	"Scarabaeidae"	"Saprophage"	"Primary"
"Coleoptera"	"Scirtidae"	"Saprophage"	"Soil"	"Scirtidae"	"Saprophage"	"Primary"
"Coleoptera"	"Scraptiidae"	"Saprophage"	"Wood"	"Scraptiidae"	"Saprophage"	"Primary"
"Coleoptera"	"Silphidae"	"Saprophage"	"Temporary habitats"	"Silphidae"	"Saprophage"	"Primary"
"Coleoptera"	"Silvanidae"	"Saprophage"	"Wood"	"Silvanidae"	"Saprophage"	"Primary"
"Coleoptera"	"Spercheidae"	"Saprophage"	"Water"	"Spercheidae"	"Saprophage"	"Primary"
"Coleoptera"	"Sphaeritidae"	"Saprophage"	"Temporary habitats"	"Sphaeritidae"	"Saprophage"	"Primary"
"Coleoptera"	"Sphindidae"	"Saprophage"	"Fungi"	"Sphindidae"	"Saprophage"	"Primary"
"Coleoptera"	"Staphylinidae"	"Predator"	"Soil"	"Staphylinidae"	"Predator"	"Primary"
"Coleoptera"	"Stenotrachelidae"	"Saprophage"	"Wood"	"Stenotrachelidae"	"Saprophage"	"Primary"
"Coleoptera"	"Tenebrionidae"	"Saprophage"	"Wood"	"Tenebrionidae"	"Saprophage"	"Primary"
"Coleoptera"	"Tetratomidae"	"Saprophage"	"Fungi"	"Tetratomidae"	"Saprophage"	"Primary"
"Coleoptera"	"Throscidae"	"Saprophage"	"Soil"	"Throscidae"	"Saprophage"	"Primary"
"Coleoptera"	"Trogidae"	"Saprophage"	"Temporary habitats"	"Trogidae"	"Saprophage"	"Primary"
"Coleoptera"	"Trogossitidae"	"Saprophage"	"Wood"	"Trogossitidae"	"Saprophage"	"Primary"
"Coleoptera"	"Zopheridae"	"Predator"	"Wood"	"Zopheridae"	"Predator"	"Primary"
"Coleoptera"	"Anthribidae"	"Phytophage"	"Plants"	"Anthribidae"	"Phytophage"	"Primary"
"Coleoptera"	"Apionidae"	"Phytophage"	"Plants"	"Apionidae"	"Phytophage"	"Primary"
"Coleoptera"	"Attelabidae"	"Phytophage"	"Plants"	"Attelabidae"	"Phytophage"	"Primary"
"Coleoptera"	"Cerambycidae"	"Phytophage"	"Wood"	"Cerambycidae"	"Phytophage"	"Primary"
"Coleoptera"	"Chrysomelidae"	"Phytophage"	"Plants"	"Chrysomelidae"	"Phytophage"	"Primary"
"Coleoptera"	"Curculionidae"	"Phytophage"	"Plants"	"Curculionidae"	"Phytophage"	"Primary"
"Coleoptera"	"Erirhinidae"	"Phytophage"	"Plants"	"Erirhinidae"	"Phytophage"	"Primary"
"Coleoptera"	"Brentidae"	"Phytophage"	"Plants"	"Brentidae"	"Phytophage"	"Primary"
"Coleoptera"	"Nemonychidae"	"Phytophage"	"Plants"	"Nemonychidae"	"Phytophage"	"Primary"
"Coleoptera"	"Orsodacnidae"	"Phytophage"	"Plants"	"Orsodacnidae"	"Phytophage"	"Primary"
"Hymenoptera"	"Argidae"	"Phytophage"	"Plants"	"Argidae"	"Phytophage"	"Primary"
"Hymenoptera"	"Blasticotomidae"	"Phytophage"	"Plants"	"Blasticotomidae"	"Phytophage"	"Primary"
"Hymenoptera"	"Cephidae"	"Phytophage"	"Plants"	"Cephidae"	"Phytophage"	"Primary"
"Hymenoptera"	"Cimbicidae"	"Phytophage"	"Plants"	"Cimbicidae"	"Phytophage"	"Primary"
"Hymenoptera"	"Diprionidae"	"Phytophage"	"Plants"	"Diprionidae"	"Phytophage"	"Primary"
"Hymenoptera"	"Tenthredinidae"	"Phytophage"	"Plants"	"Tenthredinidae"	"Phytophage"	"Primary"
"Hymenoptera"	"Orussidae"	"Phytophage-parasitoid"	"Wood"	"Orussidae"	"Phytophage"	"Secondary"
"Hymenoptera"	"Pamphiliidae"	"Phytophage"	"Plants"	"Pamphiliidae"	"Phytophage"	"Primary"
"Hymenoptera"	"Siricidae"	"Phytophage-parasitoid"	"Wood"	"Siricidae"	"Phytophage"	"Secondary"
"Hymenoptera"	"Xiphydriidae"	"Phytophage"	"Wood"	"Xiphydriidae"	"Phytophage"	"Primary"
"Hymenoptera"	"Xyelidae"	"Phytophage"	"Plants"	"Xyelidae"	"Phytophage"	"Primary"
"Hymenoptera"	"Aulacidae"	"Phytophage-parasitoid"	"Wood"	"Aulacidae"	"Phytophage"	"Secondary"
"Hymenoptera"	"Ceraphronidae"	"Phytophage-parasitoid"	"Plants"	"Ceraphronidae"	"Phytophage"	"Secondary"
"Hymenoptera"	"Cynipidae"	"Phytophage"	"Plants"	"Cynipidae"	"Phytophage"	"Primary"
"Hymenoptera"	"Diapriidae"	"Saprophage-parasitoid"	"Temporary habitats"	"Diapriidae"	"Saprophage"	"Secondary"
"Hymenoptera"	"Eriaporidae"	"Phytophage-parasitoid"	"Plants"	"Eriaporidae"	"Phytophage"	"Secondary"
"Hymenoptera"	"Evaniidae"	"Saprophage-parasitoid"	"Soil"	"Evaniidae"	"Saprophage"	"Secondary"
"Hymenoptera"	"Figitidae"	"Saprophage-parasitoid"	"Temporary habitats"	"Figitidae"	"Saprophage"	"Secondary"
"Hymenoptera"	"Gasteruptiidae"	"Phytophage-parasitoid"	"Plants"	"Gasteruptiidae"	"Phytophage"	"Secondary"
"Hymenoptera"	"Heloridae"	"Predator-parasitoid"	"Plants"	"Heloridae"	"Predator"	"Tertiary"
"Hymenoptera"	"Ibaliidae"	"Phytophage-parasitoid"	"Wood"	"Ibaliidae"	"Phytophage"	"Secondary"
"Hymenoptera"	"Megaspilidae"	"Predator-parasitoid"	"Plants"	"Megaspilidae"	"Predator"	"Tertiary"
"Hymenoptera"	"Mymarommatidae"	""	""	"Mymarommatidae"	"Unknown"	"Unknown"
"Hymenoptera"	"Platygastridae"	"Phytophage-parasitoid"	"Plants"	"Platygastridae"	"Phytophage"	"Secondary"
"Hymenoptera"	"Proctotrupidae"	"Predator-parasitoid"	"Soil"	"Proctotrupidae"	"Predator"	"Tertiary"
"Hymenoptera"	"Scelionidae"	"Predator-parasitoid"	"Soil"	"Scelionidae"	"Predator"	"Tertiary"
"Hymenoptera"	"Trigonalidae"	"Predator-parasitoid"	"Plants"	"Trigonalidae"	"Predator"	"Tertiary"
"Hymenoptera"	"Vanhorniidae"	"Saprophage-parasitoid"	"Wood"	"Vanhorniidae"	"Saprophage"	"Secondary"
"Hymenoptera"	"Ampulicidae"	"Predator"	"Soil"	"Ampulicidae"	"Predator"	"Primary"
"Hymenoptera"	"Andrenidae"	"Phytophage"	"Plants"	"Andrenidae"	"Phytophage"	"Primary"
"Hymenoptera"	"Apidae"	"Phytophage"	"Plants"	"Apidae"	"Phytophage"	"Primary"
"Hymenoptera"	"Bethylidae"	"Saprophage-parasitoid"	"Soil"	"Bethylidae"	"Saprophage"	"Secondary"
"Hymenoptera"	"Chrysididae"	"Phytophage-parasitoid"	"Plants"	"Chrysididae"	"Phytophage"	"Secondary"
"Hymenoptera"	"Colletidae"	"Phytophage"	"Plants"	"Colletidae"	"Phytophage"	"Primary"
"Hymenoptera"	"Crabronidae"	"Predator"	"Plants"	"Crabronidae"	"Predator"	"Primary"
"Hymenoptera"	"Dryinidae"	"Phytophage-parasitoid"	"Plants"	"Dryinidae"	"Phytophage"	"Secondary"
"Hymenoptera"	"Embolemidae"	"Saprophage-parasitoid"	"Wood"	"Embolemidae"	"Saprophage"	"Secondary"
"Hymenoptera"	"Formicidae"	"Saprophage"	"Soil"	"Formicidae"	"Saprophage"	"Primary"
"Hymenoptera"	"Halictidae"	"Phytophage"	"Plants"	"Halictidae"	"Phytophage"	"Primary"
"Hymenoptera"	"Megachilidae"	"Phytophage"	"Plants"	"Megachilidae"	"Phytophage"	"Primary"
"Hymenoptera"	"Melittidae"	"Phytophage"	"Plants"	"Melittidae"	"Phytophage"	"Primary"
"Hymenoptera"	"Mutillidae"	"Phytophage-parasitoid"	"Soil"	"Mutillidae"	"Phytophage"	"Secondary"
"Hymenoptera"	"Pompilidae"	"Predator"	"Soil"	"Pompilidae"	"Predator"	"Primary"
"Hymenoptera"	"Sapygidae"	"Phytophage-parasitoid"	"Plants"	"Sapygidae"	"Phytophage"	"Secondary"
"Hymenoptera"	"Scoliidae"	"Saprophage-parasitoid"	"Soil"	"Scoliidae"	"Saprophage"	"Secondary"
"Hymenoptera"	"Sphecidae"	"Predator"	"Plants"	"Sphecidae"	"Predator"	"Primary"
"Hymenoptera"	"Thynnidae"	"Predator-parasitoid"	"Soil"	"Thynnidae"	"Predator"	"Tertiary"
"Hymenoptera"	"Tiphiidae"	"Saprophage-parasitoid"	"Soil"	"Tiphiidae"	"Saprophage"	"Secondary"
"Hymenoptera"	"Vespidae"	"Predator"	"Plants"	"Vespidae"	"Predator"	"Primary"
"Trichoptera"	"Apataniidae"	"Saprophage"	"Water"	"Apataniidae"	"Saprophage"	"Primary"
"Trichoptera"	"Beraeidae"	"Saprophage"	"Water"	"Beraeidae"	"Saprophage"	"Primary"
"Trichoptera"	"Brachycentridae"	"Saprophage"	"Water"	"Brachycentridae"	"Saprophage"	"Primary"
"Trichoptera"	"Ecnomidae"	"Saprophage"	"Water"	"Ecnomidae"	"Saprophage"	"Primary"
"Trichoptera"	"Glossosomatidae"	"Saprophage"	"Water"	"Glossosomatidae"	"Saprophage"	"Primary"
"Trichoptera"	"Goeridae"	"Saprophage"	"Water"	"Goeridae"	"Saprophage"	"Primary"
"Trichoptera"	"Hydropsychidae"	"Saprophage"	"Water"	"Hydropsychidae"	"Saprophage"	"Primary"
"Trichoptera"	"Hydroptilidae"	"Saprophage"	"Water"	"Hydroptilidae"	"Saprophage"	"Primary"
"Trichoptera"	"Lepidostomatidae"	"Saprophage"	"Water"	"Lepidostomatidae"	"Saprophage"	"Primary"
"Trichoptera"	"Leptoceridae"	"Saprophage"	"Water"	"Leptoceridae"	"Saprophage"	"Primary"
"Trichoptera"	"Limnephilidae"	"Saprophage"	"Water"	"Limnephilidae"	"Saprophage"	"Primary"
"Trichoptera"	"Molannidae"	"Saprophage"	"Water"	"Molannidae"	"Saprophage"	"Primary"
"Trichoptera"	"Odontoceridae"	"Saprophage"	"Water"	"Odontoceridae"	"Saprophage"	"Primary"
"Trichoptera"	"Philopotamidae"	"Saprophage"	"Water"	"Philopotamidae"	"Saprophage"	"Primary"
"Trichoptera"	"Phryganeidae"	"Saprophage"	"Water"	"Phryganeidae"	"Saprophage"	"Primary"
"Trichoptera"	"Polycentropodidae"	"Saprophage"	"Water"	"Polycentropodidae"	"Saprophage"	"Primary"
"Trichoptera"	"Psychomyiidae"	"Saprophage"	"Water"	"Psychomyiidae"	"Saprophage"	"Primary"
"Trichoptera"	"Rhyacophilidae"	"Predator"	"Water"	"Rhyacophilidae"	"Predator"	"Primary"
"Trichoptera"	"Sericostomatidae"	"Saprophage"	"Water"	"Sericostomatidae"	"Saprophage"	"Primary"
"Lepidoptera"	"Adelidae"	"Saprophage"	"Soil"	"Adelidae"	"Saprophage"	"Primary"
"Lepidoptera"	"Alucitidae"	"Phytophage"	"Plants"	"Alucitidae"	"Phytophage"	"Primary"
"Lepidoptera"	"Argyresthiidae"	"Phytophage"	"Plants"	"Argyresthiidae"	"Phytophage"	"Primary"
"Lepidoptera"	"Autostichidae"	"Saprophage"	"Temporary habitats"	"Autostichidae"	"Saprophage"	"Primary"
"Lepidoptera"	"Batrachedridae"	"Phytophage"	"Plants"	"Batrachedridae"	"Phytophage"	"Primary"
"Lepidoptera"	"Bedelliidae"	"Phytophage"	"Plants"	"Bedelliidae"	"Phytophage"	"Primary"
"Lepidoptera"	"Blastobasidae"	"Saprophage"	"Soil"	"Blastobasidae"	"Saprophage"	"Primary"
"Lepidoptera"	"Bucculatricidae"	"Phytophage"	"Plants"	"Bucculatricidae"	"Phytophage"	"Primary"
"Lepidoptera"	"Lypusidae"	"Phytophage"	"Plants"	"Lypusidae"	"Phytophage"	"Primary"
"Lepidoptera"	"Choreutidae"	"Phytophage"	"Plants"	"Choreutidae"	"Phytophage"	"Primary"
"Lepidoptera"	"Coleophoridae"	"Phytophage"	"Plants"	"Coleophoridae"	"Phytophage"	"Primary"
"Lepidoptera"	"Cosmopterigidae"	"Phytophage"	"Plants"	"Cosmopterigidae"	"Phytophage"	"Primary"
"Lepidoptera"	"Cossidae"	"Phytophage"	"Wood"	"Cossidae"	"Phytophage"	"Primary"
"Lepidoptera"	"Crambidae"	"Phytophage"	"Plants"	"Crambidae"	"Phytophage"	"Primary"
"Lepidoptera"	"Depressariidae"	"Phytophage"	"Plants"	"Depressariidae"	"Phytophage"	"Primary"
"Lepidoptera"	"Douglasiidae"	"Phytophage"	"Plants"	"Douglasiidae"	"Phytophage"	"Primary"
"Lepidoptera"	"Dryadaulidae"	"Phytophage"	"Wood"	"Dryadaulidae"	"Phytophage"	"Primary"
"Lepidoptera"	"Elachistidae"	"Phytophage"	"Plants"	"Elachistidae"	"Phytophage"	"Primary"
"Lepidoptera"	"Epermeniidae"	"Phytophage"	"Plants"	"Epermeniidae"	"Phytophage"	"Primary"
"Lepidoptera"	"Eriocraniidae"	"Phytophage"	"Plants"	"Eriocraniidae"	"Phytophage"	"Primary"
"Lepidoptera"	"Gelechiidae"	"Phytophage"	"Plants"	"Gelechiidae"	"Phytophage"	"Primary"
"Lepidoptera"	"Glyphipterigidae"	"Phytophage"	"Plants"	"Glyphipterigidae"	"Phytophage"	"Primary"
"Lepidoptera"	"Gracillariidae"	"Phytophage"	"Plants"	"Gracillariidae"	"Phytophage"	"Primary"
"Lepidoptera"	"Heliodinidae"	"Phytophage"	"Plants"	"Heliodinidae"	"Phytophage"	"Primary"
"Lepidoptera"	"Heliozelidae"	"Phytophage"	"Plants"	"Heliozelidae"	"Phytophage"	"Primary"
"Lepidoptera"	"Hepialidae"	"Phytophage"	"Soil"	"Hepialidae"	"Phytophage"	"Primary"
"Lepidoptera"	"Incurvariidae"	"Saprophage"	"Soil"	"Incurvariidae"	"Saprophage"	"Primary"
"Lepidoptera"	"Limacodidae"	"Phytophage"	"Plants"	"Limacodidae"	"Phytophage"	"Primary"
"Lepidoptera"	"Lyonetiidae"	"Phytophage"	"Plants"	"Lyonetiidae"	"Phytophage"	"Primary"
"Lepidoptera"	"Meessiidae"	"Saprophage"	"Plants"	"Meessiidae"	"Saprophage"	"Primary"
"Lepidoptera"	"Micropterigidae"	"Saprophage"	"Soil"	"Micropterigidae"	"Saprophage"	"Primary"
"Lepidoptera"	"Momphidae"	"Phytophage"	"Plants"	"Momphidae"	"Phytophage"	"Primary"
"Lepidoptera"	"Nepticulidae"	"Phytophage"	"Plants"	"Nepticulidae"	"Phytophage"	"Primary"
"Lepidoptera"	"Oecophoridae"	"Phytophage"	"Wood"	"Oecophoridae"	"Phytophage"	"Primary"
"Lepidoptera"	"Opostegidae"	"Phytophage"	"Plants"	"Opostegidae"	"Phytophage"	"Primary"
"Lepidoptera"	"Plutellidae"	"Phytophage"	"Plants"	"Plutellidae"	"Phytophage"	"Primary"
"Lepidoptera"	"Praydidae"	"Phytophage"	"Plants"	"Praydidae"	"Phytophage"	"Primary"
"Lepidoptera"	"Prodoxidae"	"Phytophage"	"Plants"	"Prodoxidae"	"Phytophage"	"Primary"
"Lepidoptera"	"Psychidae"	"Saprophage"	"Soil"	"Psychidae"	"Saprophage"	"Primary"
"Lepidoptera"	"Pterophoridae"	"Phytophage"	"Plants"	"Pterophoridae"	"Phytophage"	"Primary"
"Lepidoptera"	"Pyralidae"	"Phytophage"	"Plants"	"Pyralidae"	"Phytophage"	"Primary"
"Lepidoptera"	"Roeslerstammiidae"	"Phytophage"	"Plants"	"Roeslerstammiidae"	"Phytophage"	"Primary"
"Lepidoptera"	"Schreckensteiniidae"	"Phytophage"	"Plants"	"Schreckensteiniidae"	"Phytophage"	"Primary"
"Lepidoptera"	"Scythrididae"	"Phytophage"	"Plants"	"Scythrididae"	"Phytophage"	"Primary"
"Lepidoptera"	"Scythropiidae"	"Phytophage"	"Plants"	"Scythropiidae"	"Phytophage"	"Primary"
"Lepidoptera"	"Sesiidae"	"Phytophage"	"Wood"	"Sesiidae"	"Phytophage"	"Primary"
"Lepidoptera"	"Stathmopodidae"	"Phytophage"	"Plants"	"Stathmopodidae"	"Phytophage"	"Primary"
"Lepidoptera"	"Tineidae"	"Saprophage"	"Temporary habitats"	"Tineidae"	"Saprophage"	"Primary"
"Lepidoptera"	"Tischeriidae"	"Phytophage"	"Plants"	"Tischeriidae"	"Phytophage"	"Primary"
"Lepidoptera"	"Tortricidae"	"Phytophage"	"Plants"	"Tortricidae"	"Phytophage"	"Primary"
"Lepidoptera"	"Urodidae"	"Phytophage"	"Plants"	"Urodidae"	"Phytophage"	"Primary"
"Lepidoptera"	"Yponomeutidae"	"Phytophage"	"Plants"	"Yponomeutidae"	"Phytophage"	"Primary"
"Lepidoptera"	"Ypsolophidae"	"Phytophage"	"Plants"	"Ypsolophidae"	"Phytophage"	"Primary"
"Lepidoptera"	"Brahmaeidae"	"Phytophage"	"Plants"	"Brahmaeidae"	"Phytophage"	"Primary"
"Lepidoptera"	"Drepanidae"	"Phytophage"	"Plants"	"Drepanidae"	"Phytophage"	"Primary"
"Lepidoptera"	"Endromidae"	"Phytophage"	"Plants"	"Endromidae"	"Phytophage"	"Primary"
"Lepidoptera"	"Erebidae"	"Phytophage"	"Plants"	"Erebidae"	"Phytophage"	"Primary"
"Lepidoptera"	"Geometridae"	"Phytophage"	"Plants"	"Geometridae"	"Phytophage"	"Primary"
"Lepidoptera"	"Hesperiidae"	"Phytophage"	"Plants"	"Hesperiidae"	"Phytophage"	"Primary"
"Lepidoptera"	"Lasiocampidae"	"Phytophage"	"Plants"	"Lasiocampidae"	"Phytophage"	"Primary"
"Lepidoptera"	"Lycaenidae"	"Phytophage"	"Plants"	"Lycaenidae"	"Phytophage"	"Primary"
"Lepidoptera"	"Noctuidae"	"Phytophage"	"Plants"	"Noctuidae"	"Phytophage"	"Primary"
"Lepidoptera"	"Nolidae"	"Phytophage"	"Plants"	"Nolidae"	"Phytophage"	"Primary"
"Lepidoptera"	"Notodontidae"	"Phytophage"	"Plants"	"Notodontidae"	"Phytophage"	"Primary"
"Lepidoptera"	"Nymphalidae"	"Phytophage"	"Plants"	"Nymphalidae"	"Phytophage"	"Primary"
"Lepidoptera"	"Papilionidae"	"Phytophage"	"Plants"	"Papilionidae"	"Phytophage"	"Primary"
"Lepidoptera"	"Pieridae"	"Phytophage"	"Plants"	"Pieridae"	"Phytophage"	"Primary"
"Lepidoptera"	"Riodinidae"	"Phytophage"	"Plants"	"Riodinidae"	"Phytophage"	"Primary"
"Lepidoptera"	"Saturniidae"	"Phytophage"	"Plants"	"Saturniidae"	"Phytophage"	"Primary"
"Lepidoptera"	"Sphingidae"	"Phytophage"	"Plants"	"Sphingidae"	"Phytophage"	"Primary"
"Lepidoptera"	"Zygaenidae"	"Phytophage"	"Plants"	"Zygaenidae"	"Phytophage"	"Primary"
"Siphonaptera"	"Ceratophyllidae"	"Saprophage"	"Temporary habitats"	"Ceratophyllidae"	"Saprophage"	"Primary"
"Siphonaptera"	"Ctenophthalmidae"	"Saprophage"	"Temporary habitats"	"Ctenophthalmidae"	"Saprophage"	"Primary"
"Siphonaptera"	"Hystrichopsyllidae"	"Saprophage"	"Temporary habitats"	"Hystrichopsyllidae"	"Saprophage"	"Primary"
"Siphonaptera"	"Ischnopsyllidae"	"Saprophage"	"Temporary habitats"	"Ischnopsyllidae"	"Saprophage"	"Primary"
"Siphonaptera"	"Pulicidae"	"Saprophage"	"Temporary habitats"	"Pulicidae"	"Saprophage"	"Primary"
"Siphonaptera"	"Vermipsyllidae"	"Saprophage"	"Temporary habitats"	"Vermipsyllidae"	"Saprophage"	"Primary"
"Mecoptera"	"Boreidae"	"Saprophage"	"Soil"	"Boreidae"	"Saprophage"	"Primary"
"Mecoptera"	"Panorpidae"	"Saprophage"	"Soil"	"Panorpidae"	"Saprophage"	"Primary"
"Diptera"	"Anisopodidae"	"Saprophage"	"Temporary habitats"	"Anisopodidae"	"Saprophage"	"Primary"
"Diptera"	"Bibionidae"	"Saprophage"	"Soil"	"Bibionidae"	"Saprophage"	"Primary"
"Diptera"	"Bolitophilidae"	"Saprophage"	"Fungi"	"Bolitophilidae"	"Saprophage"	"Primary"
"Diptera"	"Canthyloscelidae"	"Saprophage"	"Wood"	"Canthyloscelidae"	"Saprophage"	"Primary"
"Diptera"	"Ceratopogonidae"	"Saprophage"	"Water"	"Ceratopogonidae"	"Saprophage"	"Primary"
"Diptera"	"Chaoboridae"	"Predator"	"Water"	"Chaoboridae"	"Predator"	"Primary"
"Diptera"	"Chironomidae"	"Saprophage"	"Water"	"Chironomidae"	"Saprophage"	"Primary"
"Diptera"	"Culicidae"	"Saprophage"	"Water"	"Culicidae"	"Saprophage"	"Primary"
"Diptera"	"Cylindrotomidae"	"Saprophage"	"Soil"	"Cylindrotomidae"	"Saprophage"	"Primary"
"Diptera"	"Diadocidiidae"	"Saprophage"	"Fungi"	"Diadocidiidae"	"Saprophage"	"Primary"
"Diptera"	"Ditomyiidae"	"Saprophage"	"Wood"	"Ditomyiidae"	"Saprophage"	"Primary"
"Diptera"	"Dixidae"	"Saprophage"	"Water"	"Dixidae"	"Saprophage"	"Primary"
"Diptera"	"Keroplatidae"	"Saprophage"	"Fungi"	"Keroplatidae"	"Saprophage"	"Primary"
"Diptera"	"Limoniidae"	"Saprophage"	"Soil"	"Limoniidae"	"Saprophage"	"Primary"
"Diptera"	"Mycetophilidae"	"Saprophage"	"Fungi"	"Mycetophilidae"	"Saprophage"	"Primary"
"Diptera"	"Pachyneuridae"	"Saprophage"	"Fungi"	"Pachyneuridae"	"Saprophage"	"Primary"
"Diptera"	"Pediciidae"	"Saprophage"	"Soil"	"Pediciidae"	"Saprophage"	"Primary"
"Diptera"	"Psychodidae"	"Saprophage"	"Temporary habitats"	"Psychodidae"	"Saprophage"	"Primary"
"Diptera"	"Ptychopteridae"	"Saprophage"	"Water"	"Ptychopteridae"	"Saprophage"	"Primary"
"Diptera"	"Scatopsidae"	"Saprophage"	"Temporary habitats"	"Scatopsidae"	"Saprophage"	"Primary"
"Diptera"	"Sciaridae"	"Saprophage"	"Soil"	"Sciaridae"	"Saprophage"	"Primary"
"Diptera"	"Simuliidae"	"Saprophage"	"Water"	"Simuliidae"	"Saprophage"	"Primary"
"Diptera"	"Thaumaleidae"	"Saprophage"	"Water"	"Thaumaleidae"	"Saprophage"	"Primary"
"Diptera"	"Tipulidae"	"Saprophage"	"Soil"	"Tipulidae"	"Saprophage"	"Primary"
"Diptera"	"Trichoceridae"	"Saprophage"	"Soil"	"Trichoceridae"	"Saprophage"	"Primary"
"Diptera"	"Acartophthalmidae"	"Saprophage"	"Temporary habitats"	"Acartophthalmidae"	"Saprophage"	"Primary"
"Diptera"	"Acroceridae"	"Predator-parasitoid"	"Soil"	"Acroceridae"	"Predator"	"Tertiary"
"Diptera"	"Agromyzidae"	"Phytophage"	"Plants"	"Agromyzidae"	"Phytophage"	"Primary"
"Diptera"	"Anthomyzidae"	"Saprophage"	"Plants"	"Anthomyzidae"	"Saprophage"	"Primary"
"Diptera"	"Asilidae"	"Predator"	"Soil"	"Asilidae"	"Predator"	"Primary"
"Diptera"	"Asteiidae"	"Saprophage"	"Fungi"	"Asteiidae"	"Saprophage"	"Primary"
"Diptera"	"Atelestidae"	""	""	"Atelestidae"	"Unknown"	"Unknown"
"Diptera"	"Athericidae"	"Predator"	"Water"	"Athericidae"	"Predator"	"Primary"
"Diptera"	"Aulacigastridae"	"Saprophage"	"Water"	"Aulacigastridae"	"Saprophage"	"Primary"
"Diptera"	"Bombyliidae"	"Phytophage-parasitoid"	"Plants"	"Bombyliidae"	"Phytophage"	"Secondary"
"Diptera"	"Heleomyzidae"	"Saprophage"	"Temporary habitats"	"Heleomyzidae"	"Saprophage"	"Primary"
"Diptera"	"Brachystomatidae"	"Predator"	"Soil"	"Brachystomatidae"	"Predator"	"Primary"
"Diptera"	"Braulidae"	"Saprophage"	"Temporary habitats"	"Braulidae"	"Saprophage"	"Primary"
"Diptera"	"Camillidae"	"Saprophage"	"Temporary habitats"	"Camillidae"	"Saprophage"	"Primary"
"Diptera"	"Campichoetidae"	"Saprophage"	"Wood"	"Campichoetidae"	"Saprophage"	"Primary"
"Diptera"	"Canacidae"	"Saprophage"	"Temporary habitats"	"Canacidae"	"Saprophage"	"Primary"
"Diptera"	"Carnidae"	"Saprophage"	"Temporary habitats"	"Carnidae"	"Saprophage"	"Primary"
"Diptera"	"Chamaemyiidae"	"Predator"	"Plants"	"Chamaemyiidae"	"Predator"	"Primary"
"Diptera"	"Chloropidae"	"Phytophage"	"Plants"	"Chloropidae"	"Phytophage"	"Primary"
"Diptera"	"Chyromyidae"	"Saprophage"	"Temporary habitats"	"Chyromyidae"	"Saprophage"	"Primary"
"Diptera"	"Clusiidae"	"Saprophage"	"Wood"	"Clusiidae"	"Saprophage"	"Primary"
"Diptera"	"Coelopidae"	"Saprophage"	"Temporary habitats"	"Coelopidae"	"Saprophage"	"Primary"
"Diptera"	"Xylophagidae"	"Predator"	"Wood"	"Xylophagidae"	"Predator"	"Primary"
"Diptera"	"Conopidae"	"Phytophage-parasitoid"	"Plants"	"Conopidae"	"Phytophage"	"Secondary"
"Diptera"	"Diastatidae"	"Saprophage"	""	"Diastatidae"	"Saprophage"	"Primary"
"Diptera"	"Dolichopodidae"	"Predator"	"Soil"	"Dolichopodidae"	"Predator"	"Primary"
"Diptera"	"Drosophilidae"	"Saprophage"	"Temporary habitats"	"Drosophilidae"	"Saprophage"	"Primary"
"Diptera"	"Dryomyzidae"	"Saprophage"	"Temporary habitats"	"Dryomyzidae"	"Saprophage"	"Primary"
"Diptera"	"Empididae"	"Predator"	"Soil"	"Empididae"	"Predator"	"Primary"
"Diptera"	"Ephydridae"	"Saprophage"	"Water"	"Ephydridae"	"Saprophage"	"Primary"
"Diptera"	"Oestridae"	"Parasite"	"Homeothermic animals"	"Oestridae"	"Homeothermic_vertebrate"	"Tertiary"
"Diptera"	"Helcomyzidae"	"Saprophage"	"Temporary habitats"	"Helcomyzidae"	"Saprophage"	"Primary"
"Diptera"	"Heterocheilidae"	"Saprophage"	"Temporary habitats"	"Heterocheilidae"	"Saprophage"	"Primary"
"Diptera"	"Hybotidae"	"Predator"	"Soil"	"Hybotidae"	"Predator"	"Primary"
"Diptera"	"Lauxaniidae"	"Saprophage"	"Temporary habitats"	"Lauxaniidae"	"Saprophage"	"Primary"
"Diptera"	"Lonchaeidae"	"Saprophage"	"Wood"	"Lonchaeidae"	"Saprophage"	"Primary"
"Diptera"	"Lonchopteridae"	"Saprophage"	"Soil"	"Lonchopteridae"	"Saprophage"	"Primary"
"Diptera"	"Megamerinidae"	"Predator"	"Wood"	"Megamerinidae"	"Predator"	"Primary"
"Diptera"	"Micropezidae"	"Saprophage"	"Soil"	"Micropezidae"	"Saprophage"	"Primary"
"Diptera"	"Milichiidae"	"Saprophage"	"Temporary habitats"	"Milichiidae"	"Saprophage"	"Primary"
"Diptera"	"Mythicomyiidae"	"Predator"	"Soil"	"Mythicomyiidae"	"Predator"	"Primary"
"Diptera"	"Odiniidae"	"Predator"	"Wood"	"Odiniidae"	"Predator"	"Primary"
"Diptera"	"Platypezidae"	"Saprophage"	"Fungi"	"Platypezidae"	"Saprophage"	"Primary"
"Diptera"	"Opomyzidae"	"Phytophage"	"Plants"	"Opomyzidae"	"Phytophage"	"Primary"
"Diptera"	"Pallopteridae"	"Predator"	"Wood"	"Pallopteridae"	"Predator"	"Primary"
"Diptera"	"Periscelididae"	"Saprophage"	"Wood"	"Periscelididae"	"Saprophage"	"Primary"
"Diptera"	"Sciomyzidae"	"Saprophage-parasitoid"	"Water"	"Sciomyzidae"	"Saprophage"	"Secondary"
"Diptera"	"Phoridae"	"Saprophage"	"Temporary habitats"	"Phoridae"	"Saprophage"	"Primary"
"Diptera"	"Piophilidae"	"Saprophage"	"Temporary habitats"	"Piophilidae"	"Saprophage"	"Primary"
"Diptera"	"Pipunculidae"	"Phytophage-parasitoid"	"Plants"	"Pipunculidae"	"Phytophage"	"Secondary"
"Diptera"	"Platystomatidae"	"Saprophage"	"Soil"	"Platystomatidae"	"Saprophage"	"Primary"
"Diptera"	"Pseudopomyzidae"	"Saprophage"	"Wood"	"Pseudopomyzidae"	"Saprophage"	"Primary"
"Diptera"	"Psilidae"	"Phytophage"	"Soil"	"Psilidae"	"Phytophage"	"Primary"
"Diptera"	"Rhagionidae"	"Predator"	"Soil"	"Rhagionidae"	"Predator"	"Primary"
"Diptera"	"Rhiniidae"	"Predator"	"Soil"	"Rhiniidae"	"Predator"	"Primary"
"Diptera"	"Scenopinidae"	"Predator"	"Soil"	"Scenopinidae"	"Predator"	"Primary"
"Diptera"	"Sepsidae"	"Saprophage"	"Temporary habitats"	"Sepsidae"	"Saprophage"	"Primary"
"Diptera"	"Sphaeroceridae"	"Saprophage"	"Temporary habitats"	"Sphaeroceridae"	"Saprophage"	"Primary"
"Diptera"	"Stratiomyidae"	"Saprophage"	"Water"	"Stratiomyidae"	"Saprophage"	"Primary"
"Diptera"	"Strongylophthalmyiidae"	"Saprophage"	"Wood"	"Strongylophthalmyiidae"	"Saprophage"	"Primary"
"Diptera"	"Syrphidae"	"Predator"	"Plants"	"Syrphidae"	"Predator"	"Primary"
"Diptera"	"Tabanidae"	"Predator"	"Water"	"Tabanidae"	"Predator"	"Primary"
"Diptera"	"Tanypezidae"	"Saprophage"	"Wood"	"Tanypezidae"	"Saprophage"	"Primary"
"Diptera"	"Tephritidae"	"Phytophage"	"Plants"	"Tephritidae"	"Phytophage"	"Primary"
"Diptera"	"Therevidae"	"Predator"	"Soil"	"Therevidae"	"Predator"	"Primary"
"Diptera"	"Ulidiidae"	"Saprophage"	"Temporary habitats"	"Ulidiidae"	"Saprophage"	"Primary"
"Diptera"	"Xylomyidae"	"Saprophage"	"Wood"	"Xylomyidae"	"Saprophage"	"Primary"
"Diptera"	"Anthomyiidae"	"Phytophage"	"Plants"	"Anthomyiidae"	"Phytophage"	"Primary"
"Diptera"	"Calliphoridae"	"Saprophage"	"Temporary habitats"	"Calliphoridae"	"Saprophage"	"Primary"
"Diptera"	"Fanniidae"	"Saprophage"	"Temporary habitats"	"Fanniidae"	"Saprophage"	"Primary"
"Diptera"	"Hippoboscidae"	"Parasite"	"Homeothermic animals"	"Hippoboscidae"	"Homeothermic_vertebrate"	"Tertiary"
"Diptera"	"Muscidae"	"Saprophage"	"Temporary habitats"	"Muscidae"	"Saprophage"	"Primary"
"Diptera"	"Nycteribiidae"	"Parasite"	"Homeothermic animals"	"Nycteribiidae"	"Homeothermic_vertebrate"	"Tertiary"
"Diptera"	"Rhinophoridae"	"Saprophage-parasitoid"	"Soil"	"Rhinophoridae"	"Saprophage"	"Secondary"
"Diptera"	"Sarcophagidae"	"Saprophage"	"Temporary habitats"	"Sarcophagidae"	"Saprophage"	"Primary"
"Diptera"	"Scathophagidae"	"Phytophage"	"Plants"	"Scathophagidae"	"Phytophage"	"Primary"
"Diptera"	"Tachinidae"	"Phytophage-parasitoid"	"Plants"	"Tachinidae"	"Phytophage"	"Secondary"
"Strepsiptera"	"Elenchidae"	"Phytophage-parasitoid"	"Plants"	"Elenchidae"	"Phytophage"	"Secondary"
"Strepsiptera"	"Halictophagidae"	"Phytophage-parasitoid"	"Plants"	"Halictophagidae"	"Phytophage"	"Secondary"
"Strepsiptera"	"Stylopidae"	"Phytophage-parasitoid"	"Plants"	"Stylopidae"	"Phytophage"	"Secondary"
"Strepsiptera"	"Xenidae"	"Phytophage-parasitoid"	"Plants"	"Xenidae"	"Phytophage"	"Secondary"
"Hymenoptera"	"Diplolepididae"	"Phytophage"	"Plants"	"Diplolepididae"	"Phytophage"	"Primary"
"Neelipleona"	"Neelidae"	"Saprophage"	"Soil"	"Neelidae"	"Saprophage"	"Primary"
"Symphypleona"	"Sminthurididae"	"Saprophage"	"Water/Soil"	"Sminthurididae"	"Saprophage"	"Primary"
"Symphypleona"	"Katiannidae"	"Saprophage"	"Soil"	"Katiannidae"	"Saprophage"	"Primary"
"Symphypleona"	"Spinothecidae"	"Saprophage"	"Plants"	"Spinothecidae"	"Saprophage"	"Primary"
"Symphypleona"	"Arrhopalitidae"	"Saprophage"	"Soil"	"Arrhopalitidae"	"Saprophage"	"Primary"
"Symphypleona"	"Collophoridae"	"Saprophage"	"Soil"	"Collophoridae"	"Saprophage"	"Primary"
"Symphypleona"	"Sturmiidae"	"Saprophage"	"Plants"	"Sturmiidae"	"Saprophage"	"Primary"
"Symphypleona"	"Dicyrtomidae"	"Saprophage"	"Soil"	"Dicyrtomidae"	"Saprophage"	"Primary"
"Symphypleona"	"Bourletiellidae"	"Saprophage"	"Soil"	"Bourletiellidae"	"Saprophage"	"Primary"
"Symphypleona"	"Sminthuridae"	"Saprophage"	"Soil"	"Sminthuridae"	"Saprophage"	"Primary"
"Poduromorpha"	"Onychiuridae"	"Saprophage"	"Soil"	"Onychiuridae"	"Saprophage"	"Primary"
"Poduromorpha"	"Tullbergiidae"	"Saprophage"	"Soil"	"Tullbergiidae"	"Saprophage"	"Primary"
"Poduromorpha"	"Isotogastruridae"	"Saprophage"	"Soil"	"Isotogastruridae"	"Saprophage"	"Primary"
"Poduromorpha"	"Pachytullbergiidae"	"Saprophage"	"Soil"	"Pachytullbergiidae"	"Saprophage"	"Primary"
"Poduromorpha"	"Odontellidae"	"Saprophage"	"Soil"	"Odontellidae"	"Saprophage"	"Primary"
"Poduromorpha"	"Hypogastruridae"	"Saprophage"	"Soil"	"Hypogastruridae"	"Saprophage"	"Primary"
"Poduromorpha"	"Poduridae"	"Saprophage"	"Water"	"Poduridae"	"Saprophage"	"Primary"
"Poduromorpha"	"Neanuridae"	"Saprophage"	"Soil"	"Neanuridae"	"Saprophage"	"Primary"
"Poduromorpha"	"Brachystomellidae"	"Saprophage"	"Soil"	"Brachystomellidae"	"Saprophage"	"Primary"
"Poduromorpha"	"Gulgastruridae"	"Saprophage"	"Cave"	"Gulgastruridae"	"Saprophage"	"Primary"
"Entomobryomorpha"	"Oncopoduridae"	"Saprophage"	"Soil"	"Oncopoduridae"	"Saprophage"	"Primary"
"Entomobryomorpha"	"Tomoceridae"	"Saprophage"	"Soil"	"Tomoceridae"	"Saprophage"	"Primary"
"Entomobryomorpha"	"Actaletidae"	"Saprophage"	"Soil"	"Actaletidae"	"Saprophage"	"Primary"
"Entomobryomorpha"	"Isotomidae"	"Saprophage"	"Soil"	"Isotomidae"	"Saprophage"	"Primary"
"Entomobryomorpha"	"Orchesellidae"	"Saprophage"	"Soil"	"Orchesellidae"	"Saprophage"	"Primary"
"Entomobryomorpha"	"Entomobryidae"	"Saprophage"	"Soil"	"Entomobryidae"	"Saprophage"	"Primary"
"Entomobryomorpha"	"Coenaletidae"	"Saprophage"	"Temporary habitats"	"Coenaletidae"	"Saprophage"	"Primary"
"Eosentomata"	"Eosentomidae"	"Saprophage"	"Soil"	"Eosentomidae"	"Saprophage"	"Primary"
"Eosentomata"	"Antelientomidae"	"Saprophage"	"Soil"	"Antelientomidae"	"Saprophage"	"Primary"
"Sinentomata"	"Sinentomidae"	"Saprophage"	"Soil"	"Sinentomidae"	"Saprophage"	"Primary"
"Sinentomata"	"Fujientomidae"	"Saprophage"	"Soil"	"Fujientomidae"	"Saprophage"	"Primary"
"Acerontomata"	"Protentomidae"	"Saprophage"	"Soil"	"Protentomidae"	"Saprophage"	"Primary"
"Acerontomata"	"Acerentomidae"	"Saprophage"	"Soil"	"Acerentomidae"	"Saprophage"	"Primary"
"Acerontomata"	"Hesperentomidae"	"Saprophage"	"Soil"	"Hesperentomidae"	"Saprophage"	"Primary"
"Rhabdura"	"Campodeidae"	"Saprophage"	"Soil"	"Campodeidae"	"Saprophage"	"Primary"
"Rhabdura"	"Procampodeidae"	"Saprophage"	"Soil"	"Procampodeidae"	"Saprophage"	"Primary"
"Rhabdura"	"Anajapygidae"	"Predator"	"Soil"	"Anajapygidae"	"Predator"	"Primary"
"Rhabdura"	"Octostigmatidae"	"Phytophage"	"Soil"	"Octostigmatidae"	"Phytophage"	"Primary"
"Rhabdura"	"Projapygidae"	"Predator"	"Soil"	"Projapygidae"	"Predator"	"Primary"
"Dicellurata"	"Dinjapygidae"	"Predator"	"Soil"	"Dinjapygidae"	"Predator"	"Primary"
"Dicellurata"	"Evalljapygidae"	"Phytophage"	"Soil"	"Evalljapygidae"	"Phytophage"	"Primary"
"Dicellurata"	"Heterojapygidae"	"Predator"	"Soil"	"Heterojapygidae"	"Predator"	"Primary"
"Dicellurata"	"Japygidae"	"Predator"	"Soil"	"Japygidae"	"Predator"	"Primary"
"Dicellurata"	"Parajapygidae"	"Phytophage"	"Soil"	"Parajapygidae"	"Phytophage"	"Primary"
"Hymenoptera"	"Ichneumonidae"	"Phytophage-parasitoid"	"Wood"	"Acaenitinae"	"Phytophage"	"Secondary"
"Hymenoptera"	"Ichneumonidae"	"Phytophage-parasitoid"	"Plants"	"Adelognathinae"	"Phytophage"	"Secondary"
"Hymenoptera"	"Ichneumonidae"	"Saprophage-parasitoid"	"Water"	"Agriotypinae"	"Saprophage"	"Secondary"
"Hymenoptera"	"Ichneumonidae"	"Phytophage-parasitoid"	"Plants"	"Anomaloninae"	"Phytophage"	"Secondary"
"Hymenoptera"	"Ichneumonidae"	""	""	"Ateleutinae"	"Unknown"	"Unknown"
"Hymenoptera"	"Ichneumonidae"	"Phytophage-parasitoid"	"Plants"	"Banchinae"	"Phytophage"	"Secondary"
"Hymenoptera"	"Ichneumonidae"	"Predator-parasitoid"	"Plants"	"Brachycyrtinae"	"Predator"	"Tertiary"
"Hymenoptera"	"Ichneumonidae"	"Phytophage-parasitoid"	"Plants"	"Campopleginae"	"Phytophage"	"Secondary"
"Hymenoptera"	"Ichneumonidae"	"Phytophage-parasitoid"	"Plants"	"Claseinae"	"Phytophage"	"Secondary"
"Hymenoptera"	"Ichneumonidae"	"Phytophage-parasitoid"	"Plants"	"Collyriinae"	"Phytophage"	"Secondary"
"Hymenoptera"	"Ichneumonidae"	"Phytophage-parasitoid"	"Plants"	"Cremastinae"	"Phytophage"	"Secondary"
"Hymenoptera"	"Ichneumonidae"	"Phytophage-parasitoid"	"Plants"	"Cryptinae"	"Phytophage"	"Secondary"
"Hymenoptera"	"Ichneumonidae"	"Phytophage-parasitoid"	"Plants"	"Ctenopelmatinae"	"Phytophage"	"Secondary"
"Hymenoptera"	"Ichneumonidae"	"Saprophage-parasitoid"	"Soil"	"Cylloceriinae"	"Saprophage"	"Secondary"
"Hymenoptera"	"Ichneumonidae"	""	""	"Diacritinae"	"Unknown"	"Unknown"
"Hymenoptera"	"Ichneumonidae"	"Predator-parasitoid"	"Plants"	"Diplazontinae"	"Predator"	"Tertiary"
"Hymenoptera"	"Ichneumonidae"	"Predator-parasitoid"	"Plants"	"Eucerotinae"	"Predator"	"Tertiary"
"Hymenoptera"	"Ichneumonidae"	"Saprophage-parasitoid"	"Soil"	"Hybrizontinae"	"Saprophage"	"Secondary"
"Hymenoptera"	"Ichneumonidae"	"Phytophage-parasitoid"	"Plants"	"Ichneumoninae"	"Phytophage"	"Secondary"
"Hymenoptera"	"Ichneumonidae"	""	""	"Labeninae"	"Unknown"	"Unknown"
"Hymenoptera"	"Ichneumonidae"	"Phytophage-parasitoid"	"Plants"	"Lycorininae"	"Phytophage"	"Secondary"
"Hymenoptera"	"Ichneumonidae"	"Predator-parasitoid"	"Plants"	"Mesochorinae"	"Predator"	"Tertiary"
"Hymenoptera"	"Ichneumonidae"	"Phytophage-parasitoid"	"Plants"	"Metopiinae"	"Phytophage"	"Secondary"
"Hymenoptera"	"Ichneumonidae"	"Saprophage-parasitoid"	"Water"	"Microleptinae"	"Saprophage"	"Secondary"
"Hymenoptera"	"Ichneumonidae"	"Predator-parasitoid"	"Plants"	"Neorhacodinae"	"Predator"	"Tertiary"
"Hymenoptera"	"Ichneumonidae"	"Saprophage-parasitoid"	"Temporary habitats"	"Nesomesochorinae"	"Saprophage"	"Secondary"
"Hymenoptera"	"Ichneumonidae"	"Phytophage-parasitoid"	"Plants"	"Ophioninae"	"Phytophage"	"Secondary"
"Hymenoptera"	"Ichneumonidae"	"Saprophage-parasitoid"	"Fungi"	"Orthocentrinae"	"Saprophage"	"Secondary"
"Hymenoptera"	"Ichneumonidae"	"Phytophage-parasitoid"	"Plants"	"Orthopelmatinae"	"Phytophage"	"Secondary"
"Hymenoptera"	"Ichneumonidae"	""	""	"Oxytorinae"	"Unknown"	"Unknown"
"Hymenoptera"	"Ichneumonidae"	"Phytophage-parasitoid"	"Plants"	"Chirotica_group"	"Phytophage"	"Secondary"
"Hymenoptera"	"Ichneumonidae"	"Phytophage-parasitoid"	"Plants"	"Phygadeuontinae_s_str"	"Phytophage"	"Secondary"
"Hymenoptera"	"Ichneumonidae"	"Phytophage-parasitoid"	"Wood"	"Pimplinae_s_str"	"Phytophage"	"Secondary"
"Hymenoptera"	"Ichneumonidae"	"Predator-parasitoid"	"Plants"	"Polysphincta_group"	"Predator"	"Tertiary"
"Hymenoptera"	"Ichneumonidae"	"Phytophage-parasitoid"	"Wood"	"Poemeniinae"	"Phytophage"	"Secondary"
"Hymenoptera"	"Ichneumonidae"	"Phytophage-parasitoid"	"Wood"	"Rhyssinae"	"Phytophage"	"Secondary"
"Hymenoptera"	"Ichneumonidae"	""	""	"Sisyrostolinae"	"Unknown"	"Unknown"
"Hymenoptera"	"Ichneumonidae"	"Phytophage-parasitoid"	"Plants"	"Stilbopinae"	"Phytophage"	"Secondary"
"Hymenoptera"	"Ichneumonidae"	"Phytophage-parasitoid"	"Plants"	"Tersilochinae"	"Phytophage"	"Secondary"
"Hymenoptera"	"Ichneumonidae"	"Phytophage-parasitoid"	"Plants"	"Tryphoninae"	"Phytophage"	"Secondary"
"Hymenoptera"	"Ichneumonidae"	"Phytophage-parasitoid"	"Wood"	"Xoridinae"	"Phytophage"	"Secondary"
"Hymenoptera"	"Braconidae"	""	""	"Acampsohelconinae"	"Unknown"	"Unknown"
"Hymenoptera"	"Braconidae"	"Phytophage-parasitoid"	"Plants"	"Agathidinae"	"Phytophage"	"Secondary"
"Hymenoptera"	"Braconidae"	"Saprophage-parasitoid"	"Temporary habitats"	"Alysiinae"	"Saprophage"	"Secondary"
"Hymenoptera"	"Braconidae"	"Phytophage-parasitoid"	"Plants"	"Aphidiinae"	"Phytophage"	"Secondary"
"Hymenoptera"	"Braconidae"	""	""	"Apozyginae"	"Unknown"	"Unknown"
"Hymenoptera"	"Braconidae"	"Saprophage-parasitoid"	"Plants"	"Brachistinae_s_str"	"Saprophage"	"Secondary"
"Hymenoptera"	"Braconidae"	"Saprophage-parasitoid"	"Plants"	"Brachistinae_Dyscoletes"	"Saprophage"	"Secondary"
"Hymenoptera"	"Braconidae"	"Phytophage-parasitoid"	"Plants"	"Braconinae"	"Phytophage"	"Secondary"
"Hymenoptera"	"Braconidae"	"Phytophage-parasitoid"	"Plants"	"Cardiochilinae"	"Phytophage"	"Secondary"
"Hymenoptera"	"Braconidae"	"Phytophage-parasitoid"	"Wood"	"Cenocoeliinae"	"Phytophage"	"Secondary"
"Hymenoptera"	"Braconidae"	"Phytophage-parasitoid"	"Plants"	"Charmontinae"	"Phytophage"	"Secondary"
"Hymenoptera"	"Braconidae"	"Phytophage-parasitoid"	"Plants"	"Cheloninae"	"Phytophage"	"Secondary"
"Hymenoptera"	"Braconidae"	""	""	"Doryctinae_Monarea"	"Unknown"	"Unknown"
"Hymenoptera"	"Braconidae"	""	""	"Doryctinae_Nervellius"	"Unknown"	"Unknown"
"Hymenoptera"	"Braconidae"	""	""	"Doryctinae_Ontsira"	"Unknown"	"Unknown"
"Hymenoptera"	"Braconidae"	""	""	"Doryctinae_Syngaster"	"Unknown"	"Unknown"
"Hymenoptera"	"Braconidae"	"Phytophage-parasitoid"	"Wood"	"Doryctinae_s_str"	"Phytophage"	"Secondary"
"Hymenoptera"	"Braconidae"	""	""	"Doryctinae_South_America"	"Unknown"	"Unknown"
"Hymenoptera"	"Braconidae"	"Phytophage-parasitoid"	"Plants"	"Euphorinae"	"Phytophage"	"Secondary"
"Hymenoptera"	"Braconidae"	"Phytophage-parasitoid"	"Plants"	"Exothecinae"	"Phytophage"	"Secondary"
"Hymenoptera"	"Braconidae"	"Phytophage-parasitoid"	"Wood"	"Helconinae"	"Phytophage"	"Secondary"
"Hymenoptera"	"Braconidae"	"Phytophage-parasitoid"	"Plants"	"Homolobinae"	"Phytophage"	"Secondary"
"Hymenoptera"	"Braconidae"	"Phytophage-parasitoid"	"Plants"	"Hormiinae"	"Phytophage"	"Secondary"
"Hymenoptera"	"Braconidae"	"Phytophage-parasitoid"	"Plants"	"Ichneutinae"	"Phytophage"	"Secondary"
"Hymenoptera"	"Braconidae"	""	""	"Khoikhoiinae"	"Unknown"	"Unknown"
"Hymenoptera"	"Braconidae"	"Phytophage-parasitoid"	"Plants"	"Macrocentrinae"	"Phytophage"	"Secondary"
"Hymenoptera"	"Braconidae"	""	""	"Masoninae"	"Unknown"	"Unknown"
"Hymenoptera"	"Braconidae"	""	""	"Mendesellinae"	"Unknown"	"Unknown"
"Hymenoptera"	"Braconidae"	""	""	"Mesostoinae_s_str"	"Unknown"	"Unknown"
"Hymenoptera"	"Braconidae"	""	""	"Mesostoinae_Xenosternum_Avga"	"Unknown"	"Unknown"
"Hymenoptera"	"Braconidae"	""	""	"Meteorideinae"	"Unknown"	"Unknown"
"Hymenoptera"	"Braconidae"	"Phytophage-parasitoid"	"Plants"	"Microgastrinae"	"Phytophage"	"Secondary"
"Hymenoptera"	"Braconidae"	"Phytophage-parasitoid"	"Plants"	"Microtypinae"	"Phytophage"	"Secondary"
"Hymenoptera"	"Braconidae"	"Phytophage-parasitoid"	"Plants"	"Miracinae"	"Phytophage"	"Secondary"
"Hymenoptera"	"Braconidae"	"Phytophage-parasitoid"	"Plants"	"Opiinae"	"Phytophage"	"Secondary"
"Hymenoptera"	"Braconidae"	"Phytophage-parasitoid"	"Plants"	"Orgilinae"	"Phytophage"	"Secondary"
"Hymenoptera"	"Braconidae"	"Phytophage-parasitoid"	"Plants"	"Rhysipolinae"	"Phytophage"	"Secondary"
"Hymenoptera"	"Braconidae"	"Phytophage-parasitoid"	"Plants"	"Rhyssalinae"	"Phytophage"	"Secondary"
"Hymenoptera"	"Braconidae"	"Phytophage-parasitoid"	"Plants"	"Rogadinae"	"Phytophage"	"Secondary"
"Hymenoptera"	"Braconidae"	"Phytophage-parasitoid"	"Plants"	"Sigalphinae"	"Phytophage"	"Secondary"
"Hymenoptera"	"Braconidae"	"Phytophage-parasitoid"	"Plants"	"Telengaiinae"	"Phytophage"	"Secondary"
"Hymenoptera"	"Braconidae"	""	""	"Trachypetinae"	"Unknown"	"Unknown"
"Hymenoptera"	"Braconidae"	""	""	"Amicrocentrinae"	"Unknown"	"Unknown"
"Hymenoptera"	"Braconidae"	""	""	"Dirrhopinae"	"Unknown"	"Unknown"
"Hymenoptera"	"Braconidae"	""	""	"Xiphozelinae"	"Unknown"	"Unknown"
"Diptera"	"Cecidomyiidae"	"Saprophage"	"Soil"	"Catotrichinae"	"Saprophage"	"Primary"
"Diptera"	"Cecidomyiidae"	"Phytophage"	"Plants"	"Cecidomyiinae"	"Phytophage"	"Primary"
"Diptera"	"Cecidomyiidae"	"Saprophage"	"Soil"	"Lestremiinae"	"Saprophage"	"Primary"
"Diptera"	"Cecidomyiidae"	"Saprophage"	"Soil"	"Micromyinae"	"Saprophage"	"Primary"
"Diptera"	"Cecidomyiidae"	"Saprophage"	"Soil"	"Porricondylinae"	"Saprophage"	"Primary"
"Diptera"	"Cecidomyiidae"	"Saprophage"	"Soil"	"Winnertziinae"	"Saprophage"	"Primary"
"Hymenoptera"	"Agaonidae"	"Phytophage"	"Plants"	"Agaonidae"	"Phytophage"	"Primary"
"Hymenoptera"	"Aphelinidae"	"Phytophage-parasitoid"	"Plants"	"Aphelinidae"	"Phytophage"	"Secondary"
"Hymenoptera"	"Asaphesinae_i_s"	"Phytophage-parasitoid"	"Plants"	"Asaphesinae"	"Phytophage"	"Secondary"
"Hymenoptera"	"Azotidae"	"Phytophage-parasitoid"	"Plants"	"Azotidae-Signiphoridae"	"Phytophage"	"Secondary"
"Hymenoptera"	"Baeomorphidae"	"Phytophage-parasitoid?"	"Plants"	"Baeomorphidae"	"Phytophage"	"Secondary"
"Hymenoptera"	NA	"Phytophage-parasitoid"	"Wood?"	"Boucekiidae"	"Phytophage"	"Secondary"
"Hymenoptera"	NA	"Phytophage-parasitoid"	"Plants"	"Calesidae"	"Phytophage"	"Secondary"
"Hymenoptera"	NA	"Phytophage-parasitoid"	"Plants"	"Ceidae"	"Phytophage"	"Secondary"
"Hymenoptera"	"Cerocephalidae"	"Phytophage-parasitoid"	"Wood"	"Cerocephalidae"	"Phytophage"	"Secondary"
"Hymenoptera"	"Chalcedectidae"	"Phytophage-parasitoid"	"Wood"	"Chalcedectidae"	"Phytophage"	"Secondary"
"Hymenoptera"	"Chalcididae"	"Phytophage-parasitoid"	"Wood"	"Chalcididae1"	"Phytophage"	"Secondary"
"Hymenoptera"	"Chalcididae"	"Phytophage-parasitoid"	"Plants"	"Chalcididae2"	"Phytophage"	"Secondary"
"Hymenoptera"	"Cleonymidae"	"Phytophage-parasitoid"	"Wood"	"Cleonymidae"	"Phytophage"	"Secondary"
"Hymenoptera"	"Coelocybidae"	"Phytophage-parasitoid?"	"Plants"	"Coelocybidae"	"Phytophage"	"Secondary"
"Hymenoptera"	"Diparidae"	"Phytophage-parasitoid"	"Plants"	"Diparidae"	"Phytophage"	"Secondary"
"Hymenoptera"	"Encyrtidae"	"Phytophage-parasitoid"	"Plants"	"Encyrtidae"	"Phytophage"	"Secondary"
"Hymenoptera"	NA	"Phytophage-parasitoid"	"Plants"	"Ennogerinae"	"Phytophage"	"Secondary"
"Hymenoptera"	"Neanastatinae_i_s"	"Phytophage-parasitoid?"	"Plants"	"Eopelma"	"Phytophage"	"Secondary"
"Hymenoptera"	"Eulophidae"	"Phytophage-parasitoid"	"Plants"	"Eulophidae"	"Phytophage"	"Secondary"
"Hymenoptera"	"Eunotidae"	"Phytophage-parasitoid"	"Plants"	"Eunotidae"	"Phytophage"	"Secondary"
"Hymenoptera"	"Eupelmidae"	"Phytophage-parasitoid"	"Plants"	"eupelmid_clade"	"Phytophage"	"Secondary"
"Hymenoptera"	"Eurytomidae"	"Phytophage-parasitoid"	"Plants"	"Eurytomidae"	"Phytophage"	"Secondary"
"Hymenoptera"	"Ormyridae"	"Phytophage?"	"Plants"	"gall_clade"	"Phytophage"	"Primary"
"Hymenoptera"	"Herbertiidae"	"Phytophage-parasitoid"	"Plants"	"Herbertiidae"	"Phytophage"	"Secondary"
"Hymenoptera"	"Hetreulophidae"	"Phytophage-parasitoid"	"Plants"	"Hetreulophidae"	"Phytophage"	"Secondary"
"Hymenoptera"	NA	"Phytophage-parasitoid"	"Plants"	"Idioporidae"	"Phytophage"	"Secondary"
"Hymenoptera"	"Leucospidae"	"Phytophage-parasitoid"	"Plants"	"Leucospidae-Ooderidae"	"Phytophage"	"Secondary"
"Hymenoptera"	"Lyciscidae"	"Phytophage-parasitoid"	"Wood"	"Lyciscidae"	"Phytophage"	"Secondary"
"Hymenoptera"	"Macromesidae"	"Phytophage-parasitoid"	"Wood"	"Macromesidae"	"Phytophage"	"Secondary"
"Hymenoptera"	"Metapelmatidae"	"Phytophage-parasitoid"	"Plants"	"megastigmid_clade"	"Phytophage"	"Secondary"
"Hymenoptera"	"Micradelinae_i_s"	"Phytophage-parasitoid?"	""	"Micradellinae"	"Phytophage"	"Secondary"
"Hymenoptera"	NA	"Phytophage-parasitoid"	"Plants"	"Moranilidae"	"Phytophage"	"Secondary"
"Hymenoptera"	"Mymaridae"	"Phytophage-parasitoid"	"Plants"	"Mymaridae"	"Phytophage"	"Secondary"
"Hymenoptera"	"Neanastatidae"	"Phytophage-parasitoid"	"Plants"	"neanastatid_clade"	"Phytophage"	"Secondary"
"Hymenoptera"	NA	"Phytophage-parasitoid"	"Plants"	"Neapterolelapinae"	"Phytophage"	"Secondary"
"Hymenoptera"	NA	"Phytophage-parasitoid"	"Plants"	"Neodiparidae"	"Phytophage"	"Secondary"
"Hymenoptera"	NA	"Phytophage-parasitoid"	"Wood?"	"Pelecinellidae"	"Phytophage"	"Secondary"
"Hymenoptera"	"Pirenidae"	"Phytophage-parasitoid"	"Plants"	"Pirenidae"	"Phytophage"	"Secondary"
"Hymenoptera"	"Chrysolampidae"	"Phytophage-parasitoid?"	"Plants?"	"planidial_clade"	"Phytophage"	"Secondary"
"Hymenoptera"	"Pteromalidae"	"Phytophage-parasitoid"	"Plants"	"Pteromalidae"	"Phytophage"	"Secondary"
"Hymenoptera"	NA	"Phytophage"	"Plants"	"Rivasia"	"Phytophage"	"Primary"
"Hymenoptera"	NA	""	""	"Storyeinae"	"Unknown"	"Unknown"
"Hymenoptera"	"Systasidae"	"Phytophage/Phytophage-parasitoid?"	"Plants"	"Systasidae"	"Phytophage"	"Secondary"
"Hymenoptera"	"Tetracampidae"	"Phytophage-parasitoid"	"Plants"	"Tetracampidae"	"Phytophage"	"Secondary"
"Hymenoptera"	"Torymidae"	"Phytophage-parasitoid"	"Plants"	"Torymidae"	"Phytophage"	"Secondary"
"Hymenoptera"	"Trichogrammatidae"	"Phytophage-parasitoid"	"Plants"	"Trichogrammatidae"	"Phytophage"	"Secondary"
