Class;Order;Family;Feeding_niche;Microhabitat;Microhabitat #2 (soil depth);Size range (mm);Rare family?;World distribution;Registered in Madagascar?;Registered in Sweden?;In Bellini et al. 2023?;Notes;Main references;Main references on Collembola distribution (world, Sweden, Madagascar)
Collembola;Neelipleona;Neelidae;Saprophagous;Soil;Euedaphic;0.2–0.8;No;Worldwide;No;Yes;Yes;"Although there is no oficial record to Madagascar, they are likely there; some species are also known from caves";"Bonet 1947; Bretfeld 1999; Schneider 2017; Zeppelini & Bellini 2024";"Fjellberg 1998; Fjellberg 2007; Cipola et al 2022; Janssens et al 1996-2024"
Collembola;Symphypleona;Sminthurididae;Saprophagous;Water/Soil;Atmobiotic/Epedaphic;0.12–1.0;No;Worldwide;Yes;Yes;Yes;Mackenziellidae was recently synonymized with Sminthurididae;"Betsch 1980; Bretfeld 1999";"Fjellberg 1998; Fjellberg 2007; Cipola et al 2022; Janssens et al 1996-2024"
Collembola;Symphypleona;Katiannidae;Saprophagous;Soil;Atmobiotic/Epedaphic;0.5–2.0;No;Worldwide;Yes;Yes;No;;"Bretfeld 1999; Palacios-Vargas et al 2012";"Fjellberg 1998; Fjellberg 2007; Cipola et al 2022; Janssens et al 1996-2024"
Collembola;Symphypleona;Spinothecidae;Saprophagous;Plants;Atmobiotic/Epedaphic;0.4–0.88;Yes;The Caribean, Patagonia (Argentina) and Oceania;No;No;No;"Very rare family, only 9 described species; few species live in caves";"Betsch 1980; Greenslade 1982; Palacios-Vargas 1999";"Fjellberg 1998; Fjellberg 2007; Cipola et al 2022; Janssens et al 1996-2024"
Collembola;Symphypleona;Arrhopalitidae;Saprophagous;Soil;Hemiedaphic;0.5–1.4;No;Worldwide;No;Yes;No;Many species also live in caves;Bretfeld 1999;"Fjellberg 1998; Fjellberg 2007; Cipola et al 2022; Janssens et al 1996-2024"
Collembola;Symphypleona;Collophoridae;Saprophagous;Soil;Epedaphic;0.2–0.6;Yes;Americas, Africa and Asia;Yes;No;No;"Pantropical family with only 7 described species; an undescribed species was recorded to Madagascar";"Bretfeld 1999; Zeppelini & Brito 2013";"Fjellberg 1998; Fjellberg 2007; Cipola et al 2022; Janssens et al 1996-2024"
Collembola;Symphypleona;Sturmiidae;Saprophagous;Plants;Atmobiotic;0.2–0.7;Yes;Neotropical Region;No;No;No;Neotropical family with only 3 described species;"Bretfeld 1994; Bretfeld & Gauer 1999; Castano-Menezes & Palacios-Vargas 2011";"Fjellberg 1998; Fjellberg 2007; Cipola et al 2022; Janssens et al 1996-2024"
Collembola;Symphypleona;Dicyrtomidae;Saprophagous;Plants/Soil;Atmobiotic/Epedaphic;1.0–3.0;No;Worldwide;Yes;Yes;Yes;"Undescribed species recorded to Madagascar; quite common in tropical and subtropical climates";"Betsch 1980; Bretfeld 1999";"Fjellberg 1998; Fjellberg 2007; Cipola et al 2022; Janssens et al 1996-2024"
Collembola;Symphypleona;Bourletiellidae;Saprophagous;Soil;Atmobiotic/Epedaphic;0.5–3.5;No;Worldwide;Yes;Yes;Yes;;"Betsch 1980; Bretfeld 2000";"Fjellberg 1998; Fjellberg 2007; Cipola et al 2022; Janssens et al 1996-2024"
Collembola;Symphypleona;Sminthuridae;Saprophagous;Soil;Epedaphic/Atmobiotic;0.7–4.0;No;Worldwide;Yes;Yes;Yes;Many species also live in caves;"Betsch 1980; Bretfeld 2001";"Fjellberg 1998; Fjellberg 2007; Cipola et al 2022; Janssens et al 1996-2024"
Collembola;Poduromorpha;Onychiuridae;Saprophagous;Soil;Euedaphic;0.6–2.0;No;Worldwide;Yes;Yes;Yes;;"Jordana et al 1997; Zeppelini & Bellini 2024";"Fjellberg 1998; Fjellberg 2007; Cipola et al 2022; Janssens et al 1996-2024"
Collembola;Poduromorpha;Tullbergiidae;Saprophagous;Soil;Euedaphic;0.5–1.5;No;Worldwide;Yes;Yes;No;;"Jordana et al 1997; Zeppelini & Bellini 2025";"Fjellberg 1998; Fjellberg 2007; Cipola et al 2022; Janssens et al 1996-2024"
Collembola;Poduromorpha;Isotogastruridae;Saprophagous;Soil;Euedaphic;0.3–0.54;Yes;Holotropical;Yes;No;No;"Only known from sandy coastal zones; very rare family, only 10 described species";"Palacios-Vargas & Thibaud 1998; Potapov & Gao 2011; Palacios-Vargas et al 2013; Silveira et al 2014";"Fjellberg 1998; Fjellberg 2007; Cipola et al 2022; Janssens et al 1996-2024"
Collembola;Poduromorpha;Pachytullbergiidae;Saprophagous;Soil;Euedaphic;0.48–0.96;Yes;Americas, West Asia and Oceania;No;No;No;Very rare family, only 5 described species;"Bonet 1947; Bu et al 2013; Shveenkova 2017";"Fjellberg 1998; Fjellberg 2007; Cipola et al 2022; Janssens et al 1996-2024"
Collembola;Poduromorpha;Odontellidae;Saprophagous;Soil;Euedaphic;0.4–1.5;No;Worldwide;Yes;Yes;No;;"Massoud 1967; Jordana et al 1997; Zeppelini & Bellini 2024";"Fjellberg 1998; Fjellberg 2007; Cipola et al 2022; Janssens et al 1996-2024"
Collembola;Poduromorpha;Hypogastruridae;Saprophagous;Soil;Hemiedaphic;0.25–4.5;No;Worldwide;Yes;Yes;Yes;;"Jordana et al 1997; Thibaud et al 2004; Zeppelini & Bellini 2024";"Fjellberg 1998; Fjellberg 2007; Cipola et al 2022; Janssens et al 1996-2024"
Collembola;Poduromorpha;Poduridae;Saprophagous;Water;not applicable;1.0–1.3;Yes;Holarctic;No;Yes;Yes;"Known from coastal zones and lentic systems; monotypic family";Jordana et al 1997;"Fjellberg 1998; Fjellberg 2007; Cipola et al 2022; Janssens et al 1996-2024"
Collembola;Poduromorpha;Neanuridae;Saprophagous;Soil;Hemiedaphic;0.4–3.4 (rarely up to 17.0);No;Worldwide;Yes;Yes;Yes;;"Massoud 1967; Jordana et al 1997; Zeppelini & Bellini 2024; Janssens et al 1996-2024";"Fjellberg 1998; Fjellberg 2007; Cipola et al 2022; Janssens et al 1996-2024"
Collembola;Poduromorpha;Brachystomellidae;Saprophagous;Soil;Hemiedaphic;0.5–1.0;No;Worldwide;No;Yes;Yes;"Although there is no oficial record to Madagascar, they are likely there; Pantropical main distribution";"Massoud 1967; Jordana et al 1997; Zeppelini & Bellini 2024";"Fjellberg 1998; Fjellberg 2007; Cipola et al 2022; Janssens et al 1996-2024"
Collembola;Poduromorpha;Gulgastruridae;Saprophagous;Cave;not applicable;2.0–2.5;Yes;South Korea;No;No;No;"Size range only described as ""up to 2.5 mm""; monotypic family with very restricted distribution";"Yosii 1966; Lee & Thibaud 1998";"Fjellberg 1998; Fjellberg 2007; Cipola et al 2022; Janssens et al 1996-2024"
Collembola;Entomobryomorpha;Oncopoduridae;Saprophagous;Soil;Epedaphic;0.54–1.15;No;Mainly Holarctic;No;Yes;No;"There are also a few species in the Neotropical Region and Oceania; many species also live in caves";"Bonet et al. 1943; Yu et al. 2014";"Fjellberg 1998; Fjellberg 2007; Cipola et al 2022; Janssens et al 1996-2024"
Collembola;Entomobryomorpha;Tomoceridae;Saprophagous;Soil;Epedaphic;1.2–5.2;No;Americas, Palaearctic Region, Indonesia, Oceania;No;Yes;Yes;Many species also live in caves;"Salmon 1941; Fjellberg 2007";"Fjellberg 1998; Fjellberg 2007; Cipola et al 2022; Janssens et al 1996-2024"
Collembola;Entomobryomorpha;Actaletidae;Saprophagous;Soil;Euedaphic;0.7–1.3;Yes;Central America, France and Spain;No;No;Yes;"Very rare family, only 11 described species; from marine littoral habitats";Soto-Adames 1988;"Fjellberg 1998; Fjellberg 2007; Cipola et al 2022; Janssens et al 1996-2024"
Collembola;Entomobryomorpha;Isotomidae;Saprophagous;Soil;Euedaphic/Epedaphic/Hemiedaphic;0.3–5.0;No;Worldwide;Yes;Yes;Yes;The most common euedaphic family of springtails;Potapov et al. 2001;"Fjellberg 1998; Fjellberg 2007; Cipola et al 2022; Janssens et al 1996-2024"
Collembola;Entomobryomorpha;Orchesellidae;Saprophagous;Soil;Epedaphic/Atmobiotic;0.73–4.0;No;Worldwide;Yes;Yes;Yes;"Very likely a paraphyletic family; many species also live in caves";"Fjellberg 2007; Nunes et al. 2020; Godeiro et al. 2023";"Fjellberg 1998; Fjellberg 2007; Cipola et al 2022; Janssens et al 1996-2024"
Collembola;Entomobryomorpha;Entomobryidae;Saprophagous;Soil;Epedaphic/Atmobiotic;0.7–4.5;No;Worldwide;Yes;Yes;Yes;"Microfalculidae, Paronellidae and Cyphoderidae are all synonyms of Entomobryidae; the most diverse and common epedaphic family of springtails; many species also live in caves";"Jordana 2012; Bellini & Cipola 2017; Cipola et al. 2020; Godeiro et al. 2023";"Fjellberg 1998; Fjellberg 2007; Cipola et al 2022; Janssens et al 1996-2024"
Collembola;Entomobryomorpha;Coenaletidae;Saprophagous;Temporary habitats;not applicable;0.9–1.84;Yes;Guadeloupe, Papua New Guinea;No;No;No;Very rare family, only 2 described species, both living associate to hermit crabs ;Bellinger 1985;"Fjellberg 1998; Fjellberg 2007; Cipola et al 2022; Janssens et al 1996-2024"
Protura;Eosentomata;Eosentomidae;Saprophagous;Soil;Euedaphic;0.7–2.5**;No;Worldwide;Yes;No;No;"Is likely to occur in Sweden; large family, about 350 described species";"Szeptycki 2007; Koch 2009; Galli et al 2018; Galli et al 2020; Galli 2022; Rafael & Lima 2024";
Protura;Eosentomata;Antelientomidae;Saprophagous;Soil;Euedaphic;0.7–2.5**;Yes;China;No;No;No;Only known from China, only 3 described species;"Szeptycki 2007; Koch 2009; Galli et al 2018; Galli et al 2020; Galli 2022; Rafael & Lima 2024";
Protura;Sinentomata;Sinentomidae;Saprophagous;Soil;Euedaphic;0.7–2.5**;Yes;East, North and Southeast Asia;No;No;Yes;Only known from Far East, only 3 described species;"Szeptycki 2007; Koch 2009; Galli et al 2018; Galli et al 2020; Galli 2022; Rafael & Lima 2024";
Protura;Sinentomata;Fujientomidae;Saprophagous;Soil;Euedaphic;0.7–2.5**;Yes;China, Japan;No;No;No;"Only known from China and Japan; only 2 described species ";"Szeptycki 2007; Koch 2009; Galli et al 2018; Galli et al 2020; Galli 2022; Rafael & Lima 2024";
Protura;Acerentomata;Protentomidae;Saprophagous;Soil;Euedaphic;0.7–2.5**;No;Worldwide;Yes;Yes;No;"44 described species; Protentominae is the most common linneage";"Szeptycki 2007; Koch 2009; Galli et al 2018; Galli et al 2020; Galli 2022; Rafael & Lima 2024";
Protura;Acerentomata;Acerentomidae;Saprophagous;Soil;Euedaphic;0.7–2.5**;No;Worldwide;Yes;Yes;Yes;Largest and most common family of Protura ;"Szeptycki 2007; Koch 2009; Galli et al 2018; Galli et al 2020; Galli 2022; Rafael & Lima 2024";
Protura;Acerentomata;Hesperentomidae;Saprophagous;Soil;Euedaphic;0.7–2.5**;No;North America, Asia and Europe;No;No;No;"29 described species; is likely to occur in Sweden ";"Szeptycki 2007; Koch 2009; Galli et al 2018; Galli et al 2020; Galli 2022; Rafael & Lima 2024";
Diplura;Rhabdura;Campodeidae;Saprophagous;Soil;Euedaphic;2.0–15.0***;No;Worldwide;Yes;Yes;Yes;"The largest and more common family of Diplura; almost 500 described species";"Paclt 1957; Allen 2002; Sendra 2005; Koch 2009; Sendra et al 2021";
Diplura;Rhabdura;Procampodeidae;Saprophagous;Soil;Euedaphic;1.0–2.0***;Yes;USA, Italy;No;No;No;Only two described species;"Paclt 1957; Allen 2002; Sendra 2005; Koch 2009; Sendra et al 2021";
Diplura;Rhabdura;Anajapygidae;Predator;Soil;Euedaphic;1.0–2.0***;Yes;Americas, Italy;No;No;No;Only five described species;"Paclt 1957; Allen 2002; Sendra 2005; Koch 2009; Sendra et al 2021";
Diplura;Rhabdura;Octostigmatidae;Phytophage;Soil;Euedaphic;1.0–2.0***;Yes;Australian and Oriental Regions;No;No;No;Only three described species;"Paclt 1957; Allen 2002; Sendra 2005; Koch 2009; Sendra et al 2021";
Diplura;Rhabdura;Projapygidae;Predator;Soil;Euedaphic;2.0–4.0***;No;Worldwide;No;No;No;;"Paclt 1957; Allen 2002; Sendra 2005; Koch 2009; Sendra et al 2021";
Diplura;Dicellurata;Dinjapygidae;Predator;Soil;Epedaphic/Hemiedaphic;20.0–60.0***;Yes;Neotropical Region;No;No;No;Only six described species;"Paclt 1957; Allen 2002; Sendra 2005; Koch 2009; Sendra et al 2021";
Diplura;Dicellurata;Evalljapygidae;Phytophage;Soil;Euedaphic;3.0–20.0***;No;Americas;No;No;No;;"Paclt 1957; Allen 2002; Sendra 2005; Koch 2009; Sendra et al 2021";
Diplura;Dicellurata;Heterojapygidae;Predator;Soil;Epedaphic/Hemiedaphic;30.0–80.0***;Yes;Eastern Palaearctic and Australian  Regions;No;No;No;Only 10 described species ;"Paclt 1957; Allen 2002; Sendra 2005; Koch 2009; Sendra et al 2021";
Diplura;Dicellurata;Japygidae;Predator;Soil;Euedaphic;4.0–60.0***;No;Worldwide;Yes;Yes;Yes;"The second largest and quite common family of Diplura; about 340 described species";"Paclt 1957; Allen 2002; Sendra 2005; Koch 2009; Sendra et al 2021";
Diplura;Dicellurata;Parajapygidae;Phytophage;Soil;Euedaphic;1.0–15.0***;No;Worldwide, but mostly Holotropical;No;No;No;It may occur in Madagascar;"Paclt 1957; Allen 2002; Sendra 2005; Koch 2009; Sendra et al 2021";
;;;;;;;;;;;;;;
;;;;;;;;;;;;;;
;;;;;;;;;;;;;;
;;;;;;**common range of the species sensu Galli et al 2020 - not found to each family;;;;;;;;
;;;;;;***acording to Sendra et al 2021 (Fig 2 and text);;;;;;;;