Family;Subfamily;Tribe;Clade;Main feeding niche SE;Main feeding habitat SE;Main feeding niche MG;Main feeding habitat MG;Comments
Ichneumonidae;Acaenitinae;;Acaenitinae;Phytophage-parasitoid;Wood;Phytophage-parasitoid;Wood;
Ichneumonidae;Adelognathinae;;Adelognathinae;Phytophage-parasitoid;Plants;Phytophage-parasitoid;Plants;
Ichneumonidae;Agriotypinae;;Agriotypinae;Saprophage-parasitoid;Water;Saprophage-parasitoid;Water;
Ichneumonidae;Anomaloninae;Anomalonini;Anomaloninae;Phytophage-parasitoid;Plants;Phytophage-parasitoid;Plants;? also on saprophagous Coleoptera in soil or wood
Ichneumonidae;Anomaloninae;Gravenhorstiini;Anomaloninae;Phytophage-parasitoid;Plants;Phytophage-parasitoid;Plants;
Ichneumonidae;Ateleutinae;;Ateleutinae;NA;NA;Phytophage-parasitoid;Plants;
Ichneumonidae;Banchinae;Glyptini;Banchinae;Phytophage-parasitoid;Plants;Phytophage-parasitoid;Plants;
Ichneumonidae;Banchinae;Atrophini;Banchinae;Phytophage-parasitoid;Plants;Phytophage-parasitoid;Plants;
Ichneumonidae;Brachycyrtinae;;Brachycyrtinae;Predator-parasitoid;Plants;Predator-parasitoid;Plants;
Ichneumonidae;Campopleginae;;Campopleginae;Phytophage-parasitoid;Plants;Phytophage-parasitoid;Plants;
Ichneumonidae;Claseinae;;Claseinae;Phytophage-parasitoid;Plants;Phytophage-parasitoid;Plants;
Ichneumonidae;Collyriinae;;Collyriinae;Phytophage-parasitoid;Plants;Phytophage-parasitoid;Plants;
Ichneumonidae;Cremastinae;;Cremastinae;Phytophage-parasitoid;Plants;Phytophage-parasitoid;Plants;
Ichneumonidae;Cryptinae;Aptesini;Cryptinae;Phytophage-parasitoid;Plants;Phytophage-parasitoid;Plants;
Ichneumonidae;Cryptinae;Cryptini;Cryptinae;Phytophage-parasitoid;Plants;Phytophage-parasitoid;Plants;
Ichneumonidae;Ctenopelmatinae;Ctenopelmatini;Ctenopelmatinae;Phytophage-parasitoid;Plants;Phytophage-parasitoid;Plants;
Ichneumonidae;Ctenopelmatinae;Euryproctini;Ctenopelmatinae;Phytophage-parasitoid;Plants;Phytophage-parasitoid;Plants;
Ichneumonidae;Ctenopelmatinae;Mesoleiini;Ctenopelmatinae;Phytophage-parasitoid;Plants;Phytophage-parasitoid;Plants;
Ichneumonidae;Ctenopelmatinae;Perilissini;Ctenopelmatinae;Phytophage-parasitoid;Plants;Phytophage-parasitoid;Plants;
Ichneumonidae;Ctenopelmatinae;Pionini;Ctenopelmatinae;Phytophage-parasitoid;Plants;Phytophage-parasitoid;Plants;
Ichneumonidae;Ctenopelmatinae;Scolobatini;Ctenopelmatinae;Phytophage-parasitoid;Plants;Phytophage-parasitoid;Plants;
Ichneumonidae;Ctenopelmatinae;Seleucini;Ctenopelmatinae;Phytophage-parasitoid;Plants;Phytophage-parasitoid;Plants;van Achtenberg & Altenhofer (2013)
Ichneumonidae;Cylloceriinae;;Cylloceriinae;Saprophage-parasitoid;Soil;Saprophage-parasitoid;Soil;
Ichneumonidae;Diacritinae;;Diacritinae;;;;;Feeding habits unknown
Ichneumonidae;Diplazontinae;;Diplazontinae;Predator-parasitoid;Plants;Predator-parasitoid;Plants;
Ichneumonidae;Eucerotinae;;Eucerotinae;Predator-parasitoid;Plants;Predator-parasitoid;Plants;
Ichneumonidae;Hybrizontinae;;Hybrizontinae;Saprophage-parasitoid;Soil;Saprophage-parasitoid;Soil;
Ichneumonidae;Ichneumoninae;Alomyini;Ichneumoninae;Phytophage-parasitoid;Plants;Phytophage-parasitoid;Plants;
Ichneumonidae;Ichneumoninae;Ichneumonini;Ichneumoninae;Phytophage-parasitoid;Plants;Phytophage-parasitoid;Plants;
Ichneumonidae;Ichneumoninae;Phaeogenini;Ichneumoninae;Phytophage-parasitoid;Plants;Phytophage-parasitoid;Plants;
Ichneumonidae;Ichneumoninae;Platylabini;Ichneumoninae;Phytophage-parasitoid;Plants;Phytophage-parasitoid;Plants;
Ichneumonidae;Labeninae;Labenini;Labeninae;NA;NA;Saprophage-parasitoid;Wood;Life history?? (suggestion from Wikipedia, and Gauld & Wahl 2008)
Ichneumonidae;Lycorininae;;Lycorininae;Phytophage-parasitoid;Plants;Phytophage-parasitoid;Plants;
Ichneumonidae;Mesochorinae;;Mesochorinae;Predator-parasitoid;Plants;Predator-parasitoid;Plants;
Ichneumonidae;Metopiinae;;Metopiinae;Phytophage-parasitoid;Plants;Phytophage-parasitoid;Plants;
Ichneumonidae;Microleptinae;;Microleptinae;Saprophage-parasitoid;Water;Saprophage-parasitoid;Water;
Ichneumonidae;Neorhacodinae;;Neorhacodinae;Predator-parasitoid;Plants;Predator-parasitoid;Plants;
Ichneumonidae;Nesomesochorinae;;Nesomesochorinae;Saprophage-parasitoid;Temporary habitats;Saprophage-parasitoid;Temporary habitats;Gavin R. Broad, unpublished data
Ichneumonidae;Ophioninae;;Ophioninae;Phytophage-parasitoid;Plants;Phytophage-parasitoid;Plants;
Ichneumonidae;Orthocentrinae;;Orthocentrinae;Saprophage-parasitoid;Fungi;Saprophage-parasitoid;Fungi;
Ichneumonidae;Orthopelmatinae;;Orthopelmatinae;Phytophage-parasitoid;Plants;Phytophage-parasitoid;Plants;
Ichneumonidae;Oxytorinae;;Oxytorinae;;;;;Feeding habits unknown
Ichneumonidae;Phygadeuontinae;;Chirotica_group;Phytophage-parasitoid;Plants;Phytophage-parasitoid;Plants;
Ichneumonidae;Phygadeuontinae;;Phygadeuontinae_s_str;Phytophage-parasitoid;Plants;Phytophage-parasitoid;Plants;
Ichneumonidae;Pimplinae;Pimplini;Pimplinae_s_str;Phytophage-parasitoid;Wood;Phytophage-parasitoid;Wood;
Ichneumonidae;Pimplinae;Ephialtini;Pimplinae_s_str;Phytophage-parasitoid;Wood;Phytophage-parasitoid;Wood;
Ichneumonidae;Pimplinae;Ephialtini;Polysphincta_group;Predator-parasitoid;Plants;Predator-parasitoid;Plants;? habitat classification
Ichneumonidae;Poemeniinae;Poemeniini;Poemeniinae;Phytophage-parasitoid;Wood;Phytophage-parasitoid;Wood;
Ichneumonidae;Rhyssinae;;Rhyssinae;Phytophage-parasitoid;Wood;Phytophage-parasitoid;Wood;
Ichneumonidae;Sisyrostolinae;;Sisyrostolinae;NA;NA;Phytophage-parasitoid;Plants;
Ichneumonidae;Stilbopinae;;Stilbopinae;Phytophage-parasitoid;Plants;Phytophage-parasitoid;Plants;
Ichneumonidae;Tersilochinae;;Tersilochinae;Phytophage-parasitoid;Plants;Phytophage-parasitoid;Plants;
Ichneumonidae;Tryphoninae;Oedemopsini;Tryphoninae;Phytophage-parasitoid;Plants;Phytophage-parasitoid;Plants;
Ichneumonidae;Tryphoninae;Phytodietini;Tryphoninae;Phytophage-parasitoid;Plants;Phytophage-parasitoid;Plants;
Ichneumonidae;Tryphoninae;Tryphonini;Tryphoninae;Phytophage-parasitoid;Plants;Phytophage-parasitoid;Plants;
Ichneumonidae;Xoridinae;;Xoridinae;Phytophage-parasitoid;Wood;Phytophage-parasitoid;Wood;
;;;;;;;;
;;;;;;;;
;;;;;;;;
;;;;;;;;
;;;;;;;;
;;;;;;;;
;;;;;;;;
;;;;;;;;
;;;;;;;;
;;;;;;;;
;;;;;;;;
;;;;;;;;
;;;;;;;;
;;;;;;;;
;;;;;;;;
;;;;;;;;
;;;;;;;;
;;;;;;;;
;;;;;;;;
;;;;;;;;
;;;;;;;;
;;;;;;;;
;;;;;;;;
;;;;;;;;
;;;;;;;;
;;;;;;;;
;;;;;;;;
;;;;;;;;
;;;;;;;;
;;;;;;;;
;;;;;;;;
;;;;;;;;
;;;;;;;;
;;;;;;;;
;;;;;;;;
;;;;;;;;
;;;;;;;;
;;;;;;;;
;;;;;;;;
;;;;;;;;
;;;;;;;;
;;;;;;;;
;;;;;;;;
;;;;;;;;
;;;;;;;;
;;;;;;;;
;;;;;;;;
;;;;;;;;
;;;;;;;;
;;;;;;;;
;;;;;;;;
;;;;;;;;
;;;;;;;;
;;;;;;;;
;;;;;;;;
;;;;;;;;
;;;;;;;;
;;;;;;;;
;;;;;;;;
;;;;;;;;
;;;;;;;;
;;;;;;;;
;;;;;;;;
;;;;;;;;
;;;;;;;;
;;;;;;;;
;;;;;;;;
;;;;;;;;
;;;;;;;;
;;;;;;;;
;;;;;;;;
;;;;;;;;
;;;;;;;;
;;;;;;;;
;;;;;;;;
;;;;;;;;
;;;;;;;;
;;;;;;;;
;;;;;;;;
;;;;;;;;
;;;;;;;;
;;;;;;;;
;;;;;;;;
;;;;;;;;
;;;;;;;;
;;;;;;;;
;;;;;;;;
;;;;;;;;
;;;;;;;;
;;;;;;;;
;;;;;;;;
;;;;;;;;
;;;;;;;;
;;;;;;;;
;;;;;;;;
;;;;;;;;
;;;;;;;;
;;;;;;;;
;;;;;;;;
;;;;;;;;
;;;;;;;;
;;;;;;;;
;;;;;;;;
;;;;;;;;
;;;;;;;;
;;;;;;;;
;;;;;;;;
;;;;;;;;
;;;;;;;;
;;;;;;;;
;;;;;;;;
;;;;;;;;
;;;;;;;;
;;;;;;;;
;;;;;;;;
;;;;;;;;
;;;;;;;;
;;;;;;;;
;;;;;;;;
;;;;;;;;
;;;;;;;;
;;;;;;;;
;;;;;;;;
;;;;;;;;
;;;;;;;;
;;;;;;;;
;;;;;;;;
;;;;;;;;
;;;;;;;;
;;;;;;;;
;;;;;;;;
;;;;;;;;
;;;;;;;;
;;;;;;;;
;;;;;;;;
;;;;;;;;
;;;;;;;;
;;;;;;;;
;;;;;;;;
;;;;;;;;
;;;;;;;;
;;;;;;;;
;;;;;;;;
;;;;;;;;
;;;;;;;;
;;;;;;;;
;;;;;;;;
;;;;;;;;
;;;;;;;;
;;;;;;;;
;;;;;;;;
;;;;;;;;
;;;;;;;;
;;;;;;;;
;;;;;;;;
;;;;;;;;
;;;;;;;;
;;;;;;;;
;;;;;;;;
;;;;;;;;
;;;;;;;;
;;;;;;;;
;;;;;;;;
;;;;;;;;
;;;;;;;;
;;;;;;;;
;;;;;;;;
;;;;;;;;
;;;;;;;;
;;;;;;;;
;;;;;;;;
;;;;;;;;
;;;;;;;;
;;;;;;;;
;;;;;;;;
;;;;;;;;
;;;;;;;;
;;;;;;;;
;;;;;;;;
;;;;;;;;
;;;;;;;;
;;;;;;;;
;;;;;;;;
;;;;;;;;
;;;;;;;;
;;;;;;;;
;;;;;;;;
;;;;;;;;
;;;;;;;;
;;;;;;;;
;;;;;;;;
;;;;;;;;
;;;;;;;;
;;;;;;;;
;;;;;;;;
;;;;;;;;
;;;;;;;;
;;;;;;;;
;;;;;;;;
;;;;;;;;
;;;;;;;;
;;;;;;;;
;;;;;;;;
;;;;;;;;
;;;;;;;;
;;;;;;;;
;;;;;;;;
;;;;;;;;
;;;;;;;;
;;;;;;;;
;;;;;;;;
;;;;;;;;
;;;;;;;;
;;;;;;;;
;;;;;;;;
;;;;;;;;
;;;;;;;;
;;;;;;;;
;;;;;;;;
;;;;;;;;
;;;;;;;;
;;;;;;;;
;;;;;;;;
;;;;;;;;
;;;;;;;;
;;;;;;;;
;;;;;;;;
;;;;;;;;
;;;;;;;;
;;;;;;;;
;;;;;;;;
;;;;;;;;
;;;;;;;;
;;;;;;;;
;;;;;;;;
;;;;;;;;
;;;;;;;;
;;;;;;;;
;;;;;;;;
;;;;;;;;
;;;;;;;;
;;;;;;;;
;;;;;;;;
;;;;;;;;
;;;;;;;;
;;;;;;;;
;;;;;;;;
;;;;;;;;
;;;;;;;;
;;;;;;;;
;;;;;;;;
;;;;;;;;
;;;;;;;;
;;;;;;;;
;;;;;;;;
;;;;;;;;
;;;;;;;;
;;;;;;;;
;;;;;;;;
;;;;;;;;
;;;;;;;;
;;;;;;;;
;;;;;;;;
;;;;;;;;
;;;;;;;;
;;;;;;;;
;;;;;;;;
;;;;;;;;
;;;;;;;;
;;;;;;;;
;;;;;;;;
;;;;;;;;
;;;;;;;;
;;;;;;;;
;;;;;;;;
;;;;;;;;
;;;;;;;;
;;;;;;;;
;;;;;;;;
;;;;;;;;
;;;;;;;;
;;;;;;;;
;;;;;;;;
;;;;;;;;
;;;;;;;;
;;;;;;;;
;;;;;;;;
;;;;;;;;
;;;;;;;;
;;;;;;;;
;;;;;;;;
;;;;;;;;
;;;;;;;;
;;;;;;;;
;;;;;;;;
;;;;;;;;
;;;;;;;;
;;;;;;;;
;;;;;;;;
;;;;;;;;
;;;;;;;;
;;;;;;;;
;;;;;;;;
;;;;;;;;
;;;;;;;;
;;;;;;;;
;;;;;;;;
;;;;;;;;
;;;;;;;;
;;;;;;;;
;;;;;;;;
;;;;;;;;
;;;;;;;;
;;;;;;;;
;;;;;;;;
;;;;;;;;
;;;;;;;;
;;;;;;;;
;;;;;;;;
;;;;;;;;
;;;;;;;;
;;;;;;;;
;;;;;;;;
;;;;;;;;
;;;;;;;;
;;;;;;;;
;;;;;;;;
;;;;;;;;
;;;;;;;;
;;;;;;;;
;;;;;;;;
;;;;;;;;
;;;;;;;;
;;;;;;;;
;;;;;;;;
;;;;;;;;
;;;;;;;;
;;;;;;;;
;;;;;;;;
;;;;;;;;
;;;;;;;;
;;;;;;;;
;;;;;;;;
;;;;;;;;
;;;;;;;;
;;;;;;;;
;;;;;;;;
;;;;;;;;
;;;;;;;;
;;;;;;;;
;;;;;;;;
;;;;;;;;
;;;;;;;;
;;;;;;;;
;;;;;;;;
;;;;;;;;
;;;;;;;;
;;;;;;;;
;;;;;;;;
;;;;;;;;
;;;;;;;;
;;;;;;;;
;;;;;;;;
;;;;;;;;
;;;;;;;;
;;;;;;;;
;;;;;;;;
;;;;;;;;