TipLabel;TipLabel_updated;Kingdom;Phylum;Class;Order;Family;Clade;Genus;Species;Family_updated;Subfamily_updated;Tribe_updated;Clade_updated;Comment
Alfonsiella_longiscapa;Alfonsiella_longiscapa;Animalia;Arthropoda;Insecta;Hymenoptera;Agaonidae;Agaonidae;Alfonsiella;Alfonsiella longiscapa;Agaonidae;Agaoninae;;Agaonidae;
Alfonsiella_michaloudi;Alfonsiella_michaloudi;Animalia;Arthropoda;Insecta;Hymenoptera;Agaonidae;Agaonidae;Alfonsiella;Alfonsiella michaloudi;Agaonidae;Agaoninae;;Agaonidae;
Alfonsiella_pipithiensis;Alfonsiella_pipithiensis;Animalia;Arthropoda;Insecta;Hymenoptera;Agaonidae;Agaonidae;Alfonsiella;Alfonsiella pipithiensis;Agaonidae;Agaoninae;;Agaonidae;
Blastophaga_psenes;Blastophaga_psenes;Animalia;Arthropoda;Insecta;Hymenoptera;Agaonidae;Agaonidae;Blastophaga;Blastophaga psenes;Agaonidae;Agaoninae;;Agaonidae;
Blastophaga_quadrupes;Blastophaga_quadrupes;Animalia;Arthropoda;Insecta;Hymenoptera;Agaonidae;Agaonidae;Blastophaga;Blastophaga quadrupes;Agaonidae;Agaoninae;;Agaonidae;
Courtella_hamifera;Courtella_hamifera;Animalia;Arthropoda;Insecta;Hymenoptera;Agaonidae;Agaonidae;Courtella;Courtella hamifera;Agaonidae;Agaoninae;;Agaonidae;
Deilagaon_chrysolepidis;Deilagaon_chrysolepidis;Animalia;Arthropoda;Insecta;Hymenoptera;Agaonidae;Agaonidae;Deilagaon;Deilagaon chrysolepidis;Agaonidae;Agaoninae;;Agaonidae;
Elisabethiella_glumosae;Elisabethiella_glumosae;Animalia;Arthropoda;Insecta;Hymenoptera;Agaonidae;Agaonidae;Elisabethiella;Elisabethiella glumosae;Agaonidae;Agaoninae;;Agaonidae;
Elisabethiella_platyscapa;Elisabethiella_platyscapa;Animalia;Arthropoda;Insecta;Hymenoptera;Agaonidae;Agaonidae;Elisabethiella;Elisabethiella platyscapa;Agaonidae;Agaoninae;;Agaonidae;
Elisabethiella_reflexa;Elisabethiella_reflexa;Animalia;Arthropoda;Insecta;Hymenoptera;Agaonidae;Agaonidae;Elisabethiella;Elisabethiella reflexa;Agaonidae;Agaoninae;;Agaonidae;
Eupristina_koningsbergeri;Eupristina_koningsbergeri;Animalia;Arthropoda;Insecta;Hymenoptera;Agaonidae;Agaonidae;Eupristina;Eupristina koningsbergeri;Agaonidae;Agaoninae;;Agaonidae;
Eupristina_verticillata;Eupristina_verticillata;Animalia;Arthropoda;Insecta;Hymenoptera;Agaonidae;Agaonidae;Eupristina;Eupristina verticillata;Agaonidae;Agaoninae;;Agaonidae;
Nigeriella_excavata;Nigeriella_excavata;Animalia;Arthropoda;Insecta;Hymenoptera;Agaonidae;Agaonidae;Nigeriella;Nigeriella excavata;Agaonidae;Agaoninae;;Agaonidae;
Pegoscapus_aguilari;Pegoscapus_aguilari;Animalia;Arthropoda;Insecta;Hymenoptera;Agaonidae;Agaonidae;Pegoscapus;Pegoscapus aguilari;Agaonidae;Agaoninae;;Agaonidae;
Pegoscapus_herrei;Pegoscapus_herrei;Animalia;Arthropoda;Insecta;Hymenoptera;Agaonidae;Agaonidae;Pegoscapus;Pegoscapus herrei;Agaonidae;Agaoninae;;Agaonidae;
Pegoscapus_tonduzi;Pegoscapus_tonduzi;Animalia;Arthropoda;Insecta;Hymenoptera;Agaonidae;Agaonidae;Pegoscapus;Pegoscapus tonduzi;Agaonidae;Agaoninae;;Agaonidae;
Platyscapa_bergi;Platyscapa_bergi;Animalia;Arthropoda;Insecta;Hymenoptera;Agaonidae;Agaonidae;Platyscapa;Platyscapa bergi;Agaonidae;Agaoninae;;Agaonidae;
Platyscapa_corneri;Platyscapa_corneri;Animalia;Arthropoda;Insecta;Hymenoptera;Agaonidae;Agaonidae;Platyscapa;Platyscapa corneri;Agaonidae;Agaoninae;;Agaonidae;
Platyscapa_coronata;Platyscapa_coronata;Animalia;Arthropoda;Insecta;Hymenoptera;Agaonidae;Agaonidae;Platyscapa;Platyscapa coronata;Agaonidae;Agaoninae;;Agaonidae;
Platyscapa_fischeri;Platyscapa_fischeri;Animalia;Arthropoda;Insecta;Hymenoptera;Agaonidae;Agaonidae;Platyscapa;Platyscapa fischeri;Agaonidae;Agaoninae;;Agaonidae;
Platyscapa_quadraticeps;Platyscapa_quadraticeps;Animalia;Arthropoda;Insecta;Hymenoptera;Agaonidae;Agaonidae;Platyscapa;Platyscapa quadraticeps;Agaonidae;Agaoninae;;Agaonidae;
Platyscapa_soraria;Platyscapa_soraria;Animalia;Arthropoda;Insecta;Hymenoptera;Agaonidae;Agaonidae;Platyscapa;Platyscapa soraria;Agaonidae;Agaoninae;;Agaonidae;
Pleistodontes_addicotti;Pleistodontes_addicotti;Animalia;Arthropoda;Insecta;Hymenoptera;Agaonidae;Agaonidae;Pleistodontes;Pleistodontes addicotti;Agaonidae;Agaoninae;;Agaonidae;
Pleistodontes_froggatti;Pleistodontes_froggatti;Animalia;Arthropoda;Insecta;Hymenoptera;Agaonidae;Agaonidae;Pleistodontes;Pleistodontes froggatti;Agaonidae;Agaoninae;;Agaonidae;
Pleistodontes_greenwoodi;Pleistodontes_greenwoodi;Animalia;Arthropoda;Insecta;Hymenoptera;Agaonidae;Agaonidae;Pleistodontes;Pleistodontes greenwoodi;Agaonidae;Agaoninae;;Agaonidae;
Pleistodontes_imperialis;Pleistodontes_imperialis;Animalia;Arthropoda;Insecta;Hymenoptera;Agaonidae;Agaonidae;Pleistodontes;Pleistodontes imperialis;Agaonidae;Agaoninae;;Agaonidae;
Pleistodontes_nitens;Pleistodontes_nitens;Animalia;Arthropoda;Insecta;Hymenoptera;Agaonidae;Agaonidae;Pleistodontes;Pleistodontes nitens;Agaonidae;Agaoninae;;Agaonidae;
Pleistodontes_plebejus;Pleistodontes_plebejus;Animalia;Arthropoda;Insecta;Hymenoptera;Agaonidae;Agaonidae;Pleistodontes;Pleistodontes plebejus;Agaonidae;Agaoninae;;Agaonidae;
Pleistodontes_regalis;Pleistodontes_regalis;Animalia;Arthropoda;Insecta;Hymenoptera;Agaonidae;Agaonidae;Pleistodontes;Pleistodontes regalis;Agaonidae;Agaoninae;;Agaonidae;
Pleistodontes_rieki;Pleistodontes_rieki;Animalia;Arthropoda;Insecta;Hymenoptera;Agaonidae;Agaonidae;Pleistodontes;Pleistodontes rieki;Agaonidae;Agaoninae;;Agaonidae;
Pleistodontes_rigisamos;Pleistodontes_rigisamos;Animalia;Arthropoda;Insecta;Hymenoptera;Agaonidae;Agaonidae;Pleistodontes;Pleistodontes rigisamos;Agaonidae;Agaoninae;;Agaonidae;
Waterstoniella_brevigena;Waterstoniella_brevigena;Animalia;Arthropoda;Insecta;Hymenoptera;Agaonidae;Agaonidae;Waterstoniella;Waterstoniella brevigena;Agaonidae;Agaoninae;;Agaonidae;
Waterstoniella_dubiae;Waterstoniella_dubiae;Animalia;Arthropoda;Insecta;Hymenoptera;Agaonidae;Agaonidae;Waterstoniella;Waterstoniella dubiae;Agaonidae;Agaoninae;;Agaonidae;
Dolichoris_subtrinervianae;Dolichoris_subtrinervianae;Animalia;Arthropoda;Insecta;Hymenoptera;Agaonidae;Agaonidae;Dolichoris;Dolichoris subtrinervianae;Agaonidae;Blastophaginae;;Agaonidae;
Dolichoris_vasculosae;Dolichoris_vasculosae;Animalia;Arthropoda;Insecta;Hymenoptera;Agaonidae;Agaonidae;Dolichoris;Dolichoris vasculosae;Agaonidae;Blastophaginae;;Agaonidae;
Blastophaga_esquirolianae;Valisia_esquirolianae;Animalia;Arthropoda;Insecta;Hymenoptera;Agaonidae;Agaonidae;Valisia;Blastophaga esquirolianae;Agaonidae;Blastophaginae;;Agaonidae;should be Valisia esquirolianae
Valisia_compacta;Valisia_compacta;Animalia;Arthropoda;Insecta;Hymenoptera;Agaonidae;Agaonidae;Valisia;Valisia compacta;Agaonidae;Blastophaginae;;Agaonidae;
Valisia_malayana;Valisia_malayana;Animalia;Arthropoda;Insecta;Hymenoptera;Agaonidae;Agaonidae;Valisia;Valisia malayana;Agaonidae;Blastophaginae;;Agaonidae;
Wiebesia_boldinghi;Wiebesia_boldinghi;Animalia;Arthropoda;Insecta;Hymenoptera;Agaonidae;Agaonidae;Wiebesia;Wiebesia boldinghi;Agaonidae;Blastophaginae;;Agaonidae;
Wiebesia_brusi;Wiebesia_brusi;Animalia;Arthropoda;Insecta;Hymenoptera;Agaonidae;Agaonidae;Wiebesia;Wiebesia brusi;Agaonidae;Blastophaginae;;Agaonidae;
Wiebesia_contubernalis;Wiebesia_contubernalis;Animalia;Arthropoda;Insecta;Hymenoptera;Agaonidae;Agaonidae;Wiebesia;Wiebesia contubernalis;Agaonidae;Blastophaginae;;Agaonidae;
Wiebesia_flava;Wiebesia_flava;Animalia;Arthropoda;Insecta;Hymenoptera;Agaonidae;Agaonidae;Wiebesia;Wiebesia flava;Agaonidae;Blastophaginae;;Agaonidae;
Wiebesia_frustrata;Wiebesia_frustrata;Animalia;Arthropoda;Insecta;Hymenoptera;Agaonidae;Agaonidae;Wiebesia;Wiebesia frustrata;Agaonidae;Blastophaginae;;Agaonidae;
Wiebesia_punctatae;Wiebesia_punctatae;Animalia;Arthropoda;Insecta;Hymenoptera;Agaonidae;Agaonidae;Wiebesia;Wiebesia punctatae;Agaonidae;Blastophaginae;;Agaonidae;
Ceratosolen_abnormis;Ceratosolen_abnormis;Animalia;Arthropoda;Insecta;Hymenoptera;Agaonidae;Agaonidae;Ceratosolen;Ceratosolen abnormis;Agaonidae;Kradibiinae;;Agaonidae;
Ceratosolen_albulus;Ceratosolen_albulus;Animalia;Arthropoda;Insecta;Hymenoptera;Agaonidae;Agaonidae;Ceratosolen;Ceratosolen albulus;Agaonidae;Kradibiinae;;Agaonidae;
Ceratosolen_appendiculatus;Ceratosolen_appendiculatus;Animalia;Arthropoda;Insecta;Hymenoptera;Agaonidae;Agaonidae;Ceratosolen;Ceratosolen appendiculatus;Agaonidae;Kradibiinae;;Agaonidae;
Ceratosolen_armipes;Ceratosolen_armipes;Animalia;Arthropoda;Insecta;Hymenoptera;Agaonidae;Agaonidae;Ceratosolen;Ceratosolen armipes;Agaonidae;Kradibiinae;;Agaonidae;
Ceratosolen_bisulcatus;Ceratosolen_bisulcatus;Animalia;Arthropoda;Insecta;Hymenoptera;Agaonidae;Agaonidae;Ceratosolen;Ceratosolen bisulcatus;Agaonidae;Kradibiinae;;Agaonidae;
Ceratosolen_blommersi;Ceratosolen_blommersi;Animalia;Arthropoda;Insecta;Hymenoptera;Agaonidae;Agaonidae;Ceratosolen;Ceratosolen blommersi;Agaonidae;Kradibiinae;;Agaonidae;
Ceratosolen_capensis;Ceratosolen_capensis;Animalia;Arthropoda;Insecta;Hymenoptera;Agaonidae;Agaonidae;Ceratosolen;Ceratosolen capensis;Agaonidae;Kradibiinae;;Agaonidae;
Ceratosolen_constrictus;Ceratosolen_constrictus;Animalia;Arthropoda;Insecta;Hymenoptera;Agaonidae;Agaonidae;Ceratosolen;Ceratosolen constrictus;Agaonidae;Kradibiinae;;Agaonidae;
Ceratosolen_corneri;Ceratosolen_corneri;Animalia;Arthropoda;Insecta;Hymenoptera;Agaonidae;Agaonidae;Ceratosolen;Ceratosolen corneri;Agaonidae;Kradibiinae;;Agaonidae;
Ceratosolen_crassitarsus;Ceratosolen_crassitarsus;Animalia;Arthropoda;Insecta;Hymenoptera;Agaonidae;Agaonidae;Ceratosolen;Ceratosolen crassitarsus;Agaonidae;Kradibiinae;;Agaonidae;
Ceratosolen_dentifer;Ceratosolen_dentifer;Animalia;Arthropoda;Insecta;Hymenoptera;Agaonidae;Agaonidae;Ceratosolen;Ceratosolen dentifer;Agaonidae;Kradibiinae;;Agaonidae;
Ceratosolen_emarginatus;Ceratosolen_emarginatus;Animalia;Arthropoda;Insecta;Hymenoptera;Agaonidae;Agaonidae;Ceratosolen;Ceratosolen emarginatus;Agaonidae;Kradibiinae;;Agaonidae;
Ceratosolen_flabellatus;Ceratosolen_flabellatus;Animalia;Arthropoda;Insecta;Hymenoptera;Agaonidae;Agaonidae;Ceratosolen;Ceratosolen flabellatus;Agaonidae;Kradibiinae;;Agaonidae;
Ceratosolen_fusciceps;Ceratosolen_fusciceps;Animalia;Arthropoda;Insecta;Hymenoptera;Agaonidae;Agaonidae;Ceratosolen;Ceratosolen fusciceps;Agaonidae;Kradibiinae;;Agaonidae;
Ceratosolen_galili;Ceratosolen_galili;Animalia;Arthropoda;Insecta;Hymenoptera;Agaonidae;Agaonidae;Ceratosolen;Ceratosolen galili;Agaonidae;Kradibiinae;;Agaonidae;
Ceratosolen_gravelyi;Ceratosolen_gravelyi;Animalia;Arthropoda;Insecta;Hymenoptera;Agaonidae;Agaonidae;Ceratosolen;Ceratosolen gravelyi;Agaonidae;Kradibiinae;;Agaonidae;
Ceratosolen_hewitti;Ceratosolen_hewitti;Animalia;Arthropoda;Insecta;Hymenoptera;Agaonidae;Agaonidae;Ceratosolen;Ceratosolen hewitti;Agaonidae;Kradibiinae;;Agaonidae;
Ceratosolen_hooglandi;Ceratosolen_hooglandi;Animalia;Arthropoda;Insecta;Hymenoptera;Agaonidae;Agaonidae;Ceratosolen;Ceratosolen hooglandi;Agaonidae;Kradibiinae;;Agaonidae;
Ceratosolen_kaironkensis;Ceratosolen_kaironkensis;Animalia;Arthropoda;Insecta;Hymenoptera;Agaonidae;Agaonidae;Ceratosolen;Ceratosolen kaironkensis;Agaonidae;Kradibiinae;;Agaonidae;
Ceratosolen_medlerianus;Ceratosolen_medlerianus;Animalia;Arthropoda;Insecta;Hymenoptera;Agaonidae;Agaonidae;Ceratosolen;Ceratosolen medlerianus;Agaonidae;Kradibiinae;;Agaonidae;
Ceratosolen_megacephalus;Ceratosolen_megacephalus;Animalia;Arthropoda;Insecta;Hymenoptera;Agaonidae;Agaonidae;Ceratosolen;Ceratosolen megacephalus;Agaonidae;Kradibiinae;;Agaonidae;
Ceratosolen_nanus;Ceratosolen_nanus;Animalia;Arthropoda;Insecta;Hymenoptera;Agaonidae;Agaonidae;Ceratosolen;Ceratosolen nanus;Agaonidae;Kradibiinae;;Agaonidae;
Ceratosolen_nexilis;Ceratosolen_nexilis;Animalia;Arthropoda;Insecta;Hymenoptera;Agaonidae;Agaonidae;Ceratosolen;Ceratosolen nexilis;Agaonidae;Kradibiinae;;Agaonidae;
Ceratosolen_riparianus;Ceratosolen_riparianus;Animalia;Arthropoda;Insecta;Hymenoptera;Agaonidae;Agaonidae;Ceratosolen;Ceratosolen riparianus;Agaonidae;Kradibiinae;;Agaonidae;
Ceratosolen_solmsi;Ceratosolen_solmsi;Animalia;Arthropoda;Insecta;Hymenoptera;Agaonidae;Agaonidae;Ceratosolen;Ceratosolen solmsi;Agaonidae;Kradibiinae;;Agaonidae;
Kradibia_commuta;Kradibia_commuta;Animalia;Arthropoda;Insecta;Hymenoptera;Agaonidae;Agaonidae;Kradibia;Kradibia commuta;Agaonidae;Kradibiinae;;Agaonidae;
Kradibia_copiosae;Kradibia_copiosae;Animalia;Arthropoda;Insecta;Hymenoptera;Agaonidae;Agaonidae;Kradibia;Kradibia copiosae;Agaonidae;Kradibiinae;;Agaonidae;
Kradibia_gestroi;Kradibia_gestroi;Animalia;Arthropoda;Insecta;Hymenoptera;Agaonidae;Agaonidae;Kradibia;Kradibia gestroi;Agaonidae;Kradibiinae;;Agaonidae;
Kradibia_giacominii;Kradibia_giacominii;Animalia;Arthropoda;Insecta;Hymenoptera;Agaonidae;Agaonidae;Kradibia;Kradibia giacominii;Agaonidae;Kradibiinae;;Agaonidae;
Kradibia_jacobsi;Kradibia_jacobsi;Animalia;Arthropoda;Insecta;Hymenoptera;Agaonidae;Agaonidae;Kradibia;Kradibia jacobsi;Agaonidae;Kradibiinae;;Agaonidae;
Kradibia_ohuensis;Kradibia_ohuensis;Animalia;Arthropoda;Insecta;Hymenoptera;Agaonidae;Agaonidae;Kradibia;Kradibia ohuensis;Agaonidae;Kradibiinae;;Agaonidae;
Kradibia_salembensis;Kradibia_salembensis;Animalia;Arthropoda;Insecta;Hymenoptera;Agaonidae;Agaonidae;Kradibia;Kradibia salembensis;Agaonidae;Kradibiinae;;Agaonidae;
Kradibia_wassae;Kradibia_wassae;Animalia;Arthropoda;Insecta;Hymenoptera;Agaonidae;Agaonidae;Kradibia;Kradibia wassae;Agaonidae;Kradibiinae;;Agaonidae;
Tetrapus_costaricanus;Tetrapus_costaricanus;Animalia;Arthropoda;Insecta;Hymenoptera;Agaonidae;Agaonidae;Tetrapus;Tetrapus costaricanus;Agaonidae;Tetrapusinae;;Agaonidae;
Tetrapus_ecuadoranus;Tetrapus_ecuadoranus;Animalia;Arthropoda;Insecta;Hymenoptera;Agaonidae;Agaonidae;Tetrapus;Tetrapus ecuadoranus;Agaonidae;Tetrapusinae;;Agaonidae;
Aphelinus_abdominalis;Aphelinus_abdominalis;Animalia;Arthropoda;Insecta;Hymenoptera;Aphelinidae;Aphelinidae;Aphelinus;Aphelinus abdominalis;Aphelinidae;Aphelininae;Aphelinini;Aphelinidae;
Aphelinus_albipodus;Aphelinus_albipodus;Animalia;Arthropoda;Insecta;Hymenoptera;Aphelinidae;Aphelinidae;Aphelinus;Aphelinus albipodus;Aphelinidae;Aphelininae;Aphelinini;Aphelinidae;
Aphelinus_paramali;Aphelinus_paramali;Animalia;Arthropoda;Insecta;Hymenoptera;Aphelinidae;Aphelinidae;Aphelinus;Aphelinus paramali;Aphelinidae;Aphelininae;Aphelinini;Aphelinidae;
Aphelinus_varipes;Aphelinus_varipes;Animalia;Arthropoda;Insecta;Hymenoptera;Aphelinidae;Aphelinidae;Aphelinus;Aphelinus varipes;Aphelinidae;Aphelininae;Aphelinini;Aphelinidae;
Aphytis_africanus;Aphytis_africanus;Animalia;Arthropoda;Insecta;Hymenoptera;Aphelinidae;Aphelinidae;Aphytis;Aphytis africanus;Aphelinidae;Aphelininae;Aphytini;Aphelinidae;
Aphytis_aonidiae;Aphytis_aonidiae;Animalia;Arthropoda;Insecta;Hymenoptera;Aphelinidae;Aphelinidae;Aphytis;Aphytis aonidiae;Aphelinidae;Aphelininae;Aphytini;Aphelinidae;
Aphytis_hispanicus;Aphytis_hispanicus;Animalia;Arthropoda;Insecta;Hymenoptera;Aphelinidae;Aphelinidae;Aphytis;Aphytis hispanicus;Aphelinidae;Aphelininae;Aphytini;Aphelinidae;
Aphytis_lingnanensis;Aphytis_lingnanensis;Animalia;Arthropoda;Insecta;Hymenoptera;Aphelinidae;Aphelinidae;Aphytis;Aphytis lingnanensis;Aphelinidae;Aphelininae;Aphytini;Aphelinidae;
Aphytis_melinus;Aphytis_melinus;Animalia;Arthropoda;Insecta;Hymenoptera;Aphelinidae;Aphelinidae;Aphytis;Aphytis melinus;Aphelinidae;Aphelininae;Aphytini;Aphelinidae;
Wallaceaphytis_kikiae;Wallaceaphytis_kikiae;Animalia;Arthropoda;Insecta;Hymenoptera;Aphelinidae;Aphelinidae;Wallaceaphytis;Wallaceaphytis kikiae;Aphelinidae;Aphelininae;Aphytini;Aphelinidae;
Coccophagus_lycimnia;Coccophagus_lycimnia;Animalia;Arthropoda;Insecta;Hymenoptera;Aphelinidae;Aphelinidae;Coccophagus;Coccophagus lycimnia;Aphelinidae;Coccophaginae;Coccophagini;Aphelinidae;
Coccophagus_rusti;Coccophagus_rusti;Animalia;Arthropoda;Insecta;Hymenoptera;Aphelinidae;Aphelinidae;Coccophagus;Coccophagus rusti;Aphelinidae;Coccophaginae;Coccophagini;Aphelinidae;
Encarsia_formosa;Encarsia_formosa;Animalia;Arthropoda;Insecta;Hymenoptera;Aphelinidae;Aphelinidae;Encarsia;Encarsia formosa;Aphelinidae;Coccophaginae;Coccophagini;Aphelinidae;
Encarsia_inaron;Encarsia_inaron;Animalia;Arthropoda;Insecta;Hymenoptera;Aphelinidae;Aphelinidae;Encarsia;Encarsia inaron;Aphelinidae;Coccophaginae;Coccophagini;Aphelinidae;
Encarsia_inquirenda;Encarsia_inquirenda;Animalia;Arthropoda;Insecta;Hymenoptera;Aphelinidae;Aphelinidae;Encarsia;Encarsia inquirenda;Aphelinidae;Coccophaginae;Coccophagini;Aphelinidae;
Encarsia_iris;Encarsia_iris;Animalia;Arthropoda;Insecta;Hymenoptera;Aphelinidae;Aphelinidae;Encarsia;Encarsia iris;Aphelinidae;Coccophaginae;Coccophagini;Aphelinidae;
Encarsia_perniciosi;Encarsia_perniciosi;Animalia;Arthropoda;Insecta;Hymenoptera;Aphelinidae;Aphelinidae;Encarsia;Encarsia perniciosi;Aphelinidae;Coccophaginae;Coccophagini;Aphelinidae;
Coccobius_fulvus;Coccobius_fulvus;Animalia;Arthropoda;Insecta;Hymenoptera;Aphelinidae;Aphelinidae;Coccobius;Coccobius fulvus;Aphelinidae;Coccophaginae;Physcini;Aphelinidae;
Eretmocerus_orchamoplati;Eretmocerus_orchamoplati;Animalia;Arthropoda;Insecta;Hymenoptera;Aphelinidae;Aphelinidae;Eretmocerus;Eretmocerus orchamoplati;Aphelinidae;Eretmocerinae;;Aphelinidae;
Asaphes_suspensus;Asaphes_suspensus;Animalia;Arthropoda;Insecta;Hymenoptera;Pteromalidae;Pteromalidae;Asaphes;Asaphes suspensus;Asaphesinae_i_s;Asaphesinae;;Asaphesinae;originally had Asaphesinae in the updated family column
Asaphes_vulgaris;Asaphes_vulgaris;Animalia;Arthropoda;Insecta;Hymenoptera;Pteromalidae;Pteromalidae;Asaphes;Asaphes vulgaris;Asaphesinae_i_s;Asaphesinae;;Asaphesinae;
Ablerus_perspeciosus;Ablerus_perspeciosus;Animalia;Arthropoda;Insecta;Hymenoptera;Aphelinidae;Aphelinidae;Ablerus;Ablerus perspeciosus;Azotidae;;;Azotidae-Signiphoridae;
Chiloe_micropteron;Chiloe_micropteron;Animalia;Arthropoda;Insecta;Hymenoptera;Rotoitidae;Rotoitidae;Chiloe;Chiloe micropteron;Baeomorphidae;;;Baeomorphidae;
Theocolax_elegans;Theocolax_elegans;Animalia;Arthropoda;Insecta;Hymenoptera;Pteromalidae;Pteromalidae;Theocolax;Theocolax elegans;Cerocephalidae;Cerocephalinae;;Cerocephalidae;
Brachymeria_compsilurae;Brachymeria_compsilurae;Animalia;Arthropoda;Insecta;Hymenoptera;Chalcididae;Chalcididae;Brachymeria;Brachymeria compsilurae;Chalcididae;Brachymerinae;;Chalcididae2;
Brachymeria_tachardiae;Brachymeria_tachardiae;Animalia;Arthropoda;Insecta;Hymenoptera;Chalcididae;Chalcididae;Brachymeria;Brachymeria tachardiae;Chalcididae;Brachymerinae;;Chalcididae2;
Conura_albifrons;Conura_albifrons;Animalia;Arthropoda;Insecta;Hymenoptera;Chalcididae;Chalcididae;Conura;Conura albifrons;Chalcididae;Chalcidinae;;Chalcididae2;
Acanthochalcis_nigricans;Acanthochalcis_nigricans;Animalia;Arthropoda;Insecta;Hymenoptera;Chalcididae;Chalcididae;Acanthochalcis;Acanthochalcis nigricans;Chalcididae;Cratocentrinae;;Chalcididae1;
Haltichella_rufipes;Haltichella_rufipes;Animalia;Arthropoda;Insecta;Hymenoptera;Chalcididae;Chalcididae;Haltichella;Haltichella rufipes;Chalcididae;Haltichellinae;Haltichellini;Chalcididae2;
Phasgonophora_sulcata;Phasgonophora_sulcata;Animalia;Arthropoda;Insecta;Hymenoptera;Chalcididae;Chalcididae;Phasgonophora;Phasgonophora sulcata;Chalcididae;Phasgonophorinae;Phasgonophorini;Chalcididae2;
Acerophagus_papayae;Acerophagus_papayae;Animalia;Arthropoda;Insecta;Hymenoptera;Encyrtidae;Encyrtidae;Acerophagus;Acerophagus papayae;Encyrtidae;Encyrtinae;;Encyrtidae;
Ageniaspis_citricola;Ageniaspis_citricola;Animalia;Arthropoda;Insecta;Hymenoptera;Encyrtidae;Encyrtidae;Ageniaspis;Ageniaspis citricola;Encyrtidae;Encyrtinae;;Encyrtidae;
Anicetus_aligarhensis;Anicetus_aligarhensis;Animalia;Arthropoda;Insecta;Hymenoptera;Encyrtidae;Encyrtidae;Anicetus;Anicetus aligarhensis;Encyrtidae;Encyrtinae;;Encyrtidae;
Anicetus_beneficus;Anicetus_beneficus;Animalia;Arthropoda;Insecta;Hymenoptera;Encyrtidae;Encyrtidae;Anicetus;Anicetus beneficus;Encyrtidae;Encyrtinae;;Encyrtidae;
Anicetus_ceroplastis;Anicetus_ceroplastis;Animalia;Arthropoda;Insecta;Hymenoptera;Encyrtidae;Encyrtidae;Anicetus;Anicetus ceroplastis;Encyrtidae;Encyrtinae;;Encyrtidae;
Anicetus_dodonia;Anicetus_dodonia;Animalia;Arthropoda;Insecta;Hymenoptera;Encyrtidae;Encyrtidae;Anicetus;Anicetus dodonia;Encyrtidae;Encyrtinae;;Encyrtidae;
Anicetus_ohgushii;Anicetus_ohgushii;Animalia;Arthropoda;Insecta;Hymenoptera;Encyrtidae;Encyrtidae;Anicetus;Anicetus ohgushii;Encyrtidae;Encyrtinae;;Encyrtidae;
Anicetus_rubensi;Anicetus_rubensi;Animalia;Arthropoda;Insecta;Hymenoptera;Encyrtidae;Encyrtidae;Anicetus;Anicetus rubensi;Encyrtidae;Encyrtinae;;Encyrtidae;
Avetianella_longoi;Avetianella_longoi;Animalia;Arthropoda;Insecta;Hymenoptera;Encyrtidae;Encyrtidae;Avetianella;Avetianella longoi;Encyrtidae;Encyrtinae;;Encyrtidae;
Comperiella_bifasciata;Comperiella_bifasciata;Animalia;Arthropoda;Insecta;Hymenoptera;Encyrtidae;Encyrtidae;Comperiella;Comperiella bifasciata;Encyrtidae;Encyrtinae;;Encyrtidae;
Copidosoma_agrotis;Copidosoma_agrotis;Animalia;Arthropoda;Insecta;Hymenoptera;Encyrtidae;Encyrtidae;Copidosoma;Copidosoma agrotis;Encyrtidae;Encyrtinae;;Encyrtidae;
Copidosoma_aretas;Copidosoma_aretas;Animalia;Arthropoda;Insecta;Hymenoptera;Encyrtidae;Encyrtidae;Copidosoma;Copidosoma aretas;Encyrtidae;Encyrtinae;;Encyrtidae;
Copidosoma_boucheanum;Copidosoma_boucheanum;Animalia;Arthropoda;Insecta;Hymenoptera;Encyrtidae;Encyrtidae;Copidosoma;Copidosoma boucheanum;Encyrtidae;Encyrtinae;;Encyrtidae;
Copidosoma_cervius;Copidosoma_cervius;Animalia;Arthropoda;Insecta;Hymenoptera;Encyrtidae;Encyrtidae;Copidosoma;Copidosoma cervius;Encyrtidae;Encyrtinae;;Encyrtidae;
Copidosoma_chalconotum;Copidosoma_chalconotum;Animalia;Arthropoda;Insecta;Hymenoptera;Encyrtidae;Encyrtidae;Copidosoma;Copidosoma chalconotum;Encyrtidae;Encyrtinae;;Encyrtidae;
Copidosoma_coimbatorense;Copidosoma_coimbatorense;Animalia;Arthropoda;Insecta;Hymenoptera;Encyrtidae;Encyrtidae;Copidosoma;Copidosoma coimbatorense;Encyrtidae;Encyrtinae;;Encyrtidae;
Copidosoma_exiguum;Copidosoma_exiguum;Animalia;Arthropoda;Insecta;Hymenoptera;Encyrtidae;Encyrtidae;Copidosoma;Copidosoma exiguum;Encyrtidae;Encyrtinae;;Encyrtidae;
Copidosoma_floridanum;Copidosoma_floridanum;Animalia;Arthropoda;Insecta;Hymenoptera;Encyrtidae;Encyrtidae;Copidosoma;Copidosoma floridanum;Encyrtidae;Encyrtinae;;Encyrtidae;
Copidosoma_fuscisquama;Copidosoma_fuscisquama;Animalia;Arthropoda;Insecta;Hymenoptera;Encyrtidae;Encyrtidae;Copidosoma;Copidosoma fuscisquama;Encyrtidae;Encyrtinae;;Encyrtidae;
Copidosoma_lucidum;Copidosoma_lucidum;Animalia;Arthropoda;Insecta;Hymenoptera;Encyrtidae;Encyrtidae;Copidosoma;Copidosoma lucidum;Encyrtidae;Encyrtinae;;Encyrtidae;
Copidosoma_noyesi;Copidosoma_noyesi;Animalia;Arthropoda;Insecta;Hymenoptera;Encyrtidae;Encyrtidae;Copidosoma;Copidosoma noyesi;Encyrtidae;Encyrtinae;;Encyrtidae;
Copidosoma_peticus;Copidosoma_peticus;Animalia;Arthropoda;Insecta;Hymenoptera;Encyrtidae;Encyrtidae;Copidosoma;Copidosoma peticus;Encyrtidae;Encyrtinae;;Encyrtidae;
Copidosoma_phaloniae;Copidosoma_phaloniae;Animalia;Arthropoda;Insecta;Hymenoptera;Encyrtidae;Encyrtidae;Copidosoma;Copidosoma phaloniae;Encyrtidae;Encyrtinae;;Encyrtidae;
Copidosoma_primulum;Copidosoma_primulum;Animalia;Arthropoda;Insecta;Hymenoptera;Encyrtidae;Encyrtidae;Copidosoma;Copidosoma primulum;Encyrtidae;Encyrtinae;;Encyrtidae;
Copidosoma_serricorne;Copidosoma_serricorne;Animalia;Arthropoda;Insecta;Hymenoptera;Encyrtidae;Encyrtidae;Copidosoma;Copidosoma serricorne;Encyrtidae;Encyrtinae;;Encyrtidae;
Copidosoma_sosares;Copidosoma_sosares;Animalia;Arthropoda;Insecta;Hymenoptera;Encyrtidae;Encyrtidae;Copidosoma;Copidosoma sosares;Encyrtidae;Encyrtinae;;Encyrtidae;
Copidosoma_subalbicorne;Copidosoma_subalbicorne;Animalia;Arthropoda;Insecta;Hymenoptera;Encyrtidae;Encyrtidae;Copidosoma;Copidosoma subalbicorne;Encyrtidae;Encyrtinae;;Encyrtidae;
Copidosoma_terebrator;Copidosoma_terebrator;Animalia;Arthropoda;Insecta;Hymenoptera;Encyrtidae;Encyrtidae;Copidosoma;Copidosoma terebrator;Encyrtidae;Encyrtinae;;Encyrtidae;
Copidosoma_thebe;Copidosoma_thebe;Animalia;Arthropoda;Insecta;Hymenoptera;Encyrtidae;Encyrtidae;Copidosoma;Copidosoma thebe;Encyrtidae;Encyrtinae;;Encyrtidae;
Copidosoma_tibiale;Copidosoma_tibiale;Animalia;Arthropoda;Insecta;Hymenoptera;Encyrtidae;Encyrtidae;Copidosoma;Copidosoma tibiale;Encyrtidae;Encyrtinae;;Encyrtidae;
Copidosoma_transversum;Copidosoma_transversum;Animalia;Arthropoda;Insecta;Hymenoptera;Encyrtidae;Encyrtidae;Copidosoma;Copidosoma transversum;Encyrtidae;Encyrtinae;;Encyrtidae;
Copidosoma_truncatellum;Copidosoma_truncatellum;Animalia;Arthropoda;Insecta;Hymenoptera;Encyrtidae;Encyrtidae;Copidosoma;Copidosoma truncatellum;Encyrtidae;Encyrtinae;;Encyrtidae;
Copidosoma_varicorne;Copidosoma_varicorne;Animalia;Arthropoda;Insecta;Hymenoptera;Encyrtidae;Encyrtidae;Copidosoma;Copidosoma varicorne;Encyrtidae;Encyrtinae;;Encyrtidae;
Copidosomopsis_meridionalis;Copidosomopsis_meridionalis;Animalia;Arthropoda;Insecta;Hymenoptera;Encyrtidae;Encyrtidae;Copidosomopsis;Copidosomopsis meridionalis;Encyrtidae;Encyrtinae;;Encyrtidae;
Copidosomopsis_nacoleiae;Copidosomopsis_nacoleiae;Animalia;Arthropoda;Insecta;Hymenoptera;Encyrtidae;Encyrtidae;Copidosomopsis;Copidosomopsis nacoleiae;Encyrtidae;Encyrtinae;;Encyrtidae;
Diaphorencyrtus_aligarhensis;Diaphorencyrtus_aligarhensis;Animalia;Arthropoda;Insecta;Hymenoptera;Encyrtidae;Encyrtidae;Diaphorencyrtus;Diaphorencyrtus aligarhensis;Encyrtidae;Encyrtinae;;Encyrtidae;
Leptomastix_nigrocincta;Leptomastix_nigrocincta;Animalia;Arthropoda;Insecta;Hymenoptera;Encyrtidae;Encyrtidae;Leptomastix;Leptomastix nigrocincta;Encyrtidae;Encyrtinae;;Encyrtidae;
Metaphycus_flavus;Metaphycus_flavus;Animalia;Arthropoda;Insecta;Hymenoptera;Encyrtidae;Encyrtidae;Metaphycus;Metaphycus flavus;Encyrtidae;Encyrtinae;;Encyrtidae;
Neastymachus_axillaris;Neastymachus_axillaris;Animalia;Arthropoda;Insecta;Hymenoptera;Encyrtidae;Encyrtidae;Neastymachus;Neastymachus axillaris;Encyrtidae;Encyrtinae;;Encyrtidae;
Ooencyrtus_ferdowsii;Ooencyrtus_ferdowsii;Animalia;Arthropoda;Insecta;Hymenoptera;Encyrtidae;Encyrtidae;Ooencyrtus;Ooencyrtus ferdowsii;Encyrtidae;Encyrtinae;;Encyrtidae;
Syrphophagus_aphidivorus;Syrphophagus_aphidivorus;Animalia;Arthropoda;Insecta;Hymenoptera;Encyrtidae;Encyrtidae;Syrphophagus;Syrphophagus aphidivorus;Encyrtidae;Encyrtinae;;Encyrtidae;
Aenasius_advena;Aenasius_advena;Animalia;Arthropoda;Insecta;Hymenoptera;Encyrtidae;Encyrtidae;Aenasius;Aenasius advena;Encyrtidae;Tetracneminae;;Encyrtidae;
Blepyrus_insularis;Blepyrus_insularis;Animalia;Arthropoda;Insecta;Hymenoptera;Encyrtidae;Encyrtidae;Blepyrus;Blepyrus insularis;Encyrtidae;Tetracneminae;;Encyrtidae;
Praleurocerus_viridis;Praleurocerus_viridis;Animalia;Arthropoda;Insecta;Hymenoptera;Encyrtidae;Encyrtidae;Praleurocerus;Praleurocerus viridis;Encyrtidae;Tetracneminae;;Encyrtidae;
Pseudleptomastix_mexicana;Pseudleptomastix_mexicana;Animalia;Arthropoda;Insecta;Hymenoptera;Encyrtidae;Encyrtidae;Pseudleptomastix;Pseudleptomastix mexicana;Encyrtidae;Tetracneminae;;Encyrtidae;
Psilocharis_afra;Psilocharis_afra;Animalia;Arthropoda;Insecta;Hymenoptera;Eucharitidae;Eucharitidae;Psilocharis;Psilocharis afra;Eucharitidae;Psilocharitinae;;planidial_clade;originally said Eucharitinae in Family_updated, mistake?
Asecodes_lucens;Asecodes_lucens;Animalia;Arthropoda;Insecta;Hymenoptera;Eulophidae;Eulophidae;Asecodes;Asecodes lucens;Eulophidae;Entedoninae;;Eulophidae;
Asecodes_parviclava;Asecodes_parviclava;Animalia;Arthropoda;Insecta;Hymenoptera;Eulophidae;Eulophidae;Asecodes;Asecodes parviclava;Eulophidae;Entedoninae;;Eulophidae;
Ceranisus_menes;Ceranisus_menes;Animalia;Arthropoda;Insecta;Hymenoptera;Eulophidae;Eulophidae;Ceranisus;Ceranisus menes;Eulophidae;Entedoninae;;Eulophidae;
Chrysocharis_pallipes;Chrysocharis_pallipes;Animalia;Arthropoda;Insecta;Hymenoptera;Eulophidae;Eulophidae;Chrysocharis;Chrysocharis pallipes;Eulophidae;Entedoninae;;Eulophidae;
Chrysocharis_pubicornis;Chrysocharis_pubicornis;Animalia;Arthropoda;Insecta;Hymenoptera;Eulophidae;Eulophidae;Chrysocharis;Chrysocharis pubicornis;Eulophidae;Entedoninae;;Eulophidae;
Chrysonotomyia_germanica;Chrysonotomyia_germanica;Animalia;Arthropoda;Insecta;Hymenoptera;Eulophidae;Eulophidae;Chrysonotomyia;Chrysonotomyia germanica;Eulophidae;Entedoninae;;Eulophidae;
Closterocerus_tau;Closterocerus_tau;Animalia;Arthropoda;Insecta;Hymenoptera;Eulophidae;Eulophidae;Closterocerus;Closterocerus tau;Eulophidae;Entedoninae;;Eulophidae;
Closterocerus_trifasciatus;Closterocerus_trifasciatus;Animalia;Arthropoda;Insecta;Hymenoptera;Eulophidae;Eulophidae;Closterocerus;Closterocerus trifasciatus;Eulophidae;Entedoninae;;Eulophidae;
Emersonella_lemae;Emersonella_lemae;Animalia;Arthropoda;Insecta;Hymenoptera;Eulophidae;Eulophidae;Emersonella;Emersonella lemae;Eulophidae;Entedoninae;;Eulophidae;
Horismenus_petiolatus;Horismenus_petiolatus;Animalia;Arthropoda;Insecta;Hymenoptera;Eulophidae;Eulophidae;Horismenus;Horismenus petiolatus;Eulophidae;Entedoninae;;Eulophidae;
Neochrysocharis_clinias;Neochrysocharis_clinias;Animalia;Arthropoda;Insecta;Hymenoptera;Eulophidae;Eulophidae;Neochrysocharis;Neochrysocharis clinias;Eulophidae;Entedoninae;;Eulophidae;
Neochrysocharis_formosa;Neochrysocharis_formosa;Animalia;Arthropoda;Insecta;Hymenoptera;Eulophidae;Eulophidae;Neochrysocharis;Neochrysocharis formosa;Eulophidae;Entedoninae;;Eulophidae;
Omphale_radialis;Omphale_radialis;Animalia;Arthropoda;Insecta;Hymenoptera;Eulophidae;Eulophidae;Omphale;Omphale radialis;Eulophidae;Entedoninae;;Eulophidae;
Pediobius_saulius;Pediobius_saulius;Animalia;Arthropoda;Insecta;Hymenoptera;Eulophidae;Eulophidae;Pediobius;Pediobius saulius;Eulophidae;Entedoninae;;Eulophidae;
Pediobomyia_canaliculata;Pediobomyia_canaliculata;Animalia;Arthropoda;Insecta;Hymenoptera;Eulophidae;Eulophidae;Pediobomyia;Pediobomyia canaliculata;Eulophidae;Entedoninae;;Eulophidae;
Rhynchentedon_maximus;Rhynchentedon_maximus;Animalia;Arthropoda;Insecta;Hymenoptera;Eulophidae;Eulophidae;Rhynchentedon;Rhynchentedon maximus;Eulophidae;Entedoninae;;Eulophidae;
Cirrospilus_vittatus;Burkseus_vittatus;Animalia;Arthropoda;Insecta;Hymenoptera;Eulophidae;Eulophidae;Burkseus;Cirrospilus vittatus;Eulophidae;Eulophinae;;Eulophidae;should be Burkseus vittatus
Diglyphus_isaea;Diglyphus_isaea;Animalia;Arthropoda;Insecta;Hymenoptera;Eulophidae;Eulophidae;Diglyphus;Diglyphus isaea;Eulophidae;Eulophinae;;Eulophidae;
Elasmus_atratus;Elasmus_atratus;Animalia;Arthropoda;Insecta;Hymenoptera;Eulophidae;Eulophidae;Elasmus;Elasmus atratus;Eulophidae;Eulophinae;;Eulophidae;
Euplectrus_alvarowillei;Euplectrus_alvarowillei;Animalia;Arthropoda;Insecta;Hymenoptera;Eulophidae;Eulophidae;Euplectrus;Euplectrus alvarowillei;Eulophidae;Eulophinae;;Eulophidae;
Euplectrus_carlrettenmeyeri;Euplectrus_carlrettenmeyeri;Animalia;Arthropoda;Insecta;Hymenoptera;Eulophidae;Eulophidae;Euplectrus;Euplectrus carlrettenmeyeri;Eulophidae;Eulophinae;;Eulophidae;
Euplectrus_corriemoreauae;Euplectrus_corriemoreauae;Animalia;Arthropoda;Insecta;Hymenoptera;Eulophidae;Eulophidae;Euplectrus;Euplectrus corriemoreauae;Eulophidae;Eulophinae;;Eulophidae;
Euplectrus_daveroubiki;Euplectrus_daveroubiki;Animalia;Arthropoda;Insecta;Hymenoptera;Eulophidae;Eulophidae;Euplectrus;Euplectrus daveroubiki;Eulophidae;Eulophinae;;Eulophidae;
Euplectrus_dianariasae;Euplectrus_dianariasae;Animalia;Arthropoda;Insecta;Hymenoptera;Eulophidae;Eulophidae;Euplectrus;Euplectrus dianariasae;Eulophidae;Eulophinae;;Eulophidae;
Euplectrus_floryae;Euplectrus_floryae;Animalia;Arthropoda;Insecta;Hymenoptera;Eulophidae;Eulophidae;Euplectrus;Euplectrus floryae;Eulophidae;Eulophinae;;Eulophidae;
Euplectrus_gavinbroadi;Euplectrus_gavinbroadi;Animalia;Arthropoda;Insecta;Hymenoptera;Eulophidae;Eulophidae;Euplectrus;Euplectrus gavinbroadi;Eulophidae;Eulophinae;;Eulophidae;
Euplectrus_hansoni;Euplectrus_hansoni;Animalia;Arthropoda;Insecta;Hymenoptera;Eulophidae;Eulophidae;Euplectrus;Euplectrus hansoni;Eulophidae;Eulophinae;;Eulophidae;
Euplectrus_jacklonginoi;Euplectrus_jacklonginoi;Animalia;Arthropoda;Insecta;Hymenoptera;Eulophidae;Eulophidae;Euplectrus;Euplectrus jacklonginoi;Eulophidae;Eulophinae;;Eulophidae;
Euplectrus_johnnoyesi;Euplectrus_johnnoyesi;Animalia;Arthropoda;Insecta;Hymenoptera;Eulophidae;Eulophidae;Euplectrus;Euplectrus johnnoyesi;Eulophidae;Eulophinae;;Eulophidae;
Euplectrus_lubomirmasneri;Euplectrus_lubomirmasneri;Animalia;Arthropoda;Insecta;Hymenoptera;Eulophidae;Eulophidae;Euplectrus;Euplectrus lubomirmasneri;Eulophidae;Eulophinae;;Eulophidae;
Euplectrus_magdae;Euplectrus_magdae;Animalia;Arthropoda;Insecta;Hymenoptera;Eulophidae;Eulophidae;Euplectrus;Euplectrus magdae;Eulophidae;Eulophinae;;Eulophidae;
Euplectrus_mikeschauffi;Euplectrus_mikeschauffi;Animalia;Arthropoda;Insecta;Hymenoptera;Eulophidae;Eulophidae;Euplectrus;Euplectrus mikeschauffi;Eulophidae;Eulophinae;;Eulophidae;
Euplectrus_paulheberti;Euplectrus_paulheberti;Animalia;Arthropoda;Insecta;Hymenoptera;Eulophidae;Eulophidae;Euplectrus;Euplectrus paulheberti;Eulophidae;Eulophinae;;Eulophidae;
Euplectrus_ronaldzunigai;Euplectrus_ronaldzunigai;Animalia;Arthropoda;Insecta;Hymenoptera;Eulophidae;Eulophidae;Euplectrus;Euplectrus ronaldzunigai;Eulophidae;Eulophinae;;Eulophidae;
Euplectrus_scottshawi;Euplectrus_scottshawi;Animalia;Arthropoda;Insecta;Hymenoptera;Eulophidae;Eulophidae;Euplectrus;Euplectrus scottshawi;Eulophidae;Eulophinae;;Eulophidae;
Euplectrus_sondrawardae;Euplectrus_sondrawardae;Animalia;Arthropoda;Insecta;Hymenoptera;Eulophidae;Eulophidae;Euplectrus;Euplectrus sondrawardae;Eulophidae;Eulophinae;;Eulophidae;
Euplectrus_victoriapookae;Euplectrus_victoriapookae;Animalia;Arthropoda;Insecta;Hymenoptera;Eulophidae;Eulophidae;Euplectrus;Euplectrus victoriapookae;Eulophidae;Eulophinae;;Eulophidae;
Euplectrus_wonyoungchoi;Euplectrus_wonyoungchoi;Animalia;Arthropoda;Insecta;Hymenoptera;Eulophidae;Eulophidae;Euplectrus;Euplectrus wonyoungchoi;Eulophidae;Eulophinae;;Eulophidae;
Euplectrus_xiomarae;Euplectrus_xiomarae;Animalia;Arthropoda;Insecta;Hymenoptera;Eulophidae;Eulophidae;Euplectrus;Euplectrus xiomarae;Eulophidae;Eulophinae;;Eulophidae;
Hyssopus_pallidus;Hyssopus_pallidus;Animalia;Arthropoda;Insecta;Hymenoptera;Eulophidae;Eulophidae;Hyssopus;Hyssopus pallidus;Eulophidae;Eulophinae;;Eulophidae;
Pnigalio_minio;Pnigalio_minio;Animalia;Arthropoda;Insecta;Hymenoptera;Eulophidae;Eulophidae;Pnigalio;Pnigalio minio;Eulophidae;Eulophinae;;Eulophidae;
Sympiesis_ancylae;Sympiesis_ancylae;Animalia;Arthropoda;Insecta;Hymenoptera;Eulophidae;Eulophidae;Sympiesis;Sympiesis ancylae;Eulophidae;Eulophinae;;Eulophidae;
Ophelimus_maskelli;Ophelimus_maskelli;Animalia;Arthropoda;Insecta;Hymenoptera;Eulophidae;Eulophidae;Ophelimus;Ophelimus maskelli;Eulophidae;Ophelininae;;Eulophidae;
Anaprostocetus_acuminatus;Anaprostocetus_acuminatus;Animalia;Arthropoda;Insecta;Hymenoptera;Eulophidae;Eulophidae;Anaprostocetus;Anaprostocetus acuminatus;Eulophidae;Tetrastichinae;;Eulophidae;
Aprostocetus_gala;Aprostocetus_gala;Animalia;Arthropoda;Insecta;Hymenoptera;Eulophidae;Eulophidae;Aprostocetus;Aprostocetus gala;Eulophidae;Tetrastichinae;;Eulophidae;
Aprostocetus_monacoi;Aprostocetus_monacoi;Animalia;Arthropoda;Insecta;Hymenoptera;Eulophidae;Eulophidae;Aprostocetus;Aprostocetus monacoi;Eulophidae;Tetrastichinae;;Eulophidae;
Baryscapus_coerulescens;Baryscapus_coerulescens;Animalia;Arthropoda;Insecta;Hymenoptera;Eulophidae;Eulophidae;Baryscapus;Baryscapus coerulescens;Eulophidae;Tetrastichinae;;Eulophidae;
Baryscapus_silvestrii;Baryscapus_silvestrii;Animalia;Arthropoda;Insecta;Hymenoptera;Eulophidae;Eulophidae;Baryscapus;Baryscapus silvestrii;Eulophidae;Tetrastichinae;;Eulophidae;
Galeopsomyia_nigrocyanea;Galeopsomyia_nigrocyanea;Animalia;Arthropoda;Insecta;Hymenoptera;Eulophidae;Eulophidae;Galeopsomyia;Galeopsomyia nigrocyanea;Eulophidae;Tetrastichinae;;Eulophidae;
Hadrotrichodes_waukheon;Hadrotrichodes_waukheon;Animalia;Arthropoda;Insecta;Hymenoptera;Eulophidae;Eulophidae;Hadrotrichodes;Hadrotrichodes waukheon;Eulophidae;Tetrastichinae;;Eulophidae;
Leptocybe_invasa;Leptocybe_invasa;Animalia;Arthropoda;Insecta;Hymenoptera;Eulophidae;Eulophidae;Leptocybe;Leptocybe invasa;Eulophidae;Tetrastichinae;;Eulophidae;
Melittobia_acasta;Melittobia_acasta;Animalia;Arthropoda;Insecta;Hymenoptera;Eulophidae;Eulophidae;Melittobia;Melittobia acasta;Eulophidae;Tetrastichinae;;Eulophidae;
Melittobia_assemi;Melittobia_assemi;Animalia;Arthropoda;Insecta;Hymenoptera;Eulophidae;Eulophidae;Melittobia;Melittobia assemi;Eulophidae;Tetrastichinae;;Eulophidae;
Melittobia_australica;Melittobia_australica;Animalia;Arthropoda;Insecta;Hymenoptera;Eulophidae;Eulophidae;Melittobia;Melittobia australica;Eulophidae;Tetrastichinae;;Eulophidae;
Melittobia_clavicornis;Melittobia_clavicornis;Animalia;Arthropoda;Insecta;Hymenoptera;Eulophidae;Eulophidae;Melittobia;Melittobia clavicornis;Eulophidae;Tetrastichinae;;Eulophidae;
Melittobia_digitata;Melittobia_digitata;Animalia;Arthropoda;Insecta;Hymenoptera;Eulophidae;Eulophidae;Melittobia;Melittobia digitata;Eulophidae;Tetrastichinae;;Eulophidae;
Melittobia_megachilis;Melittobia_megachilis;Animalia;Arthropoda;Insecta;Hymenoptera;Eulophidae;Eulophidae;Melittobia;Melittobia megachilis;Eulophidae;Tetrastichinae;;Eulophidae;
Melittobia_sosui;Melittobia_sosui;Animalia;Arthropoda;Insecta;Hymenoptera;Eulophidae;Eulophidae;Melittobia;Melittobia sosui;Eulophidae;Tetrastichinae;;Eulophidae;
Tamarixia_radiata;Tamarixia_radiata;Animalia;Arthropoda;Insecta;Hymenoptera;Eulophidae;Eulophidae;Tamarixia;Tamarixia radiata;Eulophidae;Tetrastichinae;;Eulophidae;
Tetrastichus_schoenobii;Tetrastichus_schoenobii;Animalia;Arthropoda;Insecta;Hymenoptera;Eulophidae;Eulophidae;Tetrastichus;Tetrastichus schoenobii;Eulophidae;Tetrastichinae;;Eulophidae;
Eupelmus_acinellus;Eupelmus_acinellus;Animalia;Arthropoda;Insecta;Hymenoptera;Eupelmidae;Eupelmidae;Eupelmus;Eupelmus acinellus;Eupelmidae;Eupelminae;;eupelmid_clade;
Eupelmus_annulatus;Eupelmus_annulatus;Animalia;Arthropoda;Insecta;Hymenoptera;Eupelmidae;Eupelmidae;Eupelmus;Eupelmus annulatus;Eupelmidae;Eupelminae;;eupelmid_clade;
Eupelmus_azureus;Eupelmus_azureus;Animalia;Arthropoda;Insecta;Hymenoptera;Eupelmidae;Eupelmidae;Eupelmus;Eupelmus azureus;Eupelmidae;Eupelminae;;eupelmid_clade;
Eupelmus_cerris;Eupelmus_cerris;Animalia;Arthropoda;Insecta;Hymenoptera;Eupelmidae;Eupelmidae;Eupelmus;Eupelmus cerris;Eupelmidae;Eupelminae;;eupelmid_clade;
Eupelmus_confusus;Eupelmus_confusus;Animalia;Arthropoda;Insecta;Hymenoptera;Eupelmidae;Eupelmidae;Eupelmus;Eupelmus confusus;Eupelmidae;Eupelminae;;eupelmid_clade;
Eupelmus_cushmani;Eupelmus_cushmani;Animalia;Arthropoda;Insecta;Hymenoptera;Eupelmidae;Eupelmidae;Eupelmus;Eupelmus cushmani;Eupelmidae;Eupelminae;;eupelmid_clade;
Eupelmus_fulvipes;Eupelmus_fulvipes;Animalia;Arthropoda;Insecta;Hymenoptera;Eupelmidae;Eupelmidae;Eupelmus;Eupelmus fulvipes;Eupelmidae;Eupelminae;;eupelmid_clade;
Eupelmus_gemellus;Eupelmus_gemellus;Animalia;Arthropoda;Insecta;Hymenoptera;Eupelmidae;Eupelmidae;Eupelmus;Eupelmus gemellus;Eupelmidae;Eupelminae;;eupelmid_clade;
Eupelmus_janstai;Eupelmus_janstai;Animalia;Arthropoda;Insecta;Hymenoptera;Eupelmidae;Eupelmidae;Eupelmus;Eupelmus janstai;Eupelmidae;Eupelminae;;eupelmid_clade;
Eupelmus_kiefferi;Eupelmus_kiefferi;Animalia;Arthropoda;Insecta;Hymenoptera;Eupelmidae;Eupelmidae;Eupelmus;Eupelmus kiefferi;Eupelmidae;Eupelminae;;eupelmid_clade;
Eupelmus_longicalvus;Eupelmus_longicalvus;Animalia;Arthropoda;Insecta;Hymenoptera;Eupelmidae;Eupelmidae;Eupelmus;Eupelmus longicalvus;Eupelmidae;Eupelminae;;eupelmid_clade;
Eupelmus_martellii;Eupelmus_martellii;Animalia;Arthropoda;Insecta;Hymenoptera;Eupelmidae;Eupelmidae;Eupelmus;Eupelmus martellii;Eupelmidae;Eupelminae;;eupelmid_clade;
Eupelmus_opacus;Eupelmus_opacus;Animalia;Arthropoda;Insecta;Hymenoptera;Eupelmidae;Eupelmidae;Eupelmus;Eupelmus opacus;Eupelmidae;Eupelminae;;eupelmid_clade;
Eupelmus_pistaciae;Eupelmus_pistaciae;Animalia;Arthropoda;Insecta;Hymenoptera;Eupelmidae;Eupelmidae;Eupelmus;Eupelmus pistaciae;Eupelmidae;Eupelminae;;eupelmid_clade;
Eupelmus_priotoni;Eupelmus_priotoni;Animalia;Arthropoda;Insecta;Hymenoptera;Eupelmidae;Eupelmidae;Eupelmus;Eupelmus priotoni;Eupelmidae;Eupelminae;;eupelmid_clade;
Eupelmus_purpuricollis;Eupelmus_purpuricollis;Animalia;Arthropoda;Insecta;Hymenoptera;Eupelmidae;Eupelmidae;Eupelmus;Eupelmus purpuricollis;Eupelmidae;Eupelminae;;eupelmid_clade;
Eupelmus_simizonus;Eupelmus_simizonus;Animalia;Arthropoda;Insecta;Hymenoptera;Eupelmidae;Eupelmidae;Eupelmus;Eupelmus simizonus;Eupelmidae;Eupelminae;;eupelmid_clade;
Eupelmus_tibicinis;Eupelmus_tibicinis;Animalia;Arthropoda;Insecta;Hymenoptera;Eupelmidae;Eupelmidae;Eupelmus;Eupelmus tibicinis;Eupelmidae;Eupelminae;;eupelmid_clade;
Eupelmus_tremulae;Eupelmus_tremulae;Animalia;Arthropoda;Insecta;Hymenoptera;Eupelmidae;Eupelmidae;Eupelmus;Eupelmus tremulae;Eupelmidae;Eupelminae;;eupelmid_clade;
Eupelmus_urozonus;Eupelmus_urozonus;Animalia;Arthropoda;Insecta;Hymenoptera;Eupelmidae;Eupelmidae;Eupelmus;Eupelmus urozonus;Eupelmidae;Eupelminae;;eupelmid_clade;
Bruchophagus_caucasicus;Bruchophagus_caucasicus;Animalia;Arthropoda;Insecta;Hymenoptera;Eurytomidae;Eurytomidae;Bruchophagus;Bruchophagus caucasicus;Eurytomidae;Eurytominae;;Eurytomidae;
Bruchophagus_gibbus;Bruchophagus_gibbus;Animalia;Arthropoda;Insecta;Hymenoptera;Eurytomidae;Eurytomidae;Bruchophagus;Bruchophagus gibbus;Eurytomidae;Eurytominae;;Eurytomidae;
Eurytoma_aciculata;Eurytoma_aciculata;Animalia;Arthropoda;Insecta;Hymenoptera;Eurytomidae;Eurytomidae;Eurytoma;Eurytoma aciculata;Eurytomidae;Eurytominae;;Eurytomidae;
Eurytoma_afra;Eurytoma_afra;Animalia;Arthropoda;Insecta;Hymenoptera;Eurytomidae;Eurytomidae;Eurytoma;Eurytoma afra;Eurytomidae;Eurytominae;;Eurytomidae;
Eurytoma_arctica;Eurytoma_arctica;Animalia;Arthropoda;Insecta;Hymenoptera;Eurytomidae;Eurytomidae;Eurytoma;Eurytoma arctica;Eurytomidae;Eurytominae;;Eurytomidae;
Eurytoma_gigantea;Eurytoma_gigantea;Animalia;Arthropoda;Insecta;Hymenoptera;Eurytomidae;Eurytomidae;Eurytoma;Eurytoma gigantea;Eurytomidae;Eurytominae;;Eurytomidae;
Eurytoma_laricis;Eurytoma_laricis;Animalia;Arthropoda;Insecta;Hymenoptera;Eurytomidae;Eurytomidae;Eurytoma;Eurytoma laricis;Eurytomidae;Eurytominae;;Eurytomidae;
Eurytoma_longavena;Eurytoma_longavena;Animalia;Arthropoda;Insecta;Hymenoptera;Eurytomidae;Eurytomidae;Eurytoma;Eurytoma longavena;Eurytomidae;Eurytominae;;Eurytomidae;
Eurytoma_maura;Eurytoma_maura;Animalia;Arthropoda;Insecta;Hymenoptera;Eurytomidae;Eurytomidae;Eurytoma;Eurytoma maura;Eurytomidae;Eurytominae;;Eurytomidae;
Eurytoma_morio;Eurytoma_morio;Animalia;Arthropoda;Insecta;Hymenoptera;Eurytomidae;Eurytomidae;Eurytoma;Eurytoma morio;Eurytomidae;Eurytominae;;Eurytomidae;
Eurytoma_striolata;Eurytoma_striolata;Animalia;Arthropoda;Insecta;Hymenoptera;Eurytomidae;Eurytomidae;Eurytoma;Eurytoma striolata;Eurytomidae;Eurytominae;;Eurytomidae;
Leucospis_affinis;Leucospis_affinis;Animalia;Arthropoda;Insecta;Hymenoptera;Leucospidae;Leucospidae;Leucospis;Leucospis affinis;Leucospidae;;;Leucospidae;
Megastigmus_aculeatus;Megastigmus_aculeatus;Animalia;Arthropoda;Insecta;Hymenoptera;Megastigmidae;Megastigmidae;Megastigmus;Megastigmus aculeatus;Megastigmatidae;;;megastigmid_clade;
Megastigmus_dorsalis;Megastigmus_dorsalis;Animalia;Arthropoda;Insecta;Hymenoptera;Megastigmidae;Megastigmidae;Megastigmus;Megastigmus dorsalis;Megastigmatidae;;;megastigmid_clade;
Megastigmus_stigmatizans;Megastigmus_stigmatizans;Animalia;Arthropoda;Insecta;Hymenoptera;Megastigmidae;Megastigmidae;Megastigmus;Megastigmus stigmatizans;Megastigmatidae;;;megastigmid_clade;
Megastigmus_synophri;Megastigmus_synophri;Animalia;Arthropoda;Insecta;Hymenoptera;Megastigmidae;Megastigmidae;Megastigmus;Megastigmus synophri;Megastigmatidae;;;megastigmid_clade;
Megastigmus_transvaalensis;Megastigmus_transvaalensis;Animalia;Arthropoda;Insecta;Hymenoptera;Megastigmidae;Megastigmidae;Megastigmus;Megastigmus transvaalensis;Megastigmatidae;;;megastigmid_clade;
Megastigmus_viggianii;Megastigmus_viggianii;Animalia;Arthropoda;Insecta;Hymenoptera;Megastigmidae;Megastigmidae;Megastigmus;Megastigmus viggianii;Megastigmatidae;;;megastigmid_clade;
Anaphes_listronoti;Anaphes_listronoti;Animalia;Arthropoda;Insecta;Hymenoptera;Mymaridae;Mymaridae;Anaphes;Anaphes listronoti;Mymaridae;;;Mymaridae;
Gonatocerus_annulicornis;Gonatocerus_annulicornis;Animalia;Arthropoda;Insecta;Hymenoptera;Mymaridae;Mymaridae;Cosmocomoidea;Cosmocomoidea annulicornis;Mymaridae;;;Mymaridae;
Ooctonus_silvensis;Ooctonus_silvensis;Animalia;Arthropoda;Insecta;Hymenoptera;Mymaridae;Mymaridae;Ooctonus;Ooctonus silvensis;Mymaridae;;;Mymaridae;
Mymaromella_mira;Mymaromella_mira;Animalia;Arthropoda;Insecta;Hymenoptera;Mymarommatidae;Mymarommatidae;Mymaromella;Mymaromella mira;Mymarommatidae;;;Mymarommatidae;
Ormyrus_labotus;Ormyrus_labotus;Animalia;Arthropoda;Insecta;Hymenoptera;Ormyridae;Ormyridae;Ormyrus;Ormyrus labotus;Ormyridae;;;gall_clade;
Perilampus_chrysopae;Perilampus_chrysopae;Animalia;Arthropoda;Insecta;Hymenoptera;Perilampidae;Perilampidae;Perilampus;Perilampus chrysopae;Perilampidae;;;planidial_clade;
Perilampus_tristis;Perilampus_tristis;Animalia;Arthropoda;Insecta;Hymenoptera;Perilampidae;Perilampidae;Perilampus;Perilampus tristis;Perilampidae;;;planidial_clade;
Promuscidea_unfasciativentris;Promuscidea_unfasciativentris;Animalia;Arthropoda;Insecta;Hymenoptera;Aphelinidae;Aphelinidae;Promuscidea;Promuscidea unfasciativentris;Pirenidae;Eriaporinae;;Pirenidae;
Myiocnema_comperei;Myiocnema_comperei;Animalia;Arthropoda;Insecta;Hymenoptera;Aphelinidae;Aphelinidae;Myiocnema;Myiocnema comperei;Pirenidae;Euryischinae;;Pirenidae;
Colotrechnus_ignotus;Colotrechnus_ignotus;Animalia;Arthropoda;Insecta;Hymenoptera;Pteromalidae;Pteromalidae;Colotrechnus;Colotrechnus ignotus;Pteromalidae;Colotrechninae;;Pteromalidae;
Pachyneuron_aphidis;Pachyneuron_aphidis;Animalia;Arthropoda;Insecta;Hymenoptera;Pteromalidae;Pteromalidae;Pachyneuron;Pachyneuron aphidis;Pteromalidae;Pachyneuinae;Pachyneurini;Pteromalidae;
Coruna_clavata;Coruna_clavata;Animalia;Arthropoda;Insecta;Hymenoptera;Pteromalidae;Pteromalidae;Coruna;Coruna clavata;Pteromalidae;Pachyneurinae;Pachyneurini;Pteromalidae;
Apocrypta_bakeri;Apocrypta_bakeri;Animalia;Arthropoda;Insecta;Hymenoptera;Pteromalidae;Pteromalidae;Apocrypta;Apocrypta bakeri;Pteromalidae;Pteromalinae;Ottisellini;Pteromalidae;
Crossogaster_inusitata;Crossogaster_inusitata;Animalia;Arthropoda;Insecta;Hymenoptera;Pteromalidae;Pteromalidae;Crossogaster;Crossogaster inusitata;Pteromalidae;Pteromalinae;Ottisellini;Pteromalidae;
Crossogaster_odorans;Crossogaster_odorans;Animalia;Arthropoda;Insecta;Hymenoptera;Pteromalidae;Pteromalidae;Crossogaster;Crossogaster odorans;Pteromalidae;Pteromalinae;Ottisellini;Pteromalidae;
Crossogaster_quadrata;Crossogaster_quadrata;Animalia;Arthropoda;Insecta;Hymenoptera;Pteromalidae;Pteromalidae;Crossogaster;Crossogaster quadrata;Pteromalidae;Pteromalinae;Ottisellini;Pteromalidae;
Crossogaster_stigma;Crossogaster_stigma;Animalia;Arthropoda;Insecta;Hymenoptera;Pteromalidae;Pteromalidae;Crossogaster;Crossogaster stigma;Pteromalidae;Pteromalinae;Ottisellini;Pteromalidae;
Diaziella_yangi;Diaziella_yangi;Animalia;Arthropoda;Insecta;Hymenoptera;Pteromalidae;Pteromalidae;Diaziella;Diaziella yangi;Pteromalidae;Pteromalinae;Ottisellini;Pteromalidae;
Micranisa_degastris;Micranisa_degastris;Animalia;Arthropoda;Insecta;Hymenoptera;Pteromalidae;Pteromalidae;Micranisa;Micranisa degastris;Pteromalidae;Pteromalinae;Ottisellini;Pteromalidae;
Philocaenus_barbarus;Philocaenus_barbarus;Animalia;Arthropoda;Insecta;Hymenoptera;Pteromalidae;Pteromalidae;Philocaenus;Philocaenus barbarus;Pteromalidae;Pteromalinae;Ottisellini;Pteromalidae;
Philocaenus_liodontus;Philocaenus_liodontus;Animalia;Arthropoda;Insecta;Hymenoptera;Pteromalidae;Pteromalidae;Philocaenus;Philocaenus liodontus;Pteromalidae;Pteromalinae;Ottisellini;Pteromalidae;
Philocaenus_medius;Philocaenus_medius;Animalia;Arthropoda;Insecta;Hymenoptera;Pteromalidae;Pteromalidae;Philocaenus;Philocaenus medius;Pteromalidae;Pteromalinae;Ottisellini;Pteromalidae;
Philocaenus_rotundus;Philocaenus_rotundus;Animalia;Arthropoda;Insecta;Hymenoptera;Pteromalidae;Pteromalidae;Philocaenus;Philocaenus rotundus;Pteromalidae;Pteromalinae;Ottisellini;Pteromalidae;
Philocaenus_warei;Philocaenus_warei;Animalia;Arthropoda;Insecta;Hymenoptera;Pteromalidae;Pteromalidae;Philocaenus;Philocaenus warei;Pteromalidae;Pteromalinae;Ottisellini;Pteromalidae;
Philotrypesis_anguliceps;Philotrypesis_anguliceps;Animalia;Arthropoda;Insecta;Hymenoptera;Pteromalidae;Pteromalidae;Philotrypesis;Philotrypesis anguliceps;Pteromalidae;Pteromalinae;Ottisellini;Pteromalidae;
Philotrypesis_dunia;Philotrypesis_dunia;Animalia;Arthropoda;Insecta;Hymenoptera;Pteromalidae;Pteromalidae;Philotrypesis;Philotrypesis dunia;Pteromalidae;Pteromalinae;Ottisellini;Pteromalidae;
Philotrypesis_emeryi;Philotrypesis_emeryi;Animalia;Arthropoda;Insecta;Hymenoptera;Pteromalidae;Pteromalidae;Philotrypesis;Philotrypesis emeryi;Pteromalidae;Pteromalinae;Ottisellini;Pteromalidae;
Philotrypesis_okinavensis;Philotrypesis_okinavensis;Animalia;Arthropoda;Insecta;Hymenoptera;Pteromalidae;Pteromalidae;Philotrypesis;Philotrypesis okinavensis;Pteromalidae;Pteromalinae;Ottisellini;Pteromalidae;
Philotrypesis_pilosa;Philotrypesis_pilosa;Animalia;Arthropoda;Insecta;Hymenoptera;Pteromalidae;Pteromalidae;Philotrypesis;Philotrypesis pilosa;Pteromalidae;Pteromalinae;Ottisellini;Pteromalidae;
Philotrypesis_quadrisetosa;Philotrypesis_quadrisetosa;Animalia;Arthropoda;Insecta;Hymenoptera;Pteromalidae;Pteromalidae;Philotrypesis;Philotrypesis quadrisetosa;Pteromalidae;Pteromalinae;Ottisellini;Pteromalidae;
Philotrypesis_spinipes;Philotrypesis_spinipes;Animalia;Arthropoda;Insecta;Hymenoptera;Pteromalidae;Pteromalidae;Philotrypesis;Philotrypesis spinipes;Pteromalidae;Pteromalinae;Ottisellini;Pteromalidae;
Philotrypesis_taiwanensis;Philotrypesis_taiwanensis;Animalia;Arthropoda;Insecta;Hymenoptera;Pteromalidae;Pteromalidae;Philotrypesis;Philotrypesis taiwanensis;Pteromalidae;Pteromalinae;Ottisellini;Pteromalidae;
Philotrypesis_tridentata;Philotrypesis_tridentata;Animalia;Arthropoda;Insecta;Hymenoptera;Pteromalidae;Pteromalidae;Philotrypesis;Philotrypesis tridentata;Pteromalidae;Pteromalinae;Ottisellini;Pteromalidae;
Seres_armipes;Seres_armipes;Animalia;Arthropoda;Insecta;Hymenoptera;Pteromalidae;Pteromalidae;Seres;Seres armipes;Pteromalidae;Pteromalinae;Ottisellini;Pteromalidae;
Seres_solweziensis;Seres_solweziensis;Animalia;Arthropoda;Insecta;Hymenoptera;Pteromalidae;Pteromalidae;Seres;Seres solweziensis;Pteromalidae;Pteromalinae;Ottisellini;Pteromalidae;
Seres_wardi;Seres_wardi;Animalia;Arthropoda;Insecta;Hymenoptera;Pteromalidae;Pteromalidae;Seres;Seres wardi;Pteromalidae;Pteromalinae;Ottisellini;Pteromalidae;
Sycoscapter_moneres;Sycoscapter_moneres;Animalia;Arthropoda;Insecta;Hymenoptera;Pteromalidae;Pteromalidae;Sycoscapter;Sycoscapter moneres;Pteromalidae;Pteromalinae;Ottisellini;Pteromalidae;
Acaenacis_lausus;Acaenacis_lausus;Animalia;Arthropoda;Insecta;Hymenoptera;Pteromalidae;Pteromalidae;Acaenacis;Acaenacis lausus;Pteromalidae;Pteromalinae;Pteromalini;Pteromalidae;
Anisopteromalus_calandrae;Anisopteromalus_calandrae;Animalia;Arthropoda;Insecta;Hymenoptera;Pteromalidae;Pteromalidae;Anisopteromalus;Anisopteromalus calandrae;Pteromalidae;Pteromalinae;Pteromalini;Pteromalidae;
Cecidostiba_fungosa;Cecidostiba_fungosa;Animalia;Arthropoda;Insecta;Hymenoptera;Pteromalidae;Pteromalidae;Cecidostiba;Cecidostiba fungosa;Pteromalidae;Pteromalinae;Pteromalini;Pteromalidae;
Dibrachys_cavus;Dibrachys_cavus;Animalia;Arthropoda;Insecta;Hymenoptera;Pteromalidae;Pteromalidae;Dibrachys;Dibrachys cavus;Pteromalidae;Pteromalinae;Pteromalini;Pteromalidae;
Dibrachys_pelos;Dibrachys_pelos;Animalia;Arthropoda;Insecta;Hymenoptera;Pteromalidae;Pteromalidae;Dibrachys;Dibrachys pelos;Pteromalidae;Pteromalinae;Pteromalini;Pteromalidae;
Halticopteroides_exemae;Halticopteroides_exemae;Animalia;Arthropoda;Insecta;Hymenoptera;Pteromalidae;Pteromalidae;Halticopteroides;Halticopteroides exemae;Pteromalidae;Pteromalinae;Pteromalini;Pteromalidae;
Homoporus_pyrsius;Homoporus_pyrsius;Animalia;Arthropoda;Insecta;Hymenoptera;Pteromalidae;Pteromalidae;Homoporus;Homoporus pyrsius;Pteromalidae;Pteromalinae;Pteromalini;Pteromalidae;
Hypopteromalus_percussor;Hypopteromalus_percussor;Animalia;Arthropoda;Insecta;Hymenoptera;Pteromalidae;Pteromalidae;Hypopteromalus;Hypopteromalus percussor;Pteromalidae;Pteromalinae;Pteromalini;Pteromalidae;
Mesopolobus_tortricidis;Mesopolobus_tortricidis;Animalia;Arthropoda;Insecta;Hymenoptera;Pteromalidae;Pteromalidae;Mesopolobus;Mesopolobus tortricidis;Pteromalidae;Pteromalinae;Pteromalini;Pteromalidae;
Mesopolobus_tortricis;Mesopolobus_tortricis;Animalia;Arthropoda;Insecta;Hymenoptera;Pteromalidae;Pteromalidae;Mesopolobus;Mesopolobus tortricis;Pteromalidae;Pteromalinae;Pteromalini;Pteromalidae;
Mesopolobus_verditer;Mesopolobus_verditer;Animalia;Arthropoda;Insecta;Hymenoptera;Pteromalidae;Pteromalidae;Mesopolobus;Mesopolobus verditer;Pteromalidae;Pteromalinae;Pteromalini;Pteromalidae;
Nasonia_giraulti;Nasonia_giraulti;Animalia;Arthropoda;Insecta;Hymenoptera;Pteromalidae;Pteromalidae;Nasonia;Nasonia giraulti;Pteromalidae;Pteromalinae;Pteromalini;Pteromalidae;
Nasonia_longicornis;Nasonia_longicornis;Animalia;Arthropoda;Insecta;Hymenoptera;Pteromalidae;Pteromalidae;Nasonia;Nasonia longicornis;Pteromalidae;Pteromalinae;Pteromalini;Pteromalidae;
Nasonia_vitripennis;Nasonia_vitripennis;Animalia;Arthropoda;Insecta;Hymenoptera;Pteromalidae;Pteromalidae;Nasonia;Nasonia vitripennis;Pteromalidae;Pteromalinae;Pteromalini;Pteromalidae;
Pteromalus_dolichurus;Pteromalus_dolichurus;Animalia;Arthropoda;Insecta;Hymenoptera;Pteromalidae;Pteromalidae;Pteromalus;Pteromalus dolichurus;Pteromalidae;Pteromalinae;Pteromalini;Pteromalidae;
Pteromalus_phycidis;Pteromalus_phycidis;Animalia;Arthropoda;Insecta;Hymenoptera;Pteromalidae;Pteromalidae;Pteromalus;Pteromalus phycidis;Pteromalidae;Pteromalinae;Pteromalini;Pteromalidae;
Trichomalopsis_dubius;Trichomalopsis_dubius;Animalia;Arthropoda;Insecta;Hymenoptera;Pteromalidae;Pteromalidae;Trichomalopsis;Trichomalopsis dubius;Pteromalidae;Pteromalinae;Pteromalini;Pteromalidae;
Trichomalopsis_sarcophagae;Trichomalopsis_sarcophagae;Animalia;Arthropoda;Insecta;Hymenoptera;Pteromalidae;Pteromalidae;Trichomalopsis;Trichomalopsis sarcophagae;Pteromalidae;Pteromalinae;Pteromalini;Pteromalidae;
Anidarnes_bicolor;Anidarnes_bicolor;Animalia;Arthropoda;Insecta;Hymenoptera;Agaonidae;Agaonidae;Anidarnes;Anidarnes bicolor;Pteromalidae;Sycophaginae;;Pteromalidae;
Apocryptophagus_agraensis;Apocryptophagus_agraensis;Animalia;Arthropoda;Insecta;Hymenoptera;Agaonidae;Agaonidae;Apocryptophagus;Apocryptophagus agraensis;Pteromalidae;Sycophaginae;;Pteromalidae;
Apocryptophagus_gigas;Apocryptophagus_gigas;Animalia;Arthropoda;Insecta;Hymenoptera;Agaonidae;Agaonidae;Apocryptophagus;Apocryptophagus gigas;Pteromalidae;Sycophaginae;;Pteromalidae;
Apocryptophagus_testaceus;Apocryptophagus_testaceus;Animalia;Arthropoda;Insecta;Hymenoptera;Agaonidae;Agaonidae;Apocryptophagus;Apocryptophagus testaceus;Pteromalidae;Sycophaginae;;Pteromalidae;
Sycophaga_cyclostigma;Sycophaga_cyclostigma;Animalia;Arthropoda;Insecta;Hymenoptera;Agaonidae;Agaonidae;Sycophaga;Sycophaga cyclostigma;Pteromalidae;Sycophaginae;;Pteromalidae;
Trisecodes_agromyzae;Trisecodes_agromyzae;Animalia;Arthropoda;Insecta;Hymenoptera;Eulophidae;Eulophidae;Trisecodes;Trisecodes agromyzae;Systasidae;Trisecodinae;;Systasidae;
Foersterella_reptans;Foersterella_reptans;Animalia;Arthropoda;Insecta;Hymenoptera;Tetracampidae;Tetracampidae;Foersterella;Foersterella reptans;Tetracampidae;Tetracampinae;;Tetracampidae;
Glyphomerus_stigma;Glyphomerus_stigma;Animalia;Arthropoda;Insecta;Hymenoptera;Torymidae;Torymidae;Glyphomerus;Glyphomerus stigma;Torymidae;Glyphomerinae;;Torymidae;
Torymus_azureus;Torymus_azureus;Animalia;Arthropoda;Insecta;Hymenoptera;Torymidae;Torymidae;Torymus;Torymus azureus;Torymidae;Toryminae;Torymini;Torymidae;
Torymus_chrysochlorus;Torymus_chrysochlorus;Animalia;Arthropoda;Insecta;Hymenoptera;Torymidae;Torymidae;Torymus;Torymus chrysochlorus;Torymidae;Toryminae;Torymini;Torymidae;
Torymus_tubicola;Torymus_tubicola;Animalia;Arthropoda;Insecta;Hymenoptera;Torymidae;Torymidae;Torymus;Torymus tubicola;Torymidae;Toryminae;Torymini;Torymidae;
Uscana_espinae;Uscana_espinae;Animalia;Arthropoda;Insecta;Hymenoptera;Trichogrammatidae;Trichogrammatidae;Uscana;Uscana espinae;Trichogrammatidae;Oligositinae;Chaeostrichini;Trichogrammatidae;
Megaphragma_amalphitanum;Megaphragma_amalphitanum;Animalia;Arthropoda;Insecta;Hymenoptera;Trichogrammatidae;Trichogrammatidae;Megaphragma;Megaphragma amalphitanum;Trichogrammatidae;Oligositinae;Oligositini;Trichogrammatidae;
Trichogramma_achaeae;Trichogramma_achaeae;Animalia;Arthropoda;Insecta;Hymenoptera;Trichogrammatidae;Trichogrammatidae;Trichogramma;Trichogramma achaeae;Trichogrammatidae;Trichogammatinae;Trichogammatini;Trichogrammatidae;
Trichogramma_agriae;Trichogramma_agriae;Animalia;Arthropoda;Insecta;Hymenoptera;Trichogrammatidae;Trichogrammatidae;Trichogramma;Trichogramma agriae;Trichogrammatidae;Trichogammatinae;Trichogammatini;Trichogrammatidae;
Trichogramma_brassicae;Trichogramma_brassicae;Animalia;Arthropoda;Insecta;Hymenoptera;Trichogrammatidae;Trichogrammatidae;Trichogramma;Trichogramma brassicae;Trichogrammatidae;Trichogammatinae;Trichogammatini;Trichogrammatidae;
Trichogramma_cacoeciae;Trichogramma_cacoeciae;Animalia;Arthropoda;Insecta;Hymenoptera;Trichogrammatidae;Trichogrammatidae;Trichogramma;Trichogramma cacaeciae;Trichogrammatidae;Trichogammatinae;Trichogammatini;Trichogrammatidae;
Trichogramma_cacaeciae;Trichogramma_cacaeciae;Animalia;Arthropoda;Insecta;Hymenoptera;Trichogrammatidae;Trichogrammatidae;Trichogramma;Trichogramma cacaeciae;Trichogrammatidae;Trichogammatinae;Trichogammatini;Trichogrammatidae;
Trichogramma_chilonis;Trichogramma_chilonis;Animalia;Arthropoda;Insecta;Hymenoptera;Trichogrammatidae;Trichogrammatidae;Trichogramma;Trichogramma chilonis;Trichogrammatidae;Trichogammatinae;Trichogammatini;Trichogrammatidae;
Trichogramma_chilotraeae;Trichogramma_chilotraeae;Animalia;Arthropoda;Insecta;Hymenoptera;Trichogrammatidae;Trichogrammatidae;Trichogramma;Trichogramma chilotraeae;Trichogrammatidae;Trichogammatinae;Trichogammatini;Trichogrammatidae;
Trichogramma_cordubensis;Trichogramma_cordubensis;Animalia;Arthropoda;Insecta;Hymenoptera;Trichogrammatidae;Trichogrammatidae;Trichogramma;Trichogramma cordubensis;Trichogrammatidae;Trichogammatinae;Trichogammatini;Trichogrammatidae;
Trichogramma_danaidiphaga;Trichogramma_danaidiphaga;Animalia;Arthropoda;Insecta;Hymenoptera;Trichogrammatidae;Trichogrammatidae;Trichogramma;Trichogramma danaidiphaga;Trichogrammatidae;Trichogammatinae;Trichogammatini;Trichogrammatidae;
Trichogramma_danausicida;Trichogramma_danausicida;Animalia;Arthropoda;Insecta;Hymenoptera;Trichogrammatidae;Trichogrammatidae;Trichogramma;Trichogramma danausicida;Trichogrammatidae;Trichogammatinae;Trichogammatini;Trichogrammatidae;
Trichogramma_dendrolimi;Trichogramma_dendrolimi;Animalia;Arthropoda;Insecta;Hymenoptera;Trichogrammatidae;Trichogrammatidae;Trichogramma;Trichogramma dendrolimi;Trichogrammatidae;Trichogammatinae;Trichogammatini;Trichogrammatidae;
Trichogramma_embryophagum;Trichogramma_embryophagum;Animalia;Arthropoda;Insecta;Hymenoptera;Trichogrammatidae;Trichogrammatidae;Trichogramma;Trichogramma embryophagum;Trichogrammatidae;Trichogammatinae;Trichogammatini;Trichogrammatidae;
Trichogramma_evanescens;Trichogramma_evanescens;Animalia;Arthropoda;Insecta;Hymenoptera;Trichogrammatidae;Trichogrammatidae;Trichogramma;Trichogramma evanescens;Trichogrammatidae;Trichogammatinae;Trichogammatini;Trichogrammatidae;
Trichogramma_hebbalensis;Trichogramma_hebbalensis;Animalia;Arthropoda;Insecta;Hymenoptera;Trichogrammatidae;Trichogrammatidae;Trichogramma;Trichogramma hebbalensis;Trichogrammatidae;Trichogammatinae;Trichogammatini;Trichogrammatidae;
Trichogramma_japonicum;Trichogramma_japonicum;Animalia;Arthropoda;Insecta;Hymenoptera;Trichogrammatidae;Trichogrammatidae;Trichogramma;Trichogramma japonicum;Trichogrammatidae;Trichogammatinae;Trichogammatini;Trichogrammatidae;
Trichogramma_mwanzai;Trichogramma_mwanzai;Animalia;Arthropoda;Insecta;Hymenoptera;Trichogrammatidae;Trichogrammatidae;Trichogramma;Trichogramma mwanzai;Trichogrammatidae;Trichogammatinae;Trichogammatini;Trichogrammatidae;
Trichogramma_pieridis;Trichogramma_pieridis;Animalia;Arthropoda;Insecta;Hymenoptera;Trichogrammatidae;Trichogrammatidae;Trichogramma;Trichogramma pieridis;Trichogrammatidae;Trichogammatinae;Trichogammatini;Trichogrammatidae;
Trichogramma_platneri;Trichogramma_platneri;Animalia;Arthropoda;Insecta;Hymenoptera;Trichogrammatidae;Trichogrammatidae;Trichogramma;Trichogramma platneri;Trichogrammatidae;Trichogammatinae;Trichogammatini;Trichogrammatidae;
Trichogramma_semblidis;Trichogramma_semblidis;Animalia;Arthropoda;Insecta;Hymenoptera;Trichogrammatidae;Trichogrammatidae;Trichogramma;Trichogramma semblidis;Trichogrammatidae;Trichogammatinae;Trichogammatini;Trichogrammatidae;
Trichogrammatoidea_armigera;Trichogrammatoidea_armigera;Animalia;Arthropoda;Insecta;Hymenoptera;Trichogrammatidae;Trichogrammatidae;Trichogrammatoidea;Trichogrammatoidea armigera;Trichogrammatidae;Trichogammatinae;Trichogammatini;Trichogrammatidae;
Trichogrammatoidea_bactrae;Trichogrammatoidea_bactrae;Animalia;Arthropoda;Insecta;Hymenoptera;Trichogrammatidae;Trichogrammatidae;Trichogrammatoidea;Trichogrammatoidea bactrae;Trichogrammatidae;Trichogammatinae;Trichogammatini;Trichogrammatidae;
Trichogrammatoidea_robusta;Trichogrammatoidea_robusta;Animalia;Arthropoda;Insecta;Hymenoptera;Trichogrammatidae;Trichogrammatidae;Trichogrammatoidea;Trichogrammatoidea robusta;Trichogrammatidae;Trichogammatinae;Trichogammatini;Trichogrammatidae;