"TipLabel"	"Kingdom"	"Phylum"	"Class"	"Order"	"Family"	"Subfamily"	"Tribe"	"Genus"	"Species"	"Clade"
"Courtella_armata"	"Animalia"	"Arthropoda"	"Insecta"	"Hymenoptera"	"Agaonidae"	"Agaoninae"	""	"Courtella"	"Courtella sp"	"Agaonidae"
"Elisabethiella_stuckenbergi"	"Animalia"	"Arthropoda"	"Insecta"	"Hymenoptera"	"Agaonidae"	"Agaoninae"	""	"Elisabethiella"	"Elisabethiella sp"	"Agaonidae"
"Pleistodontes_imperialis"	"Animalia"	"Arthropoda"	"Insecta"	"Hymenoptera"	"Agaonidae"	"Agaoninae"	""	"Pleistodontes"	"Pleistodontes blandus"	"Agaonidae"
"Waterstoniella_sp"	"Animalia"	"Arthropoda"	"Insecta"	"Hymenoptera"	"Agaonidae"	"Agaoninae"	""	"Waterstoniella"	"Waterstoniella sp"	"Agaonidae"
"Blastophaga_psenes"	"Animalia"	"Arthropoda"	"Insecta"	"Hymenoptera"	"Agaonidae"	"Blastophaginae"	""	"Blastophaga"	"Blastophaga psenes"	"Agaonidae"
"Ceratosolen_solmsi"	"Animalia"	"Arthropoda"	"Insecta"	"Hymenoptera"	"Agaonidae"	"Kradibiinae"	""	"Ceratosolen"	"Ceratosolen solmsi"	"Agaonidae"
"Anidarnes_bicolor"	"Animalia"	"Arthropoda"	"Insecta"	"Hymenoptera"	"Pteromalidae"	NA	""	"Anidarnes"	"Anidarnes bicolor"	"Pteromalidae"
"Idarnes_sp"	"Animalia"	"Arthropoda"	"Insecta"	"Hymenoptera"	"Pteromalidae"	NA	""	"Idarnes"	"Idarnes sp"	"Pteromalidae"
"Pseudidarnes_minerva"	"Animalia"	"Arthropoda"	"Insecta"	"Hymenoptera"	"Pteromalidae"	NA	""	"Pseudidarnes"	"Pseudidarnes minerva"	"Pteromalidae"
"Sycophaga_agraensis"	"Animalia"	"Arthropoda"	"Insecta"	"Hymenoptera"	"Pteromalidae"	NA	""	"Sycophaga"	"Sycophaga sp"	"Pteromalidae"
"Tetrapus_n."	"Animalia"	"Arthropoda"	"Insecta"	"Hymenoptera"	"Agaonidae"	"Tetrapusinae"	""	"Tetrapus"	"Tetrapus sp"	"Agaonidae"
"Aphelinus_abdominalis"	"Animalia"	"Arthropoda"	"Insecta"	"Hymenoptera"	"Aphelinidae"	"Aphelininae"	"Aphelinini"	"Aphelinus"	"Aphelinus abdominalis"	"Aphelinidae"
"Aphelinus_atriplicis"	"Animalia"	"Arthropoda"	"Insecta"	"Hymenoptera"	"Aphelinidae"	"Aphelininae"	"Aphelinini"	"Aphelinus"	"Aphelinus sp"	"Aphelinidae"
"Aphytis_melinus"	"Animalia"	"Arthropoda"	"Insecta"	"Hymenoptera"	"Aphelinidae"	"Aphelininae"	"Aphytini"	"Aphytis"	"Aphytis melinus"	"Aphelinidae"
"Marietta_caridei"	"Animalia"	"Arthropoda"	"Insecta"	"Hymenoptera"	"Aphelinidae"	"Aphelininae"	"Aphytini"	"Marietta"	"Marietta sp"	"Aphelinidae"
"Coccophagus_scutellaris"	"Animalia"	"Arthropoda"	"Insecta"	"Hymenoptera"	"Aphelinidae"	"Coccophaginae"	"Coccophagini"	"Coccophagus"	"Coccophagus sp"	"Aphelinidae"
"Coccophagus_rusti"	"Animalia"	"Arthropoda"	"Insecta"	"Hymenoptera"	"Aphelinidae"	"Coccophaginae"	"Coccophagini"	"Coccophagus"	"Coccophagus sp"	"Aphelinidae"
"Coccobius_fulvus"	"Animalia"	"Arthropoda"	"Insecta"	"Hymenoptera"	"Aphelinidae"	"Coccophaginae"	"Physcini"	"Coccobius"	"Coccobius sp"	"Aphelinidae"
"Encarsia_citrina"	"Animalia"	"Arthropoda"	"Insecta"	"Hymenoptera"	"Aphelinidae"	"Coccophaginae"	"Pteroptricini"	"Encarsia"	"Encarsia sp"	"Aphelinidae"
"Encarsia_formosa"	"Animalia"	"Arthropoda"	"Insecta"	"Hymenoptera"	"Aphelinidae"	"Coccophaginae"	"Pteroptricini"	"Encarsia"	"Encarsia formosa"	"Aphelinidae"
"Encarsia_inaron"	"Animalia"	"Arthropoda"	"Insecta"	"Hymenoptera"	"Aphelinidae"	"Coccophaginae"	"Pteroptricini"	"Encarsia"	"Encarsia sp"	"Aphelinidae"
"Pteroptrix_sp"	"Animalia"	"Arthropoda"	"Insecta"	"Hymenoptera"	"Aphelinidae"	"Coccophaginae"	"Pteroptricini"	"Pteroptrix"	"Pteroptrix sp"	"Aphelinidae"
"Eretmocerus_sp"	"Animalia"	"Arthropoda"	"Insecta"	"Hymenoptera"	"Aphelinidae"	"Eretmocerinae"	""	"Eretmocerus"	"Eretmocerus eremicus"	"Aphelinidae"
"Ablerus_sp"	"Animalia"	"Arthropoda"	"Insecta"	"Hymenoptera"	"Azotidae"	""	""	"Ablerus"	"Ablerus sp"	"Azotidae-Signiphoridae"
"Chiloe_micropteron"	"Animalia"	"Arthropoda"	"Insecta"	"Hymenoptera"	"Baeomorphidae"	""	""	"Chiloe"	"Chiloe micropteron"	"Baeomorphidae"
"Brachymeria_tegularis"	"Animalia"	"Arthropoda"	"Insecta"	"Hymenoptera"	"Chalcididae"	"Brachymeriinae"	""	"Brachymeria"	"Brachymeria sp"	"Chalcididae2"
"Brachymeria_podagrica"	"Animalia"	"Arthropoda"	"Insecta"	"Hymenoptera"	"Chalcididae"	"Brachymeriinae"	""	"Brachymeria"	"Brachymeria sp"	"Chalcididae2"
"Chalcis_sispes"	"Animalia"	"Arthropoda"	"Insecta"	"Hymenoptera"	"Chalcididae"	"Chalcidinae"	"Chalcidini"	"Chalcis"	"Chalcis sp"	"Chalcididae2"
"Conura_albifrons"	"Animalia"	"Arthropoda"	"Insecta"	"Hymenoptera"	"Chalcididae"	"Chalcidinae"	"Chalcidini"	"Conura"	"Conura sp"	"Chalcididae2"
"Melanosmicra_sp"	"Animalia"	"Arthropoda"	"Insecta"	"Hymenoptera"	"Chalcididae"	"Chalcidinae"	"Chalcidini"	"Melanosmicra"	"Melanosmicra sp"	"Chalcididae2"
"Acanthochalcis_nigricans"	"Animalia"	"Arthropoda"	"Insecta"	"Hymenoptera"	"Chalcididae"	"Cratocentrinae"	""	"Acanthochalcis"	"Acanthochalcis sp"	"Chalcididae1"
"Dirhinus_sp"	"Animalia"	"Arthropoda"	"Insecta"	"Hymenoptera"	"Chalcididae"	"Dirhininae"	""	"Dirhinus"	"Dirhinus sp"	"Chalcididae2"
"Epitranus_observator"	"Animalia"	"Arthropoda"	"Insecta"	"Hymenoptera"	"Chalcididae"	"Epitraninae"	""	"Epitranus"	"Epitranus observator"	"Chalcididae2"
"Haltichella_nipponensis"	"Animalia"	"Arthropoda"	"Insecta"	"Hymenoptera"	"Chalcididae"	"Haltichellinae"	"Haltichellini"	"Haltichella"	"Haltichella sp"	"Chalcididae2"
"Hockeria_sp"	"Animalia"	"Arthropoda"	"Insecta"	"Hymenoptera"	"Chalcididae"	"Haltichellinae"	"Haltichellini"	"Hockeria"	"Hockeria sp"	"Chalcididae2"
"Lasiochalcidia_pilosella"	"Animalia"	"Arthropoda"	"Insecta"	"Hymenoptera"	"Chalcididae"	"Haltichellinae"	"Hybothoracini"	"Lasiochalcidia"	"Lasiochalcidia dargelasii"	"Chalcididae2"
"Phasgonophora_sulcata"	"Animalia"	"Arthropoda"	"Insecta"	"Hymenoptera"	"Chalcididae"	"Phasgonophorinae"	"Phasgonophorini"	"Phasgonophora"	"Phasgonophora sp"	"Chalcididae2"
"Stypiura_sp"	"Animalia"	"Arthropoda"	"Insecta"	"Hymenoptera"	"Chalcididae"	"Phasgonophorinae"	"Stypiurini"	"Stypiura"	"Stypiura sp"	"Chalcididae2"
"Brachyelatus_sp"	"Animalia"	"Arthropoda"	"Insecta"	"Hymenoptera"	"Chrysolampidae"	"Chrysolampinae"	""	"Brachyelatus"	"Brachyelatus sp"	"planidial_clade"
"Eusemion_sp"	"Animalia"	"Arthropoda"	"Insecta"	"Hymenoptera"	"Encyrtidae"	"Encyrtinae"	"Cerapterocerini"	"Eusemion"	"Eusemion cornigerum"	"Encyrtidae"
"Copidosoma_chalconotum"	"Animalia"	"Arthropoda"	"Insecta"	"Hymenoptera"	"Encyrtidae"	"Encyrtinae"	"Copidosomatini"	"Copidosoma"	"Copidosoma floridanum"	"Encyrtidae"
"Ooencyrtus_plautus"	"Animalia"	"Arthropoda"	"Insecta"	"Hymenoptera"	"Encyrtidae"	"Encyrtinae"	"Discodini"	"Ooencyrtus"	"Ooencyrtus kuvanae"	"Encyrtidae"
"Acerophagus_maculipennis"	"Animalia"	"Arthropoda"	"Insecta"	"Hymenoptera"	"Encyrtidae"	"Encyrtinae"	"Echthroplexiellini"	"Acerophagus"	"Acerophagus sp"	"Encyrtidae"
"Metaphycus_insidiosus"	"Animalia"	"Arthropoda"	"Insecta"	"Hymenoptera"	"Encyrtidae"	"Encyrtinae"	"Echthroplexiellini"	"Metaphycus"	"Metaphycus sp"	"Encyrtidae"
"Cheiloneurus_elegans"	"Animalia"	"Arthropoda"	"Insecta"	"Hymenoptera"	"Encyrtidae"	"Encyrtinae"	"Ectromatini"	"Cheiloneurus"	"Cheiloneurus sp"	"Encyrtidae"
"Hexacladia_sp"	"Animalia"	"Arthropoda"	"Insecta"	"Hymenoptera"	"Encyrtidae"	"Encyrtinae"	"Encyrtini"	"Hexacladia"	"Hexacladia sp"	"Encyrtidae"
"Anagyrus_galinae"	"Animalia"	"Arthropoda"	"Insecta"	"Hymenoptera"	"Encyrtidae"	"Tetracneminae"	"Anagyrini"	"Anagyrus"	"Anagyrus sp"	"Encyrtidae"
"Leptomastix_dactylopii"	"Animalia"	"Arthropoda"	"Insecta"	"Hymenoptera"	"Encyrtidae"	"Tetracneminae"	"Anagyrini"	"Leptomastix"	"Leptomastix dactylopii"	"Encyrtidae"
"Ericydnus_ventralis"	"Animalia"	"Arthropoda"	"Insecta"	"Hymenoptera"	"Encyrtidae"	"Tetracneminae"	"Ericydnini"	"Ericydnus"	"Ericydnus sp"	"Encyrtidae"
"Promuscidea_unfasciativentris"	"Animalia"	"Arthropoda"	"Insecta"	"Hymenoptera"	"Pirenidae"	NA	""	"Promuscidea"	"Promuscidea sp"	"Pirenidae"
"Myiocnema_comperei"	"Animalia"	"Arthropoda"	"Insecta"	"Hymenoptera"	"Pirenidae"	NA	""	"Myiocnema"	"Myiocnema sp"	"Pirenidae"
"Akapala_rudis"	"Animalia"	"Arthropoda"	"Insecta"	"Hymenoptera"	"Eucharitidae"	"Akapalinae"	""	"Akapala"	"Akapala rudis"	"planidial_clade"
"Colocharis_napoana"	"Animalia"	"Arthropoda"	"Insecta"	"Hymenoptera"	"Eucharitidae"	"Eucharitinae"	"Eucharitini"	"Colocharis"	"Colocharis napoana"	"planidial_clade"
"Kapala_floridana"	"Animalia"	"Arthropoda"	"Insecta"	"Hymenoptera"	"Eucharitidae"	"Eucharitinae"	"Eucharitini"	"Kapala"	"Kapala sp"	"planidial_clade"
"Schizaspidia_sp"	"Animalia"	"Arthropoda"	"Insecta"	"Hymenoptera"	"Eucharitidae"	"Eucharitinae"	"Eucharitini"	"Schizaspidia"	"Schizaspidia sp"	"planidial_clade"
"Psilocharis_afra"	"Animalia"	"Arthropoda"	"Insecta"	"Hymenoptera"	"Eucharitidae"	"Eucharitinae"	"Psilocharitini"	"Psilocharis"	"Psilocharis afra"	"planidial_clade"
"Orasema_sp"	"Animalia"	"Arthropoda"	"Insecta"	"Hymenoptera"	"Eucharitidae"	"Oraseminae"	""	"Orasema"	"Orasema sp"	"planidial_clade"
"Chrysocharis_sp"	"Animalia"	"Arthropoda"	"Insecta"	"Hymenoptera"	"Eulophidae"	"Entedoninae"	"Entedonini"	"Chrysocharis"	"Chrysocharis sp"	"Eulophidae"
"Chrysonotomyia_sp"	"Animalia"	"Arthropoda"	"Insecta"	"Hymenoptera"	"Eulophidae"	"Entedoninae"	"Entedonini"	"Chrysonotomyia"	"Chrysonotomyia sp"	"Eulophidae"
"Closterocerus_trifasciatus"	"Animalia"	"Arthropoda"	"Insecta"	"Hymenoptera"	"Eulophidae"	"Entedoninae"	"Entedonini"	"Closterocerus"	"Closterocerus sp"	"Eulophidae"
"Entedon_sp"	"Animalia"	"Arthropoda"	"Insecta"	"Hymenoptera"	"Eulophidae"	"Entedoninae"	"Entedonini"	"Entedon"	"Entedon sp"	"Eulophidae"
"Neochrysocharis_clinias"	"Animalia"	"Arthropoda"	"Insecta"	"Hymenoptera"	"Eulophidae"	"Entedoninae"	"Entedonini"	"Neochrysocharis"	"Neochrysocharis sp"	"Eulophidae"
"Baeoentedon_balios"	"Animalia"	"Arthropoda"	"Insecta"	"Hymenoptera"	"Eulophidae"	"Entedoninae"	"Euderomphalini"	"Baeoentedon"	"Baeoentedon sp"	"Eulophidae"
"Dasyomphale_sp"	"Animalia"	"Arthropoda"	"Insecta"	"Hymenoptera"	"Eulophidae"	"Entedoninae"	"Euderomphalini"	"Dasyomphale"	"Dasyomphale sp"	"Eulophidae"
"Astichus_sp"	"Animalia"	"Arthropoda"	"Insecta"	"Hymenoptera"	"Eulophidae"	"Entiinae"	""	"Astichus"	"Astichus sp"	"Eulophidae"
"Bellerus_sp"	"Animalia"	"Arthropoda"	"Insecta"	"Hymenoptera"	"Eulophidae"	"Entiinae"	""	"Bellerus"	"Bellerus sp"	"Eulophidae"
"Euderus_set"	"Animalia"	"Arthropoda"	"Insecta"	"Hymenoptera"	"Eulophidae"	"Entiinae"	""	"Euderus"	"Euderus sp"	"Eulophidae"
"Cirrospilus_lyncus"	"Animalia"	"Arthropoda"	"Insecta"	"Hymenoptera"	"Eulophidae"	"Eulophinae"	"Cirrospilini"	"Cirrospilus"	"Cirrospilus sp"	"Eulophidae"
"Cirrospilus_diallus"	"Animalia"	"Arthropoda"	"Insecta"	"Hymenoptera"	"Eulophidae"	"Eulophinae"	"Cirrospilini"	"Cirrospilus"	"Cirrospilus sp"	"Eulophidae"
"Zagrammosoma_latilineatum"	"Animalia"	"Arthropoda"	"Insecta"	"Hymenoptera"	"Eulophidae"	"Eulophinae"	"Cirrospilini"	"Zagrammosoma"	"Zagrammosoma sp"	"Eulophidae"
"Diglyphus_isaea"	"Animalia"	"Arthropoda"	"Insecta"	"Hymenoptera"	"Eulophidae"	"Eulophinae"	"Eulophini"	"Diglyphus"	"Diglyphus isaea"	"Eulophidae"
"Elachertus_cacoeciae"	"Animalia"	"Arthropoda"	"Insecta"	"Hymenoptera"	"Eulophidae"	"Eulophinae"	"Eulophini"	"Elachertus"	"Elachertus sp"	"Eulophidae"
"Elasmus_atratus"	"Animalia"	"Arthropoda"	"Insecta"	"Hymenoptera"	"Eulophidae"	"Eulophinae"	"Eulophini"	"Elasmus"	"Elasmus sp"	"Eulophidae"
"Euplectrus_sp"	"Animalia"	"Arthropoda"	"Insecta"	"Hymenoptera"	"Eulophidae"	"Eulophinae"	"Eulophini"	"Euplectrus"	"Euplectrus sp"	"Eulophidae"
"Hemiptarsenus_varicornis"	"Animalia"	"Arthropoda"	"Insecta"	"Hymenoptera"	"Eulophidae"	"Eulophinae"	"Eulophini"	"Hemiptarsenus"	"Hemiptarsenus unguicellus"	"Eulophidae"
"Pnigalio_pectinicornis"	"Animalia"	"Arthropoda"	"Insecta"	"Hymenoptera"	"Eulophidae"	"Eulophinae"	"Eulophini"	"Pnigalio"	"Pnigalio sp"	"Eulophidae"
"Sympiesis_sericeicornis"	"Animalia"	"Arthropoda"	"Insecta"	"Hymenoptera"	"Eulophidae"	"Eulophinae"	"Eulophini"	"Sympiesis"	"Sympiesis sp"	"Eulophidae"
"Trisecodes_agromyzae"	"Animalia"	"Arthropoda"	"Insecta"	"Hymenoptera"	"Systasidae"	NA	"incertae sedis"	"Trisecodes"	"Trisecodes agromyzae"	"Systasidae"
"Ophelimus_maskelli"	"Animalia"	"Arthropoda"	"Insecta"	"Hymenoptera"	"Eulophidae"	"Opheliminae"	"Ophelimini"	"Ophelimus"	"Ophelimus maskelli"	"Eulophidae"
"Aprostocetus_sp"	"Animalia"	"Arthropoda"	"Insecta"	"Hymenoptera"	"Eulophidae"	"Tetrastichinae"	"Tetrastichini"	"Aprostocetus"	"Aprostocetus sp"	"Eulophidae"
"Melittobia_sosui"	"Animalia"	"Arthropoda"	"Insecta"	"Hymenoptera"	"Eulophidae"	"Tetrastichinae"	"Tetrastichini"	"Melittobia"	"Melittobia sp"	"Eulophidae"
"Tamarixia_radiata"	"Animalia"	"Arthropoda"	"Insecta"	"Hymenoptera"	"Eulophidae"	"Tetrastichinae"	"Tetrastichini"	"Tamarixia"	"Tamarixia radiata"	"Eulophidae"
"Eusandalum_sp"	"Animalia"	"Arthropoda"	"Insecta"	"Hymenoptera"	"Eupelmidae"	"Pteromalinae"	""	"Eusandalum"	"Eusandalum sp"	"eupelmid_clade"
"Anastatus_bifasciatus"	"Animalia"	"Arthropoda"	"Insecta"	"Hymenoptera"	"Eupelmidae"	"Eupelminae"	""	"Anastatus"	"Anastatus sp"	"eupelmid_clade"
"Brasema_macrocarpae"	"Animalia"	"Arthropoda"	"Insecta"	"Hymenoptera"	"Eupelmidae"	"Eupelminae"	""	"Brasema"	"Brasema sp"	"eupelmid_clade"
"Eupelmus_urozonus"	"Animalia"	"Arthropoda"	"Insecta"	"Hymenoptera"	"Eupelmidae"	"Eupelminae"	""	"Eupelmus"	"Eupelmus urozonus"	"eupelmid_clade"
"Merostenus_sp"	"Animalia"	"Arthropoda"	"Insecta"	"Hymenoptera"	"Eupelmidae"	"Eupelminae"	""	"Merostenus"	"Merostenus sp"	"eupelmid_clade"
"Tineobius_tamaricis"	"Animalia"	"Arthropoda"	"Insecta"	"Hymenoptera"	"Eupelmidae"	"Eupelminae"	""	"Tineobius"	"Tineobius sp"	"eupelmid_clade"
"Zaischnopsis_pacis"	"Animalia"	"Arthropoda"	"Insecta"	"Hymenoptera"	"Eupelmidae"	"Eupelminae"	""	"Zaischnopsis"	"Zaischnopsis sp"	"eupelmid_clade"
"Eopelma_gibsoni"	"Animalia"	"Arthropoda"	"Insecta"	"Hymenoptera"	"Eopelma_i_s"	"Neanastatinae"	""	"Eopelma"	"Eopelma gibsoni"	"Eopelma"
"Metapelma_sp"	"Animalia"	"Arthropoda"	"Insecta"	"Hymenoptera"	"Metapelmatidae"	"Neanastatinae"	""	"Metapelma"	"Metapelma sp"	"Metapelmatidae"
"Neanastatus_sp"	"Animalia"	"Arthropoda"	"Insecta"	"Hymenoptera"	"Neanastatidae"	"Neanastatinae"	""	"Neanastatus"	"Neanastatus sp"	"neanastatid_clade"
"Macrorileya_sp"	"Animalia"	"Arthropoda"	"Insecta"	"Hymenoptera"	"Eurytomidae"	"Buresiinae"	""	"Macrorileya"	"Macrorileya sp"	"Eurytomidae"
"Aiolomorphus_rhopaloides"	"Animalia"	"Arthropoda"	"Insecta"	"Hymenoptera"	"Eurytomidae"	"Eurytominae"	""	"Aiolomorphus"	"Aiolomorphus rhopaloides"	"Eurytomidae"
"Axima_zabriskiei"	"Animalia"	"Arthropoda"	"Insecta"	"Hymenoptera"	"Eurytomidae"	"Eurytominae"	""	"Axima"	"Axima sp"	"Eurytomidae"
"Bruchodape_sp"	"Animalia"	"Arthropoda"	"Insecta"	"Hymenoptera"	"Eurytomidae"	"Eurytominae"	""	"Bruchodape"	"Bruchodape sp"	"Eurytomidae"
"Endobia_donacis"	"Animalia"	"Arthropoda"	"Insecta"	"Hymenoptera"	"Eurytomidae"	"Eurytominae"	""	"Endobia"	"Endobia donacis"	"Eurytomidae"
"Eurytoma_sp"	"Animalia"	"Arthropoda"	"Insecta"	"Hymenoptera"	"Eurytomidae"	"Eurytominae"	""	"Eurytoma"	"Eurytoma sp"	"Eurytomidae"
"Sycophila_biguttata"	"Animalia"	"Arthropoda"	"Insecta"	"Hymenoptera"	"Eurytomidae"	"Eurytominae"	""	"Sycophila"	"Sycophila sp"	"Eurytomidae"
"Systole_albipennis"	"Animalia"	"Arthropoda"	"Insecta"	"Hymenoptera"	"Eurytomidae"	"Eurytominae"	""	"Systole"	"Systole sp"	"Eurytomidae"
"Tetramesa_hyalipennis"	"Animalia"	"Arthropoda"	"Insecta"	"Hymenoptera"	"Eurytomidae"	"Eurytominae"	""	"Tetramesa"	"Tetramesa sp"	"Eurytomidae"
"Heimbra_opaca"	"Animalia"	"Arthropoda"	"Insecta"	"Hymenoptera"	"Eurytomidae"	"Heimbrinae"	""	"Heimbra"	"Heimbra opaca"	"Eurytomidae"
"Neorileya_sp"	"Animalia"	"Arthropoda"	"Insecta"	"Hymenoptera"	"Eurytomidae"	"Rileyinae"	""	"Neorileya"	"Neorileya sp"	"Eurytomidae"
"Rileya_cecidomyiae"	"Animalia"	"Arthropoda"	"Insecta"	"Hymenoptera"	"Eurytomidae"	"Rileyinae"	""	"Rileya"	"Rileya sp"	"Eurytomidae"
"Leucospis_affinis"	"Animalia"	"Arthropoda"	"Insecta"	"Hymenoptera"	"Leucospidae"	""	""	"Leucospis"	"Leucospis sp"	"Leucospidae-Ooderidae"
"Bootanomyia_sp"	"Animalia"	"Arthropoda"	"Insecta"	"Hymenoptera"	"Megastigmidae"	""	""	"Bootanomyia"	"Bootanomyia sp"	"megastigmid_clade"
"Bortesia_sp"	"Animalia"	"Arthropoda"	"Insecta"	"Hymenoptera"	"Megastigmidae"	""	""	"Bortesia"	"Bortesia sp"	"megastigmid_clade"
"Megastigmus_duclouxiana"	"Animalia"	"Arthropoda"	"Insecta"	"Hymenoptera"	"Megastigmidae"	""	""	"Megastigmus"	"Megastigmus sp"	"megastigmid_clade"
"Megastigmus_transvaalensis"	"Animalia"	"Arthropoda"	"Insecta"	"Hymenoptera"	"Megastigmidae"	""	""	"Megastigmus"	"Megastigmus transvaalensis"	"megastigmid_clade"
"Megastigmus_aculeatus"	"Animalia"	"Arthropoda"	"Insecta"	"Hymenoptera"	"Megastigmidae"	""	""	"Megastigmus"	"Megastigmus sp"	"megastigmid_clade"
"Neomegastigmus_sp"	"Animalia"	"Arthropoda"	"Insecta"	"Hymenoptera"	"Megastigmidae"	""	""	"Neomegastigmus"	"Neomegastigmus sp"	"megastigmid_clade"
"Acmopolynema_sp"	"Animalia"	"Arthropoda"	"Insecta"	"Hymenoptera"	"Mymaridae"	""	""	"Acmopolynema"	"Acmopolynema sema"	"Mymaridae"
"Alaptus_sp"	"Animalia"	"Arthropoda"	"Insecta"	"Hymenoptera"	"Mymaridae"	""	""	"Alaptus"	"Alaptus sp"	"Mymaridae"
"Anagrus_atomus"	"Animalia"	"Arthropoda"	"Insecta"	"Hymenoptera"	"Mymaridae"	""	""	"Anagrus"	"Anagrus sp"	"Mymaridae"
"Arescon_sp"	"Animalia"	"Arthropoda"	"Insecta"	"Hymenoptera"	"Mymaridae"	""	""	"Arescon"	"Arescon dimidiatus"	"Mymaridae"
"Australomymar_sp"	"Animalia"	"Arthropoda"	"Insecta"	"Hymenoptera"	"Mymaridae"	""	""	"Australomymar"	"Australomymar sp"	"Mymaridae"
"Camptoptera_sp"	"Animalia"	"Arthropoda"	"Insecta"	"Hymenoptera"	"Mymaridae"	""	""	"Camptoptera"	"Camptoptera sp"	"Mymaridae"
"Cleruchus_sp"	"Animalia"	"Arthropoda"	"Insecta"	"Hymenoptera"	"Mymaridae"	""	""	"Cleruchus"	"Cleruchus sp"	"Mymaridae"
"Cosmocomoidea_morrilli"	"Animalia"	"Arthropoda"	"Insecta"	"Hymenoptera"	"Mymaridae"	""	""	"Cosmocomoidea"	"Cosmocomoidea sp"	"Mymaridae"
"Erythmelus_sp"	"Animalia"	"Arthropoda"	"Insecta"	"Hymenoptera"	"Mymaridae"	""	""	"Erythmelus"	"Erythmelus sp"	"Mymaridae"
"Mymar_sp"	"Animalia"	"Arthropoda"	"Insecta"	"Hymenoptera"	"Mymaridae"	""	""	"Mymar"	"Mymar sp"	"Mymaridae"
"Ooctonus_hemipterus"	"Animalia"	"Arthropoda"	"Insecta"	"Hymenoptera"	"Mymaridae"	""	""	"Ooctonus"	"Ooctonus sp"	"Mymaridae"
"Polynema_dunense"	"Animalia"	"Arthropoda"	"Insecta"	"Hymenoptera"	"Mymaridae"	""	""	"Polynema"	"Polynema sp"	"Mymaridae"
"Stethynium_sp"	"Animalia"	"Arthropoda"	"Insecta"	"Hymenoptera"	"Mymaridae"	""	""	"Stethynium"	"Stethynium sp"	"Mymaridae"
"Mymaromma_anomalum"	"Animalia"	"Arthropoda"	"Insecta"	"Hymenoptera"	"Mymarommatidae"	"Mymarommatinae"	"Mymarommatini"	"Mymaromma"	"Mymaromma anomalum"	"Mymarommatidae"
"Ormyrus_pomaceus"	"Animalia"	"Arthropoda"	"Insecta"	"Hymenoptera"	"Ormyridae"	""	""	"Ormyrus"	"Ormyrus sp"	"gall_clade"
"Ormyrus_nitidulus"	"Animalia"	"Arthropoda"	"Insecta"	"Hymenoptera"	"Ormyridae"	""	""	"Ormyrus"	"Ormyrus sp"	"gall_clade"
"Monacon_tricorne"	"Animalia"	"Arthropoda"	"Insecta"	"Hymenoptera"	"Perilampidae"	""	""	"Monacon"	"Monacon sp"	"planidial_clade"
"Perilampus_chrysopae"	"Animalia"	"Arthropoda"	"Insecta"	"Hymenoptera"	"Perilampidae"	""	""	"Perilampus"	"Perilampus sp"	"planidial_clade"
"Perilampus_hyalinus"	"Animalia"	"Arthropoda"	"Insecta"	"Hymenoptera"	"Perilampidae"	""	""	"Perilampus"	"Perilampus hyalinus"	"planidial_clade"
"Steffanolampus_salicetum"	"Animalia"	"Arthropoda"	"Insecta"	"Hymenoptera"	"Perilampidae"	""	""	"Steffanolampus"	"Steffanolampus salicetum"	"planidial_clade"
"Asaphes_vulgaris"	"Animalia"	"Arthropoda"	"Insecta"	"Hymenoptera"	"Asaphesinae_i_s"	""	""	"Asaphes"	"Asaphes vulgaris"	"Asaphesinae"
"Cerocephala_sp"	"Animalia"	"Arthropoda"	"Insecta"	"Hymenoptera"	"Cerocephalidae"	"Cerocephalinae"	""	"Cerocephala"	"Cerocephala sp"	"Cerocephalidae"
"Neocalosoter_pityophthori"	"Animalia"	"Arthropoda"	"Insecta"	"Hymenoptera"	"Cerocephalidae"	"Cerocephalinae"	""	"Neocalosoter"	"Neocalosoter sp"	"Cerocephalidae"
"Theocolax_elegans"	"Animalia"	"Arthropoda"	"Insecta"	"Hymenoptera"	"Cerocephalidae"	"Cerocephalinae"	""	"Theocolax"	"Theocolax elegans"	"Cerocephalidae"
"Chalcedectus_sp"	"Animalia"	"Arthropoda"	"Insecta"	"Hymenoptera"	"Chalcedectidae"	"Cleonyminae"	"Chalcedectini"	"Chalcedectus"	"Chalcedectus sp"	"Chalcedectidae"
"Cleonymus_obscurus"	"Animalia"	"Arthropoda"	"Insecta"	"Hymenoptera"	"Cleonymidae"	"Cleonyminae"	"Cleonymini"	"Cleonymus"	"Cleonymus sp"	"Cleonymidae"
"Heydenia_unica"	"Animalia"	"Arthropoda"	"Insecta"	"Hymenoptera"	"Heydeniidae"	"Cleonyminae"	"Heydeniini"	"Heydenia"	"Heydenia sp"	"eupelmid_clade"
"Epistenia_sp"	"Animalia"	"Arthropoda"	"Insecta"	"Hymenoptera"	"Lyciscidae"	NA	"Lyciscini"	"Epistenia"	"Epistenia sp"	"Lyciscidae"
"Solenura_ania"	"Animalia"	"Arthropoda"	"Insecta"	"Hymenoptera"	"Lyciscidae"	"Pteromalinae"	"Lyciscini"	"Solenura"	"Solenura sp"	"eupelmid_clade"
"Oodera_formosa"	"Animalia"	"Arthropoda"	"Insecta"	"Hymenoptera"	"Ooderidae"	"Cleonyminae"	"Ooderini"	"Oodera"	"Oodera sp"	"Leucospidae-Ooderidae"
"Ormyromorpha_trifasciata"	"Animalia"	"Arthropoda"	"Insecta"	"Hymenoptera"	"Coelocybidae"	"Coelocybinae"	""	"Ormyromorpha"	"Ormyromorpha sp"	"Coelocybidae"
"Colotrechnus_ignotus"	"Animalia"	"Arthropoda"	"Insecta"	"Hymenoptera"	"Pteromalidae"	"Colotrechninae"	"Colotrechnini"	"Colotrechnus"	"Colotrechnus ignotus"	"Pteromalidae"
"Zeala_walkerae"	"Animalia"	"Arthropoda"	"Insecta"	"Hymenoptera"	"Hetreulophidae"	"Colotrechninae"	"Hetreulophini"	"Zeala"	"Zeala walkerae"	"Hetreulophidae"
"Dipara_trilineata"	"Animalia"	"Arthropoda"	"Insecta"	"Hymenoptera"	"Diparidae"	"Diparinae"	"Diparini"	"Dipara"	"Dipara sp"	"Diparidae"
"Lelaps_sp"	"Animalia"	"Arthropoda"	"Insecta"	"Hymenoptera"	"Diparidae"	"Diparinae"	"Diparini"	"Lelaps"	"Lelaps sp"	"Diparidae"
"Josephiella_microcarpae"	"Animalia"	"Arthropoda"	"Insecta"	"Hymenoptera"	"Epichrysomallidae"	"Epichrysomallinae"	""	"Josephiella"	"Josephiella sp"	"gall_clade"
"Odontofroggatia_galili"	"Animalia"	"Arthropoda"	"Insecta"	"Hymenoptera"	"Epichrysomallidae"	"Epichrysomallinae"	""	"Odontofroggatia"	"Odontofroggatia sp"	"gall_clade"
"Scutellista_caerulea"	"Animalia"	"Arthropoda"	"Insecta"	"Hymenoptera"	"Eunotidae"	"Eunotinae"	"Eunotini"	"Scutellista"	"Scutellista caerulea"	"Eunotidae"
"Herbertia_sp"	"Animalia"	"Arthropoda"	"Insecta"	"Hymenoptera"	"Herbertiidae"	"Herbertiinae"	""	"Herbertia"	"Herbertia sp"	"Herbertiidae"
"Macromesus_amphiretus"	"Animalia"	"Arthropoda"	"Insecta"	"Hymenoptera"	"Macromesidae"	"Macromesinae"	""	"Macromesus"	"Macromesus sp"	"Macromesidae"
"Micradelus_acutus"	"Animalia"	"Arthropoda"	"Insecta"	"Hymenoptera"	"Micradelinae_i_s"	NA	"Micradelini"	"Micradelus"	"Micradelus sp"	"Micradellinae"
"Cyrtogaster_vulgaris"	"Animalia"	"Arthropoda"	"Insecta"	"Hymenoptera"	"Pteromalidae"	"Miscogastrinae"	"Sphegigastrini"	"Cyrtogaster"	"Cyrtogaster vulgaris"	"Pteromalidae"
"Halticoptera_circulus"	"Animalia"	"Arthropoda"	"Insecta"	"Hymenoptera"	"Pteromalidae"	"Miscogastrinae"	"Sphegigastrini"	"Halticoptera"	"Halticoptera sp"	"Pteromalidae"
"Aditrochus_coihuensis"	"Animalia"	"Arthropoda"	"Insecta"	"Hymenoptera"	"Melanosomellidae"	"Ormocerinae"	"Melanosomellini"	"Aditrochus"	"Aditrochus coihuensis"	"gall_clade"
"Ormocerus_latus"	"Animalia"	"Arthropoda"	"Insecta"	"Hymenoptera"	"Pteromalidae"	"Ormocerinae"	"Ormocerini"	"Ormocerus"	"Ormocerus sp"	"Pteromalidae"
"Systasis_sp"	"Animalia"	"Arthropoda"	"Insecta"	"Hymenoptera"	"Systasidae"	NA	"Systasini"	"Systasis"	"Systasis sp"	"Systasidae"
"Otitesella_minima"	"Animalia"	"Arthropoda"	"Insecta"	"Hymenoptera"	"Pteromalidae"	NA	NA	"Otitesella"	"Otitesella sp"	"Pteromalidae"
"Walkerella_microcarpae"	"Animalia"	"Arthropoda"	"Insecta"	"Hymenoptera"	"Pteromalidae"	NA	NA	"Walkerella"	"Walkerella sp"	"Pteromalidae"
"Gastrancistrus_sp"	"Animalia"	"Arthropoda"	"Insecta"	"Hymenoptera"	"Pirenidae"	NA	""	"Gastrancistrus"	"Gastrancistrus sp"	"Pirenidae"
"Macroglenes_penetrans"	"Animalia"	"Arthropoda"	"Insecta"	"Hymenoptera"	"Pirenidae"	NA	""	"Macroglenes"	"Macroglenes sp"	"Pirenidae"
"Sirovena_sp"	"Animalia"	"Arthropoda"	"Insecta"	"Hymenoptera"	"Pirenidae"	NA	""	"Sirovena"	"Sirovena stigma"	"Pirenidae"
"Pachyneuron_formosum"	"Animalia"	"Arthropoda"	"Insecta"	"Hymenoptera"	"Pteromalidae"	NA	"Pachyneurini"	"Pachyneuron"	"Pachyneuron sp"	"Pteromalidae"
"Coruna_clavata"	"Animalia"	"Arthropoda"	"Insecta"	"Hymenoptera"	"Pteromalidae"	NA	"Pteromalini"	"Coruna"	"Coruna sp"	"Pteromalidae"
"Dibrachys_sp"	"Animalia"	"Arthropoda"	"Insecta"	"Hymenoptera"	"Pteromalidae"	"Pteromalinae"	"Pteromalini"	"Dibrachys"	"Dibrachys sp"	"Pteromalidae"
"Habritys_brevicornis"	"Animalia"	"Arthropoda"	"Insecta"	"Hymenoptera"	"Pteromalidae"	"Pteromalinae"	"Pteromalini"	"Habritys"	"Habritys sp"	"Pteromalidae"
"Homoporus_pyrsius"	"Animalia"	"Arthropoda"	"Insecta"	"Hymenoptera"	"Pteromalidae"	"Pteromalinae"	"Pteromalini"	"Homoporus"	"Homoporus sp"	"Pteromalidae"
"Nasonia_vitripennis"	"Animalia"	"Arthropoda"	"Insecta"	"Hymenoptera"	"Pteromalidae"	"Pteromalinae"	"Pteromalini"	"Nasonia"	"Nasonia vitripennis"	"Pteromalidae"
"Pachycrepoideus_vindemmiae"	"Animalia"	"Arthropoda"	"Insecta"	"Hymenoptera"	"Pteromalidae"	NA	"Pteromalini"	"Pachycrepoideus"	"Pachycrepoideus sp"	"Pteromalidae"
"Pteromalus_puparum"	"Animalia"	"Arthropoda"	"Insecta"	"Hymenoptera"	"Pteromalidae"	"Pteromalinae"	"Pteromalini"	"Pteromalus"	"Pteromalus puparum"	"Pteromalidae"
"Trichomalopsis_sarcophagae"	"Animalia"	"Arthropoda"	"Insecta"	"Hymenoptera"	"Pteromalidae"	"Pteromalinae"	"Pteromalini"	"Trichomalopsis"	"Trichomalopsis sp"	"Pteromalidae"
"Spalangia_sp"	"Animalia"	"Arthropoda"	"Insecta"	"Hymenoptera"	"Spalangiidae"	NA	""	"Spalangia"	"Spalangia sp"	"planidial_clade"
"Diaziella_yangi"	"Animalia"	"Arthropoda"	"Insecta"	"Hymenoptera"	"Pteromalidae"	NA	NA	"Diaziella"	"Diaziella sp"	"Pteromalidae"
"Philocaenus_bouceki"	"Animalia"	"Arthropoda"	"Insecta"	"Hymenoptera"	"Pteromalidae"	NA	NA	"Philocaenus"	"Philocaenus sp"	"Pteromalidae"
"Philotrypesis_sp"	"Animalia"	"Arthropoda"	"Insecta"	"Hymenoptera"	"Pteromalidae"	NA	NA	"Philotrypesis"	"Philotrypesis sp"	"Pteromalidae"
"Sycoscapter_sp"	"Animalia"	"Arthropoda"	"Insecta"	"Hymenoptera"	"Pteromalidae"	NA	NA	"Sycoscapter"	"Sycoscapter sp"	"Pteromalidae"
"Chartocerus_sp"	"Animalia"	"Arthropoda"	"Insecta"	"Hymenoptera"	"Signiphoridae"	""	""	"Chartocerus"	"Chartocerus sp"	"Azotidae-Signiphoridae"
"Signiphora_flavella"	"Animalia"	"Arthropoda"	"Insecta"	"Hymenoptera"	"Signiphoridae"	""	""	"Signiphora"	"Signiphora sp"	"Azotidae-Signiphoridae"
"Tanaostigma_sp"	"Animalia"	"Arthropoda"	"Insecta"	"Hymenoptera"	"Tanaostigmatidae"	""	""	"Tanaostigma"	"Tanaostigma sp"	"gall_clade"
"Tanaostigmodes_howardii"	"Animalia"	"Arthropoda"	"Insecta"	"Hymenoptera"	"Tanaostigmatidae"	""	""	"Tanaostigmodes"	"Tanaostigmodes sp"	"gall_clade"
"Mongolocampe_bouceki"	"Animalia"	"Arthropoda"	"Insecta"	"Hymenoptera"	"Tetracampidae"	"Mongolocampinae"	""	"Mongolocampe"	"Mongolocampe sp"	"Tetracampidae"
"Foersterella_reptans"	"Animalia"	"Arthropoda"	"Insecta"	"Hymenoptera"	"Tetracampidae"	"Tetracampinae"	""	"Foersterella"	"Foersterella sp"	"Tetracampidae"
"Tetracampe_sp"	"Animalia"	"Arthropoda"	"Insecta"	"Hymenoptera"	"Tetracampidae"	"Tetracampinae"	""	"Tetracampe"	"Tetracampe sp"	"Tetracampidae"
"Thaumatorymus_notanisoides"	"Animalia"	"Arthropoda"	"Insecta"	"Hymenoptera"	"Torymidae"	"Chalcimerinae"	""	"Thaumatorymus"	"Thaumatorymus sp"	"Torymidae"
"Glyphomerus_stigma"	"Animalia"	"Arthropoda"	"Insecta"	"Hymenoptera"	"Torymidae"	"Glyphomerinae"	""	"Glyphomerus"	"Glyphomerus stigma"	"Torymidae"
"Adontomerus_impolitus"	"Animalia"	"Arthropoda"	"Insecta"	"Hymenoptera"	"Torymidae"	"Microdontomerinae"	""	"Adontomerus"	"Adontomerus sp"	"Torymidae"
"Echthrodape_sp"	"Animalia"	"Arthropoda"	"Insecta"	"Hymenoptera"	"Torymidae"	"Microdontomerinae"	""	"Echthrodape"	"Echthrodape sp"	"Torymidae"
"Eridontomerus_isosomatis"	"Animalia"	"Arthropoda"	"Insecta"	"Hymenoptera"	"Torymidae"	"Microdontomerinae"	""	"Eridontomerus"	"Eridontomerus sp"	"Torymidae"
"Idarnotorymus_pulcher"	"Animalia"	"Arthropoda"	"Insecta"	"Hymenoptera"	"Torymidae"	"Microdontomerinae"	""	"Idarnotorymus"	"Idarnotorymus pulcher"	"Torymidae"
"Microdontomerus_sp"	"Animalia"	"Arthropoda"	"Insecta"	"Hymenoptera"	"Torymidae"	"Microdontomerinae"	""	"Microdontomerus"	"Microdontomerus sp"	"Torymidae"
"Anneckeida_sp"	"Animalia"	"Arthropoda"	"Insecta"	"Hymenoptera"	"Torymidae"	"Monodontomerinae"	""	"Anneckeida"	"Anneckeida sp"	"Torymidae"
"Monodontomerus_sp"	"Animalia"	"Arthropoda"	"Insecta"	"Hymenoptera"	"Torymidae"	"Monodontomerinae"	""	"Monodontomerus"	"Monodontomerus sp"	"Torymidae"
"Zdenekius_smithi"	"Animalia"	"Arthropoda"	"Insecta"	"Hymenoptera"	"Torymidae"	"Monodontomerinae"	""	"Zdenekius"	"Zdenekius sp"	"Torymidae"
"Propalachia_sp"	"Animalia"	"Arthropoda"	"Insecta"	"Hymenoptera"	"Torymidae"	"Podagrioninae"	"Palachiini"	"Propalachia"	"Propalachia sp"	"Torymidae"
"Palmon_sp"	"Animalia"	"Arthropoda"	"Insecta"	"Hymenoptera"	"Torymidae"	"Podagrioninae"	"Podagrionini"	"Palmon"	"Palmon sp"	"Torymidae"
"Podagrion_sp"	"Animalia"	"Arthropoda"	"Insecta"	"Hymenoptera"	"Torymidae"	"Podagrioninae"	"Podagrionini"	"Podagrion"	"Podagrion pachymerum"	"Torymidae"
"Physothorax_bidentulus"	"Animalia"	"Arthropoda"	"Insecta"	"Hymenoptera"	"Torymidae"	"Toryminae"	"Torymini"	"Physothorax"	"Physothorax sp"	"Torymidae"
"Torymus_bedeguaris"	"Animalia"	"Arthropoda"	"Insecta"	"Hymenoptera"	"Torymidae"	"Toryminae"	"Torymini"	"Torymus"	"Torymus bedeguaris"	"Torymidae"
"Platykula_albihirta"	"Animalia"	"Arthropoda"	"Insecta"	"Hymenoptera"	"Torymidae"	"Toryminae"	"Torymoidini"	"Platykula"	"Platykula sp"	"Torymidae"
"Torymoides_sulcius"	"Animalia"	"Arthropoda"	"Insecta"	"Hymenoptera"	"Torymidae"	"Toryminae"	"Torymoidini"	"Torymoides"	"Torymoides sp"	"Torymidae"
"Megaphragma_amalphitanum"	"Animalia"	"Arthropoda"	"Insecta"	"Hymenoptera"	"Trichogrammatidae"	"Oligositinae"	"Oligositini"	"Megaphragma"	"Megaphragma amalphitanum"	"Trichogrammatidae"
"Oligosita_sp"	"Animalia"	"Arthropoda"	"Insecta"	"Hymenoptera"	"Trichogrammatidae"	"Oligositinae"	"Oligositini"	"Oligosita"	"Oligosita sp"	"Trichogrammatidae"
"Pseudoligosita_yasumatsui"	"Animalia"	"Arthropoda"	"Insecta"	"Hymenoptera"	"Trichogrammatidae"	"Oligositinae"	"Oligositini"	"Pseudoligosita"	"Pseudoligosita sp"	"Trichogrammatidae"
"Paracentrobia_sp"	"Animalia"	"Arthropoda"	"Insecta"	"Hymenoptera"	"Trichogrammatidae"	"Oligositinae"	"Paracentrobiini"	"Paracentrobia"	"Paracentrobia sp"	"Trichogrammatidae"
"Trichogramma_evanescens"	"Animalia"	"Arthropoda"	"Insecta"	"Hymenoptera"	"Trichogrammatidae"	"Trichogrammatinae"	"Trichogrammatini"	"Trichogramma"	"Trichogramma sp"	"Trichogrammatidae"
"Trichogramma_pretiosum"	"Animalia"	"Arthropoda"	"Insecta"	"Hymenoptera"	"Trichogrammatidae"	"Trichogrammatinae"	"Trichogrammatini"	"Trichogramma"	"Trichogramma pretiosum"	"Trichogrammatidae"
"Alfonsiella_longiscapa"	"Animalia"	"Arthropoda"	"Insecta"	"Hymenoptera"	"Agaonidae"	"Agaoninae"	""	"Alfonsiella"	"Alfonsiella longiscapa"	"Agaonidae"
"Alfonsiella_michaloudi"	"Animalia"	"Arthropoda"	"Insecta"	"Hymenoptera"	"Agaonidae"	"Agaoninae"	""	"Alfonsiella"	"Alfonsiella michaloudi"	"Agaonidae"
"Alfonsiella_pipithiensis"	"Animalia"	"Arthropoda"	"Insecta"	"Hymenoptera"	"Agaonidae"	"Agaoninae"	""	"Alfonsiella"	"Alfonsiella pipithiensis"	"Agaonidae"
"Deilagaon_chrysolepidis"	"Animalia"	"Arthropoda"	"Insecta"	"Hymenoptera"	"Agaonidae"	"Agaoninae"	""	"Deilagaon"	"Deilagaon chrysolepidis"	"Agaonidae"
"Eupristina_koningsbergeri"	"Animalia"	"Arthropoda"	"Insecta"	"Hymenoptera"	"Agaonidae"	"Agaoninae"	""	"Eupristina"	"Eupristina koningsbergeri"	"Agaonidae"
"Eupristina_verticillata"	"Animalia"	"Arthropoda"	"Insecta"	"Hymenoptera"	"Agaonidae"	"Agaoninae"	""	"Eupristina"	"Eupristina verticillata"	"Agaonidae"
"Nigeriella_excavata"	"Animalia"	"Arthropoda"	"Insecta"	"Hymenoptera"	"Agaonidae"	"Agaoninae"	""	"Nigeriella"	"Nigeriella excavata"	"Agaonidae"
"Pegoscapus_aguilari"	"Animalia"	"Arthropoda"	"Insecta"	"Hymenoptera"	"Agaonidae"	"Agaoninae"	""	"Pegoscapus"	"Pegoscapus aguilari"	"Agaonidae"
"Pegoscapus_herrei"	"Animalia"	"Arthropoda"	"Insecta"	"Hymenoptera"	"Agaonidae"	"Agaoninae"	""	"Pegoscapus"	"Pegoscapus herrei"	"Agaonidae"
"Pegoscapus_tonduzi"	"Animalia"	"Arthropoda"	"Insecta"	"Hymenoptera"	"Agaonidae"	"Agaoninae"	""	"Pegoscapus"	"Pegoscapus tonduzi"	"Agaonidae"
"Platyscapa_bergi"	"Animalia"	"Arthropoda"	"Insecta"	"Hymenoptera"	"Agaonidae"	"Agaoninae"	""	"Platyscapa"	"Platyscapa bergi"	"Agaonidae"
"Platyscapa_corneri"	"Animalia"	"Arthropoda"	"Insecta"	"Hymenoptera"	"Agaonidae"	"Agaoninae"	""	"Platyscapa"	"Platyscapa corneri"	"Agaonidae"
"Platyscapa_coronata"	"Animalia"	"Arthropoda"	"Insecta"	"Hymenoptera"	"Agaonidae"	"Agaoninae"	""	"Platyscapa"	"Platyscapa coronata"	"Agaonidae"
"Platyscapa_fischeri"	"Animalia"	"Arthropoda"	"Insecta"	"Hymenoptera"	"Agaonidae"	"Agaoninae"	""	"Platyscapa"	"Platyscapa fischeri"	"Agaonidae"
"Platyscapa_quadraticeps"	"Animalia"	"Arthropoda"	"Insecta"	"Hymenoptera"	"Agaonidae"	"Agaoninae"	""	"Platyscapa"	"Platyscapa quadraticeps"	"Agaonidae"
"Platyscapa_soraria"	"Animalia"	"Arthropoda"	"Insecta"	"Hymenoptera"	"Agaonidae"	"Agaoninae"	""	"Platyscapa"	"Platyscapa soraria"	"Agaonidae"
"Dolichoris_subtrinervianae"	"Animalia"	"Arthropoda"	"Insecta"	"Hymenoptera"	"Agaonidae"	"Blastophaginae"	""	"Dolichoris"	"Dolichoris subtrinervianae"	"Agaonidae"
"Dolichoris_vasculosae"	"Animalia"	"Arthropoda"	"Insecta"	"Hymenoptera"	"Agaonidae"	"Blastophaginae"	""	"Dolichoris"	"Dolichoris vasculosae"	"Agaonidae"
"Valisia_esquirolianae"	"Animalia"	"Arthropoda"	"Insecta"	"Hymenoptera"	"Agaonidae"	"Blastophaginae"	""	"Valisia"	"Valisia esquirolianae"	"Agaonidae"
"Valisia_compacta"	"Animalia"	"Arthropoda"	"Insecta"	"Hymenoptera"	"Agaonidae"	"Blastophaginae"	""	"Valisia"	"Valisia compacta"	"Agaonidae"
"Valisia_malayana"	"Animalia"	"Arthropoda"	"Insecta"	"Hymenoptera"	"Agaonidae"	"Blastophaginae"	""	"Valisia"	"Valisia malayana"	"Agaonidae"
"Wiebesia_boldinghi"	"Animalia"	"Arthropoda"	"Insecta"	"Hymenoptera"	"Agaonidae"	"Blastophaginae"	""	"Wiebesia"	"Wiebesia boldinghi"	"Agaonidae"
"Wiebesia_brusi"	"Animalia"	"Arthropoda"	"Insecta"	"Hymenoptera"	"Agaonidae"	"Blastophaginae"	""	"Wiebesia"	"Wiebesia brusi"	"Agaonidae"
"Wiebesia_contubernalis"	"Animalia"	"Arthropoda"	"Insecta"	"Hymenoptera"	"Agaonidae"	"Blastophaginae"	""	"Wiebesia"	"Wiebesia contubernalis"	"Agaonidae"
"Wiebesia_flava"	"Animalia"	"Arthropoda"	"Insecta"	"Hymenoptera"	"Agaonidae"	"Blastophaginae"	""	"Wiebesia"	"Wiebesia flava"	"Agaonidae"
"Wiebesia_frustrata"	"Animalia"	"Arthropoda"	"Insecta"	"Hymenoptera"	"Agaonidae"	"Blastophaginae"	""	"Wiebesia"	"Wiebesia frustrata"	"Agaonidae"
"Wiebesia_punctatae"	"Animalia"	"Arthropoda"	"Insecta"	"Hymenoptera"	"Agaonidae"	"Blastophaginae"	""	"Wiebesia"	"Wiebesia punctatae"	"Agaonidae"
"Kradibia_commuta"	"Animalia"	"Arthropoda"	"Insecta"	"Hymenoptera"	"Agaonidae"	"Kradibiinae"	""	"Kradibia"	"Kradibia commuta"	"Agaonidae"
"Kradibia_copiosae"	"Animalia"	"Arthropoda"	"Insecta"	"Hymenoptera"	"Agaonidae"	"Kradibiinae"	""	"Kradibia"	"Kradibia copiosae"	"Agaonidae"
"Kradibia_gestroi"	"Animalia"	"Arthropoda"	"Insecta"	"Hymenoptera"	"Agaonidae"	"Kradibiinae"	""	"Kradibia"	"Kradibia gestroi"	"Agaonidae"
"Kradibia_giacominii"	"Animalia"	"Arthropoda"	"Insecta"	"Hymenoptera"	"Agaonidae"	"Kradibiinae"	""	"Kradibia"	"Kradibia giacominii"	"Agaonidae"
"Kradibia_jacobsi"	"Animalia"	"Arthropoda"	"Insecta"	"Hymenoptera"	"Agaonidae"	"Kradibiinae"	""	"Kradibia"	"Kradibia jacobsi"	"Agaonidae"
"Kradibia_ohuensis"	"Animalia"	"Arthropoda"	"Insecta"	"Hymenoptera"	"Agaonidae"	"Kradibiinae"	""	"Kradibia"	"Kradibia ohuensis"	"Agaonidae"
"Kradibia_salembensis"	"Animalia"	"Arthropoda"	"Insecta"	"Hymenoptera"	"Agaonidae"	"Kradibiinae"	""	"Kradibia"	"Kradibia salembensis"	"Agaonidae"
"Kradibia_wassae"	"Animalia"	"Arthropoda"	"Insecta"	"Hymenoptera"	"Agaonidae"	"Kradibiinae"	""	"Kradibia"	"Kradibia wassae"	"Agaonidae"
"Wallaceaphytis_kikiae"	"Animalia"	"Arthropoda"	"Insecta"	"Hymenoptera"	"Aphelinidae"	"Aphelininae"	"Aphytini"	"Wallaceaphytis"	"Wallaceaphytis kikiae"	"Aphelinidae"
"Ageniaspis_citricola"	"Animalia"	"Arthropoda"	"Insecta"	"Hymenoptera"	"Encyrtidae"	"Encyrtinae"	""	"Ageniaspis"	"Ageniaspis citricola"	"Encyrtidae"
"Anicetus_aligarhensis"	"Animalia"	"Arthropoda"	"Insecta"	"Hymenoptera"	"Encyrtidae"	"Encyrtinae"	""	"Anicetus"	"Anicetus aligarhensis"	"Encyrtidae"
"Anicetus_beneficus"	"Animalia"	"Arthropoda"	"Insecta"	"Hymenoptera"	"Encyrtidae"	"Encyrtinae"	""	"Anicetus"	"Anicetus beneficus"	"Encyrtidae"
"Anicetus_ceroplastis"	"Animalia"	"Arthropoda"	"Insecta"	"Hymenoptera"	"Encyrtidae"	"Encyrtinae"	""	"Anicetus"	"Anicetus ceroplastis"	"Encyrtidae"
"Anicetus_dodonia"	"Animalia"	"Arthropoda"	"Insecta"	"Hymenoptera"	"Encyrtidae"	"Encyrtinae"	""	"Anicetus"	"Anicetus dodonia"	"Encyrtidae"
"Anicetus_ohgushii"	"Animalia"	"Arthropoda"	"Insecta"	"Hymenoptera"	"Encyrtidae"	"Encyrtinae"	""	"Anicetus"	"Anicetus ohgushii"	"Encyrtidae"
"Anicetus_rubensi"	"Animalia"	"Arthropoda"	"Insecta"	"Hymenoptera"	"Encyrtidae"	"Encyrtinae"	""	"Anicetus"	"Anicetus rubensi"	"Encyrtidae"
"Avetianella_longoi"	"Animalia"	"Arthropoda"	"Insecta"	"Hymenoptera"	"Encyrtidae"	"Encyrtinae"	""	"Avetianella"	"Avetianella longoi"	"Encyrtidae"
"Comperiella_bifasciata"	"Animalia"	"Arthropoda"	"Insecta"	"Hymenoptera"	"Encyrtidae"	"Encyrtinae"	""	"Comperiella"	"Comperiella bifasciata"	"Encyrtidae"
"Copidosomopsis_meridionalis"	"Animalia"	"Arthropoda"	"Insecta"	"Hymenoptera"	"Encyrtidae"	"Encyrtinae"	""	"Copidosomopsis"	"Copidosomopsis meridionalis"	"Encyrtidae"
"Copidosomopsis_nacoleiae"	"Animalia"	"Arthropoda"	"Insecta"	"Hymenoptera"	"Encyrtidae"	"Encyrtinae"	""	"Copidosomopsis"	"Copidosomopsis nacoleiae"	"Encyrtidae"
"Diaphorencyrtus_aligarhensis"	"Animalia"	"Arthropoda"	"Insecta"	"Hymenoptera"	"Encyrtidae"	"Encyrtinae"	""	"Diaphorencyrtus"	"Diaphorencyrtus aligarhensis"	"Encyrtidae"
"Neastymachus_axillaris"	"Animalia"	"Arthropoda"	"Insecta"	"Hymenoptera"	"Encyrtidae"	"Encyrtinae"	""	"Neastymachus"	"Neastymachus axillaris"	"Encyrtidae"
"Syrphophagus_aphidivorus"	"Animalia"	"Arthropoda"	"Insecta"	"Hymenoptera"	"Encyrtidae"	"Encyrtinae"	""	"Syrphophagus"	"Syrphophagus aphidivorus"	"Encyrtidae"
"Aenasius_advena"	"Animalia"	"Arthropoda"	"Insecta"	"Hymenoptera"	"Encyrtidae"	"Tetracneminae"	""	"Aenasius"	"Aenasius advena"	"Encyrtidae"
"Blepyrus_insularis"	"Animalia"	"Arthropoda"	"Insecta"	"Hymenoptera"	"Encyrtidae"	"Tetracneminae"	""	"Blepyrus"	"Blepyrus insularis"	"Encyrtidae"
"Praleurocerus_viridis"	"Animalia"	"Arthropoda"	"Insecta"	"Hymenoptera"	"Encyrtidae"	"Tetracneminae"	""	"Praleurocerus"	"Praleurocerus viridis"	"Encyrtidae"
"Pseudleptomastix_mexicana"	"Animalia"	"Arthropoda"	"Insecta"	"Hymenoptera"	"Encyrtidae"	"Tetracneminae"	""	"Pseudleptomastix"	"Pseudleptomastix mexicana"	"Encyrtidae"
"Asecodes_lucens"	"Animalia"	"Arthropoda"	"Insecta"	"Hymenoptera"	"Eulophidae"	"Entedoninae"	""	"Asecodes"	"Asecodes lucens"	"Eulophidae"
"Asecodes_parviclava"	"Animalia"	"Arthropoda"	"Insecta"	"Hymenoptera"	"Eulophidae"	"Entedoninae"	""	"Asecodes"	"Asecodes parviclava"	"Eulophidae"
"Ceranisus_menes"	"Animalia"	"Arthropoda"	"Insecta"	"Hymenoptera"	"Eulophidae"	"Entedoninae"	""	"Ceranisus"	"Ceranisus menes"	"Eulophidae"
"Emersonella_lemae"	"Animalia"	"Arthropoda"	"Insecta"	"Hymenoptera"	"Eulophidae"	"Entedoninae"	""	"Emersonella"	"Emersonella lemae"	"Eulophidae"
"Horismenus_petiolatus"	"Animalia"	"Arthropoda"	"Insecta"	"Hymenoptera"	"Eulophidae"	"Entedoninae"	""	"Horismenus"	"Horismenus petiolatus"	"Eulophidae"
"Omphale_radialis"	"Animalia"	"Arthropoda"	"Insecta"	"Hymenoptera"	"Eulophidae"	"Entedoninae"	""	"Omphale"	"Omphale radialis"	"Eulophidae"
"Pediobius_saulius"	"Animalia"	"Arthropoda"	"Insecta"	"Hymenoptera"	"Eulophidae"	"Entedoninae"	""	"Pediobius"	"Pediobius saulius"	"Eulophidae"
"Pediobomyia_canaliculata"	"Animalia"	"Arthropoda"	"Insecta"	"Hymenoptera"	"Eulophidae"	"Entedoninae"	""	"Pediobomyia"	"Pediobomyia canaliculata"	"Eulophidae"
"Rhynchentedon_maximus"	"Animalia"	"Arthropoda"	"Insecta"	"Hymenoptera"	"Eulophidae"	"Entedoninae"	""	"Rhynchentedon"	"Rhynchentedon maximus"	"Eulophidae"
"Burkseus_vittatus"	"Animalia"	"Arthropoda"	"Insecta"	"Hymenoptera"	"Eulophidae"	"Eulophinae"	""	"Burkseus"	"Burkseus vittatus"	"Eulophidae"
"Hyssopus_pallidus"	"Animalia"	"Arthropoda"	"Insecta"	"Hymenoptera"	"Eulophidae"	"Eulophinae"	""	"Hyssopus"	"Hyssopus pallidus"	"Eulophidae"
"Anaprostocetus_acuminatus"	"Animalia"	"Arthropoda"	"Insecta"	"Hymenoptera"	"Eulophidae"	"Tetrastichinae"	""	"Anaprostocetus"	"Anaprostocetus acuminatus"	"Eulophidae"
"Baryscapus_coerulescens"	"Animalia"	"Arthropoda"	"Insecta"	"Hymenoptera"	"Eulophidae"	"Tetrastichinae"	""	"Baryscapus"	"Baryscapus coerulescens"	"Eulophidae"
"Baryscapus_silvestrii"	"Animalia"	"Arthropoda"	"Insecta"	"Hymenoptera"	"Eulophidae"	"Tetrastichinae"	""	"Baryscapus"	"Baryscapus silvestrii"	"Eulophidae"
"Galeopsomyia_nigrocyanea"	"Animalia"	"Arthropoda"	"Insecta"	"Hymenoptera"	"Eulophidae"	"Tetrastichinae"	""	"Galeopsomyia"	"Galeopsomyia nigrocyanea"	"Eulophidae"
"Hadrotrichodes_waukheon"	"Animalia"	"Arthropoda"	"Insecta"	"Hymenoptera"	"Eulophidae"	"Tetrastichinae"	""	"Hadrotrichodes"	"Hadrotrichodes waukheon"	"Eulophidae"
"Leptocybe_invasa"	"Animalia"	"Arthropoda"	"Insecta"	"Hymenoptera"	"Eulophidae"	"Tetrastichinae"	""	"Leptocybe"	"Leptocybe invasa"	"Eulophidae"
"Tetrastichus_schoenobii"	"Animalia"	"Arthropoda"	"Insecta"	"Hymenoptera"	"Eulophidae"	"Tetrastichinae"	""	"Tetrastichus"	"Tetrastichus schoenobii"	"Eulophidae"
"Bruchophagus_caucasicus"	"Animalia"	"Arthropoda"	"Insecta"	"Hymenoptera"	"Eurytomidae"	"Eurytominae"	""	"Bruchophagus"	"Bruchophagus caucasicus"	"Eurytomidae"
"Bruchophagus_gibbus"	"Animalia"	"Arthropoda"	"Insecta"	"Hymenoptera"	"Eurytomidae"	"Eurytominae"	""	"Bruchophagus"	"Bruchophagus gibbus"	"Eurytomidae"
"Anaphes_listronoti"	"Animalia"	"Arthropoda"	"Insecta"	"Hymenoptera"	"Mymaridae"	""	""	"Anaphes"	"Anaphes listronoti"	"Mymaridae"
"Mymaromella_mira"	"Animalia"	"Arthropoda"	"Insecta"	"Hymenoptera"	"Mymarommatidae"	""	""	"Mymaromella"	"Mymaromella mira"	"Mymarommatidae"
"Apocrypta_bakeri"	"Animalia"	"Arthropoda"	"Insecta"	"Hymenoptera"	"Pteromalidae"	"Pteromalinae"	"Ottisellini"	"Apocrypta"	"Apocrypta bakeri"	"Pteromalidae"
"Crossogaster_inusitata"	"Animalia"	"Arthropoda"	"Insecta"	"Hymenoptera"	"Pteromalidae"	"Pteromalinae"	"Ottisellini"	"Crossogaster"	"Crossogaster inusitata"	"Pteromalidae"
"Crossogaster_odorans"	"Animalia"	"Arthropoda"	"Insecta"	"Hymenoptera"	"Pteromalidae"	"Pteromalinae"	"Ottisellini"	"Crossogaster"	"Crossogaster odorans"	"Pteromalidae"
"Crossogaster_quadrata"	"Animalia"	"Arthropoda"	"Insecta"	"Hymenoptera"	"Pteromalidae"	"Pteromalinae"	"Ottisellini"	"Crossogaster"	"Crossogaster quadrata"	"Pteromalidae"
"Crossogaster_stigma"	"Animalia"	"Arthropoda"	"Insecta"	"Hymenoptera"	"Pteromalidae"	"Pteromalinae"	"Ottisellini"	"Crossogaster"	"Crossogaster stigma"	"Pteromalidae"
"Micranisa_degastris"	"Animalia"	"Arthropoda"	"Insecta"	"Hymenoptera"	"Pteromalidae"	"Pteromalinae"	"Ottisellini"	"Micranisa"	"Micranisa degastris"	"Pteromalidae"
"Seres_armipes"	"Animalia"	"Arthropoda"	"Insecta"	"Hymenoptera"	"Pteromalidae"	"Pteromalinae"	"Ottisellini"	"Seres"	"Seres armipes"	"Pteromalidae"
"Seres_solweziensis"	"Animalia"	"Arthropoda"	"Insecta"	"Hymenoptera"	"Pteromalidae"	"Pteromalinae"	"Ottisellini"	"Seres"	"Seres solweziensis"	"Pteromalidae"
"Seres_wardi"	"Animalia"	"Arthropoda"	"Insecta"	"Hymenoptera"	"Pteromalidae"	"Pteromalinae"	"Ottisellini"	"Seres"	"Seres wardi"	"Pteromalidae"
"Acaenacis_lausus"	"Animalia"	"Arthropoda"	"Insecta"	"Hymenoptera"	"Pteromalidae"	"Pteromalinae"	"Pteromalini"	"Acaenacis"	"Acaenacis lausus"	"Pteromalidae"
"Anisopteromalus_calandrae"	"Animalia"	"Arthropoda"	"Insecta"	"Hymenoptera"	"Pteromalidae"	"Pteromalinae"	"Pteromalini"	"Anisopteromalus"	"Anisopteromalus calandrae"	"Pteromalidae"
"Cecidostiba_fungosa"	"Animalia"	"Arthropoda"	"Insecta"	"Hymenoptera"	"Pteromalidae"	"Pteromalinae"	"Pteromalini"	"Cecidostiba"	"Cecidostiba fungosa"	"Pteromalidae"
"Halticopteroides_exemae"	"Animalia"	"Arthropoda"	"Insecta"	"Hymenoptera"	"Pteromalidae"	"Pteromalinae"	"Pteromalini"	"Halticopteroides"	"Halticopteroides exemae"	"Pteromalidae"
"Hypopteromalus_percussor"	"Animalia"	"Arthropoda"	"Insecta"	"Hymenoptera"	"Pteromalidae"	"Pteromalinae"	"Pteromalini"	"Hypopteromalus"	"Hypopteromalus percussor"	"Pteromalidae"
"Mesopolobus_tortricidis"	"Animalia"	"Arthropoda"	"Insecta"	"Hymenoptera"	"Pteromalidae"	"Pteromalinae"	"Pteromalini"	"Mesopolobus"	"Mesopolobus tortricidis"	"Pteromalidae"
"Mesopolobus_tortricis"	"Animalia"	"Arthropoda"	"Insecta"	"Hymenoptera"	"Pteromalidae"	"Pteromalinae"	"Pteromalini"	"Mesopolobus"	"Mesopolobus tortricis"	"Pteromalidae"
"Mesopolobus_verditer"	"Animalia"	"Arthropoda"	"Insecta"	"Hymenoptera"	"Pteromalidae"	"Pteromalinae"	"Pteromalini"	"Mesopolobus"	"Mesopolobus verditer"	"Pteromalidae"
"Apocryptophagus_agraensis"	"Animalia"	"Arthropoda"	"Insecta"	"Hymenoptera"	"Pteromalidae"	"Sycophaginae"	""	"Apocryptophagus"	"Apocryptophagus agraensis"	"Pteromalidae"
"Apocryptophagus_gigas"	"Animalia"	"Arthropoda"	"Insecta"	"Hymenoptera"	"Pteromalidae"	"Sycophaginae"	""	"Apocryptophagus"	"Apocryptophagus gigas"	"Pteromalidae"
"Apocryptophagus_testaceus"	"Animalia"	"Arthropoda"	"Insecta"	"Hymenoptera"	"Pteromalidae"	"Sycophaginae"	""	"Apocryptophagus"	"Apocryptophagus testaceus"	"Pteromalidae"
"Uscana_espinae"	"Animalia"	"Arthropoda"	"Insecta"	"Hymenoptera"	"Trichogrammatidae"	"Oligositinae"	"Chaeostrichini"	"Uscana"	"Uscana espinae"	"Trichogrammatidae"
"Trichogrammatoidea_armigera"	"Animalia"	"Arthropoda"	"Insecta"	"Hymenoptera"	"Trichogrammatidae"	"Trichogammatinae"	"Trichogammatini"	"Trichogrammatoidea"	"Trichogrammatoidea armigera"	"Trichogrammatidae"
"Trichogrammatoidea_bactrae"	"Animalia"	"Arthropoda"	"Insecta"	"Hymenoptera"	"Trichogrammatidae"	"Trichogammatinae"	"Trichogammatini"	"Trichogrammatoidea"	"Trichogrammatoidea bactrae"	"Trichogrammatidae"
"Trichogrammatoidea_robusta"	"Animalia"	"Arthropoda"	"Insecta"	"Hymenoptera"	"Trichogrammatidae"	"Trichogammatinae"	"Trichogammatini"	"Trichogrammatoidea"	"Trichogrammatoidea robusta"	"Trichogrammatidae"
