"TipLabel"	"Kingdom"	"Phylum"	"Class"	"Order"	"Family"	"Genus"	"Species"	"Start"	"Stop"
"Camptomyia_heterobia"	"Animalia"	"Arthropoda"	"Insecta"	"Diptera"	"Cecidomyiidae"	"Camptomyia"	"Camptomyia heterobia"	1	621
"Schueziella_fagicola"	"Animalia"	"Arthropoda"	"Insecta"	"Diptera"	"Cecidomyiidae"	"Schueziella"	"Schueziella fagicola"	1	624
"Camptomyia_corticalis"	"Animalia"	"Arthropoda"	"Insecta"	"Diptera"	"Cecidomyiidae"	"Camptomyia"	"Camptomyia corticalis"	1	615
"Feltiella_acarisuga"	"Animalia"	"Arthropoda"	"Insecta"	"Diptera"	"Cecidomyiidae"	"Feltiella"	"Feltiella acarisuga"	1	624
"Feltiella_acarivora"	"Animalia"	"Arthropoda"	"Insecta"	"Diptera"	"Cecidomyiidae"	"Feltiella"	"Feltiella acarivora"	1	621
"Contarinia_fagi"	"Animalia"	"Arthropoda"	"Insecta"	"Diptera"	"Cecidomyiidae"	"Contarinia"	"Contarinia fagi"	1	624
"Contarinia_maculipennis"	"Animalia"	"Arthropoda"	"Insecta"	"Diptera"	"Cecidomyiidae"	"Contarinia"	"Contarinia maculipennis"	1	624
"Resseliella_yagoi"	"Animalia"	"Arthropoda"	"Insecta"	"Diptera"	"Cecidomyiidae"	"Resseliella"	"Resseliella yagoi"	1	621
"Asteromyia_modesta"	"Animalia"	"Arthropoda"	"Insecta"	"Diptera"	"Cecidomyiidae"	"Asteromyia"	"Asteromyia modesta"	1	615
"Ozirhincus_anthemidis"	"Animalia"	"Arthropoda"	"Insecta"	"Diptera"	"Cecidomyiidae"	"Ozirhincus"	"Ozirhincus anthemidis"	1	624
"Macrodiplosis_pustularis"	"Animalia"	"Arthropoda"	"Insecta"	"Diptera"	"Cecidomyiidae"	"Macrodiplosis"	"Macrodiplosis pustularis"	1	624
"Ozirhincus_longicollis"	"Animalia"	"Arthropoda"	"Insecta"	"Diptera"	"Cecidomyiidae"	"Ozirhincus"	"Ozirhincus longicollis"	1	624
"Macrodiplosis_selenis"	"Animalia"	"Arthropoda"	"Insecta"	"Diptera"	"Cecidomyiidae"	"Macrodiplosis"	"Macrodiplosis selenis"	1	621
"Ozirhincus_hungaricus"	"Animalia"	"Arthropoda"	"Insecta"	"Diptera"	"Cecidomyiidae"	"Ozirhincus"	"Ozirhincus hungaricus"	1	615
"Ozirhincus_millefolii"	"Animalia"	"Arthropoda"	"Insecta"	"Diptera"	"Cecidomyiidae"	"Ozirhincus"	"Ozirhincus millefolii"	1	615
"Resseliella_kadsurae"	"Animalia"	"Arthropoda"	"Insecta"	"Diptera"	"Cecidomyiidae"	"Resseliella"	"Resseliella kadsurae"	1	624
"Macrodiplosis_roboris"	"Animalia"	"Arthropoda"	"Insecta"	"Diptera"	"Cecidomyiidae"	"Macrodiplosis"	"Macrodiplosis roboris"	1	615
"Resseliella_soya"	"Animalia"	"Arthropoda"	"Insecta"	"Diptera"	"Cecidomyiidae"	"Resseliella"	"Resseliella soya"	1	621
"Resseliella_theobaldi"	"Animalia"	"Arthropoda"	"Insecta"	"Diptera"	"Cecidomyiidae"	"Resseliella"	"Resseliella theobaldi"	1	615
"Pitydiplosis_puerariae"	"Animalia"	"Arthropoda"	"Insecta"	"Diptera"	"Cecidomyiidae"	"Pitydiplosis"	"Pitydiplosis puerariae"	1	624
"Sitodiplosis_mosellana"	"Animalia"	"Arthropoda"	"Insecta"	"Diptera"	"Cecidomyiidae"	"Sitodiplosis"	"Sitodiplosis mosellana"	1	615
"Dasineura_carbonaria"	"Animalia"	"Arthropoda"	"Insecta"	"Diptera"	"Cecidomyiidae"	"Dasineura"	"Dasineura carbonaria"	1	612
"Endaphis_fugitiva"	"Animalia"	"Arthropoda"	"Insecta"	"Diptera"	"Cecidomyiidae"	"Endaphis"	"Endaphis fugitiva"	1	621
"Resseliella_odai"	"Animalia"	"Arthropoda"	"Insecta"	"Diptera"	"Cecidomyiidae"	"Resseliella"	"Resseliella odai"	1	624
"Asteromyia_carbonifera"	"Animalia"	"Arthropoda"	"Insecta"	"Diptera"	"Cecidomyiidae"	"Asteromyia"	"Asteromyia carbonifera"	1	615
"Asteromyia_euthamiae"	"Animalia"	"Arthropoda"	"Insecta"	"Diptera"	"Cecidomyiidae"	"Asteromyia"	"Asteromyia euthamiae"	1	609
"Mayetiola_hordei"	"Animalia"	"Arthropoda"	"Insecta"	"Diptera"	"Cecidomyiidae"	"Mayetiola"	"Mayetiola hordei"	1	618
"Rhopalomyia_solidaginis"	"Animalia"	"Arthropoda"	"Insecta"	"Diptera"	"Cecidomyiidae"	"Rhopalomyia"	"Rhopalomyia solidaginis"	1	612
"Rhopalomyia_fusiformae"	"Animalia"	"Arthropoda"	"Insecta"	"Diptera"	"Cecidomyiidae"	"Rhopalomyia"	"Rhopalomyia fusiformae"	1	621
"Dasineura_tomentosa"	"Animalia"	"Arthropoda"	"Insecta"	"Diptera"	"Cecidomyiidae"	"Dasineura"	"Dasineura tomentosa"	1	612
"Dasineura_strobila"	"Animalia"	"Arthropoda"	"Insecta"	"Diptera"	"Cecidomyiidae"	"Dasineura"	"Dasineura strobila"	1	612
"Rhopalomyia_lobata"	"Animalia"	"Arthropoda"	"Insecta"	"Diptera"	"Cecidomyiidae"	"Rhopalomyia"	"Rhopalomyia lobata"	1	612
"Obolodiplosis_robiniae"	"Animalia"	"Arthropoda"	"Insecta"	"Diptera"	"Cecidomyiidae"	"Obolodiplosis"	"Obolodiplosis robiniae"	1	624
"Orseolia_oryzae"	"Animalia"	"Arthropoda"	"Insecta"	"Diptera"	"Cecidomyiidae"	"Orseolia"	"Orseolia oryzae"	1	624
"Daphnephila_urnicola"	"Animalia"	"Arthropoda"	"Insecta"	"Diptera"	"Cecidomyiidae"	"Daphnephila"	"Daphnephila urnicola"	1	618
"Mayetiola_destructor"	"Animalia"	"Arthropoda"	"Insecta"	"Diptera"	"Cecidomyiidae"	"Mayetiola"	"Mayetiola destructor"	1	624
"Dasineura_folliculi"	"Animalia"	"Arthropoda"	"Insecta"	"Diptera"	"Cecidomyiidae"	"Dasineura"	"Dasineura folliculi"	1	612
"Aphidoletes_aphidimyza"	"Animalia"	"Arthropoda"	"Insecta"	"Diptera"	"Cecidomyiidae"	"Aphidoletes"	"Aphidoletes aphidimyza"	1	597
"Lasioptera_carophila"	"Animalia"	"Arthropoda"	"Insecta"	"Diptera"	"Cecidomyiidae"	"Lasioptera"	"Lasioptera carophila"	1	594
"Masakimyia_pustulae"	"Animalia"	"Arthropoda"	"Insecta"	"Diptera"	"Cecidomyiidae"	"Masakimyia"	"Masakimyia pustulae"	1	621
"Rhopalomyia_pomum"	"Animalia"	"Arthropoda"	"Insecta"	"Diptera"	"Cecidomyiidae"	"Rhopalomyia"	"Rhopalomyia pomum"	1	624
"Dasineura_rosae"	"Animalia"	"Arthropoda"	"Insecta"	"Diptera"	"Cecidomyiidae"	"Dasineura"	"Dasineura rosae"	1	624
"Dasineura_oxycoccana"	"Animalia"	"Arthropoda"	"Insecta"	"Diptera"	"Cecidomyiidae"	"Dasineura"	"Dasineura oxycoccana"	1	600
"Asphondylia_monacha"	"Animalia"	"Arthropoda"	"Insecta"	"Diptera"	"Cecidomyiidae"	"Asphondylia"	"Asphondylia monacha"	1	624
"Asphondylia_solidaginis"	"Animalia"	"Arthropoda"	"Insecta"	"Diptera"	"Cecidomyiidae"	"Asphondylia"	"Asphondylia solidaginis"	1	624
"Asteromyia_tumifica"	"Animalia"	"Arthropoda"	"Insecta"	"Diptera"	"Cecidomyiidae"	"Asteromyia"	"Asteromyia tumifica"	1	570
"Janetiella_glechomae"	"Animalia"	"Arthropoda"	"Insecta"	"Diptera"	"Cecidomyiidae"	"Janetiella"	"Janetiella glechomae"	1	576
"Asteromyia_laeviana"	"Animalia"	"Arthropoda"	"Insecta"	"Diptera"	"Cecidomyiidae"	"Asteromyia"	"Asteromyia laeviana"	1	558
