"TipLabel"	"Kingdom"	"Phylum"	"Class"	"Order"	"Family"	"Subfamily"	"Supertribe"	"Clade"	"Genus"	"Species"
"Camptomyia_heterobia"	"Animalia"	"Arthropoda"	"Insecta"	"Diptera"	"Cecidomyiidae"	"Porricondylinae"	""	"Porricondylinae"	"Camptomyia"	"Camptomyia heterobia"
"Schueziella_fagicola"	"Animalia"	"Arthropoda"	"Insecta"	"Diptera"	"Cecidomyiidae"	"Cecidomyiinae"	"Lasiopteridi"	"Cecidomyiinae"	"Schueziella"	"Schueziella fagicola"
"Camptomyia_corticalis"	"Animalia"	"Arthropoda"	"Insecta"	"Diptera"	"Cecidomyiidae"	"Porricondylinae"	""	"Porricondylinae"	"Camptomyia"	"Camptomyia corticalis"
"Feltiella_acarisuga"	"Animalia"	"Arthropoda"	"Insecta"	"Diptera"	"Cecidomyiidae"	"Cecidomyiinae"	"Cecidomyiidi"	"Cecidomyiinae"	"Feltiella"	"Feltiella acarisuga"
"Feltiella_acarivora"	"Animalia"	"Arthropoda"	"Insecta"	"Diptera"	"Cecidomyiidae"	"Cecidomyiinae"	"Cecidomyiidi"	"Cecidomyiinae"	"Feltiella"	"Feltiella acarivora"
"Contarinia_fagi"	"Animalia"	"Arthropoda"	"Insecta"	"Diptera"	"Cecidomyiidae"	"Cecidomyiinae"	"Cecidomyiidi"	"Cecidomyiinae"	"Contarinia"	"Contarinia fagi"
"Contarinia_maculipennis"	"Animalia"	"Arthropoda"	"Insecta"	"Diptera"	"Cecidomyiidae"	"Cecidomyiinae"	"Cecidomyiidi"	"Cecidomyiinae"	"Contarinia"	"Contarinia maculipennis"
"Resseliella_yagoi"	"Animalia"	"Arthropoda"	"Insecta"	"Diptera"	"Cecidomyiidae"	"Cecidomyiinae"	"Cecidomyiidi"	"Cecidomyiinae"	"Resseliella"	"Resseliella yagoi"
"Asteromyia_modesta"	"Animalia"	"Arthropoda"	"Insecta"	"Diptera"	"Cecidomyiidae"	"Cecidomyiinae"	"Lasiopteridi"	"Cecidomyiinae"	"Asteromyia"	"Asteromyia modesta"
"Ozirhincus_anthemidis"	"Animalia"	"Arthropoda"	"Insecta"	"Diptera"	"Cecidomyiidae"	"Cecidomyiinae"	"Lasiopteridi"	"Cecidomyiinae"	"Ozirhincus"	"Ozirhincus anthemidis"
"Macrodiplosis_pustularis"	"Animalia"	"Arthropoda"	"Insecta"	"Diptera"	"Cecidomyiidae"	"Cecidomyiinae"	"Cecidomyiidi"	"Cecidomyiinae"	"Macrodiplosis"	"Macrodiplosis pustularis"
"Ozirhincus_longicollis"	"Animalia"	"Arthropoda"	"Insecta"	"Diptera"	"Cecidomyiidae"	"Cecidomyiinae"	"Lasiopteridi"	"Cecidomyiinae"	"Ozirhincus"	"Ozirhincus longicollis"
"Macrodiplosis_selenis"	"Animalia"	"Arthropoda"	"Insecta"	"Diptera"	"Cecidomyiidae"	"Cecidomyiinae"	"Cecidomyiidi"	"Cecidomyiinae"	"Macrodiplosis"	"Macrodiplosis selenis"
"Ozirhincus_hungaricus"	"Animalia"	"Arthropoda"	"Insecta"	"Diptera"	"Cecidomyiidae"	"Cecidomyiinae"	"Lasiopteridi"	"Cecidomyiinae"	"Ozirhincus"	"Ozirhincus hungaricus"
"Ozirhincus_millefolii"	"Animalia"	"Arthropoda"	"Insecta"	"Diptera"	"Cecidomyiidae"	"Cecidomyiinae"	"Lasiopteridi"	"Cecidomyiinae"	"Ozirhincus"	"Ozirhincus millefolii"
"Resseliella_kadsurae"	"Animalia"	"Arthropoda"	"Insecta"	"Diptera"	"Cecidomyiidae"	"Cecidomyiinae"	"Cecidomyiidi"	"Cecidomyiinae"	"Resseliella"	"Resseliella kadsurae"
"Macrodiplosis_roboris"	"Animalia"	"Arthropoda"	"Insecta"	"Diptera"	"Cecidomyiidae"	"Cecidomyiinae"	"Cecidomyiidi"	"Cecidomyiinae"	"Macrodiplosis"	"Macrodiplosis roboris"
"Resseliella_soya"	"Animalia"	"Arthropoda"	"Insecta"	"Diptera"	"Cecidomyiidae"	"Cecidomyiinae"	"Cecidomyiidi"	"Cecidomyiinae"	"Resseliella"	"Resseliella soya"
"Resseliella_theobaldi"	"Animalia"	"Arthropoda"	"Insecta"	"Diptera"	"Cecidomyiidae"	"Cecidomyiinae"	"Cecidomyiidi"	"Cecidomyiinae"	"Resseliella"	"Resseliella theobaldi"
"Pitydiplosis_puerariae"	"Animalia"	"Arthropoda"	"Insecta"	"Diptera"	"Cecidomyiidae"	"Cecidomyiinae"	"Cecidomyiidi"	"Cecidomyiinae"	"Pitydiplosis"	"Pitydiplosis puerariae"
"Sitodiplosis_mosellana"	"Animalia"	"Arthropoda"	"Insecta"	"Diptera"	"Cecidomyiidae"	"Cecidomyiinae"	"Cecidomyiidi"	"Cecidomyiinae"	"Sitodiplosis"	"Sitodiplosis mosellana"
"Dasineura_carbonaria"	"Animalia"	"Arthropoda"	"Insecta"	"Diptera"	"Cecidomyiidae"	"Cecidomyiinae"	"Lasiopteridi"	"Cecidomyiinae"	"Dasineura"	"Dasineura carbonaria"
"Endaphis_fugitiva"	"Animalia"	"Arthropoda"	"Insecta"	"Diptera"	"Cecidomyiidae"	"Cecidomyiinae"	"Cecidomyiidi"	"Cecidomyiinae"	"Endaphis"	"Endaphis fugitiva"
"Resseliella_odai"	"Animalia"	"Arthropoda"	"Insecta"	"Diptera"	"Cecidomyiidae"	"Cecidomyiinae"	"Cecidomyiidi"	"Cecidomyiinae"	"Resseliella"	"Resseliella odai"
"Asteromyia_carbonifera"	"Animalia"	"Arthropoda"	"Insecta"	"Diptera"	"Cecidomyiidae"	"Cecidomyiinae"	"Lasiopteridi"	"Cecidomyiinae"	"Asteromyia"	"Asteromyia carbonifera"
"Asteromyia_euthamiae"	"Animalia"	"Arthropoda"	"Insecta"	"Diptera"	"Cecidomyiidae"	"Cecidomyiinae"	"Lasiopteridi"	"Cecidomyiinae"	"Asteromyia"	"Asteromyia euthamiae"
"Mayetiola_hordei"	"Animalia"	"Arthropoda"	"Insecta"	"Diptera"	"Cecidomyiidae"	"Cecidomyiinae"	"Lasiopteridi"	"Cecidomyiinae"	"Mayetiola"	"Mayetiola hordei"
"Rhopalomyia_solidaginis"	"Animalia"	"Arthropoda"	"Insecta"	"Diptera"	"Cecidomyiidae"	"Cecidomyiinae"	"Lasiopteridi"	"Cecidomyiinae"	"Rhopalomyia"	"Rhopalomyia solidaginis"
"Rhopalomyia_fusiformae"	"Animalia"	"Arthropoda"	"Insecta"	"Diptera"	"Cecidomyiidae"	"Cecidomyiinae"	"Lasiopteridi"	"Cecidomyiinae"	"Rhopalomyia"	"Rhopalomyia fusiformae"
"Dasineura_tomentosa"	"Animalia"	"Arthropoda"	"Insecta"	"Diptera"	"Cecidomyiidae"	"Cecidomyiinae"	"Lasiopteridi"	"Cecidomyiinae"	"Dasineura"	"Dasineura tomentosa"
"Dasineura_strobila"	"Animalia"	"Arthropoda"	"Insecta"	"Diptera"	"Cecidomyiidae"	"Cecidomyiinae"	"Lasiopteridi"	"Cecidomyiinae"	"Dasineura"	"Dasineura strobila"
"Rhopalomyia_lobata"	"Animalia"	"Arthropoda"	"Insecta"	"Diptera"	"Cecidomyiidae"	"Cecidomyiinae"	"Lasiopteridi"	"Cecidomyiinae"	"Rhopalomyia"	"Rhopalomyia lobata"
"Obolodiplosis_robiniae"	"Animalia"	"Arthropoda"	"Insecta"	"Diptera"	"Cecidomyiidae"	"Cecidomyiinae"	"Cecidomyiidi"	"Cecidomyiinae"	"Obolodiplosis"	"Obolodiplosis robiniae"
"Orseolia_oryzae"	"Animalia"	"Arthropoda"	"Insecta"	"Diptera"	"Cecidomyiidae"	"Cecidomyiinae"	"Cecidomyiidi"	"Cecidomyiinae"	"Orseolia"	"Orseolia oryzae"
"Daphnephila_urnicola"	"Animalia"	"Arthropoda"	"Insecta"	"Diptera"	"Cecidomyiidae"	"Cecidomyiinae"	"Asphondyliidi"	"Cecidomyiinae"	"Daphnephila"	"Daphnephila urnicola"
"Mayetiola_destructor"	"Animalia"	"Arthropoda"	"Insecta"	"Diptera"	"Cecidomyiidae"	"Cecidomyiinae"	"Lasiopteridi"	"Cecidomyiinae"	"Mayetiola"	"Mayetiola destructor"
"Dasineura_folliculi"	"Animalia"	"Arthropoda"	"Insecta"	"Diptera"	"Cecidomyiidae"	"Cecidomyiinae"	"Lasiopteridi"	"Cecidomyiinae"	"Dasineura"	"Dasineura folliculi"
"Aphidoletes_aphidimyza"	"Animalia"	"Arthropoda"	"Insecta"	"Diptera"	"Cecidomyiidae"	"Cecidomyiinae"	"Cecidomyiidi"	"Cecidomyiinae"	"Aphidoletes"	"Aphidoletes aphidimyza"
"Lasioptera_carophila"	"Animalia"	"Arthropoda"	"Insecta"	"Diptera"	"Cecidomyiidae"	"Cecidomyiinae"	"Lasiopteridi"	"Cecidomyiinae"	"Lasioptera"	"Lasioptera carophila"
"Masakimyia_pustulae"	"Animalia"	"Arthropoda"	"Insecta"	"Diptera"	"Cecidomyiidae"	"Cecidomyiinae"	"Lasiopteridi"	"Cecidomyiinae"	"Masakimyia"	"Masakimyia pustulae"
"Rhopalomyia_pomum"	"Animalia"	"Arthropoda"	"Insecta"	"Diptera"	"Cecidomyiidae"	"Cecidomyiinae"	"Lasiopteridi"	"Cecidomyiinae"	"Rhopalomyia"	"Rhopalomyia pomum"
"Dasineura_rosae"	"Animalia"	"Arthropoda"	"Insecta"	"Diptera"	"Cecidomyiidae"	"Cecidomyiinae"	"Lasiopteridi"	"Cecidomyiinae"	"Dasineura"	"Dasineura rosae"
"Dasineura_oxycoccana"	"Animalia"	"Arthropoda"	"Insecta"	"Diptera"	"Cecidomyiidae"	"Cecidomyiinae"	"Lasiopteridi"	"Cecidomyiinae"	"Dasineura"	"Dasineura oxycoccana"
"Asphondylia_monacha"	"Animalia"	"Arthropoda"	"Insecta"	"Diptera"	"Cecidomyiidae"	"Cecidomyiinae"	"Asphondyliidi"	"Cecidomyiinae"	"Asphondylia"	"Asphondylia monacha"
"Asphondylia_solidaginis"	"Animalia"	"Arthropoda"	"Insecta"	"Diptera"	"Cecidomyiidae"	"Cecidomyiinae"	"Asphondyliidi"	"Cecidomyiinae"	"Asphondylia"	"Asphondylia solidaginis"
"Asteromyia_tumifica"	"Animalia"	"Arthropoda"	"Insecta"	"Diptera"	"Cecidomyiidae"	"Cecidomyiinae"	"Lasiopteridi"	"Cecidomyiinae"	"Asteromyia"	"Asteromyia tumifica"
"Janetiella_glechomae"	"Animalia"	"Arthropoda"	"Insecta"	"Diptera"	"Cecidomyiidae"	"Cecidomyiinae"	"Lasiopteridi"	"Cecidomyiinae"	"Janetiella"	"Janetiella glechomae"
"Asteromyia_laeviana"	"Animalia"	"Arthropoda"	"Insecta"	"Diptera"	"Cecidomyiidae"	"Cecidomyiinae"	"Lasiopteridi"	"Cecidomyiinae"	"Asteromyia"	"Asteromyia laeviana"
"Lestremia_solidaginis"	"Animalia"	"Arthropoda"	"Insecta"	"Diptera"	"Cecidomyiidae"	"Lestremiinae"	NA	"Lestremiinae"	"Lestremia"	"Lestremia solidaginis"
"Aprionus_subbetulae"	"Animalia"	"Arthropoda"	"Insecta"	"Diptera"	"Cecidomyiidae"	"Micromyinae"	NA	"Micromyinae"	"Aprionus"	"Aprionus subbetulae"
"Aprionus_bispinosus"	"Animalia"	"Arthropoda"	"Insecta"	"Diptera"	"Cecidomyiidae"	"Micromyinae"	NA	"Micromyinae"	"Aprionus"	"Aprionus bispinosus"
"Campylomyza_dilatata"	"Animalia"	"Arthropoda"	"Insecta"	"Diptera"	"Cecidomyiidae"	"Micromyinae"	NA	"Micromyinae"	"Campylomyza"	"Campylomyza dilatata"
"Peromyia_ovalis"	"Animalia"	"Arthropoda"	"Insecta"	"Diptera"	"Cecidomyiidae"	"Micromyinae"	NA	"Micromyinae"	"Peromyia"	"Peromyia ovalis"
"Peromyia_pumiloides"	"Animalia"	"Arthropoda"	"Insecta"	"Diptera"	"Cecidomyiidae"	"Micromyinae"	NA	"Micromyinae"	"Peromyia"	"Peromyia pumiloides"
"Peromyia_impexa"	"Animalia"	"Arthropoda"	"Insecta"	"Diptera"	"Cecidomyiidae"	"Micromyinae"	NA	"Micromyinae"	"Peromyia"	"Peromyia impexa"
"Winnertzia_graduata"	"Animalia"	"Arthropoda"	"Insecta"	"Diptera"	"Cecidomyiidae"	"Winnertziinae"	NA	"Winnertziinae"	"Winnertzia"	"Winnertzia graduata"
"Gynapteromyia_heteroptera"	"Animalia"	"Arthropoda"	"Insecta"	"Diptera"	"Cecidomyiidae"	"Winnertziinae"	NA	"Winnertziinae"	"Gynapteromyia"	"Gynapteromyia heteroptera"
"Dicerura_formosa"	"Animalia"	"Arthropoda"	"Insecta"	"Diptera"	"Cecidomyiidae"	"Porricondylinae"	NA	"Porricondylinae"	"Dicerura"	"Dicerura formosa"
"Bibio_marci"	"Animalia"	"Arthropoda"	"Insecta"	"Diptera"	"Bibionidae"	""	""	"Bibionidae"	"Bibio"	"Bibio marci"
"Penthetria_funebris"	"Animalia"	"Arthropoda"	"Insecta"	"Diptera"	"Bibionidae"	""	""	"Bibionidae"	"Penthetria"	"Penthetria funebris"
"Ditomyia_fasciata"	"Animalia"	"Arthropoda"	"Insecta"	"Diptera"	"Ditomyiidae"	""	""	"Ditomyiidae"	"Ditomyia"	"Ditomyia fasciata"
"Symmerus_annulatus"	"Animalia"	"Arthropoda"	"Insecta"	"Diptera"	"Ditomyiidae"	""	""	"Ditomyiidae"	"Symmerus"	"Symmerus annulatus"
"Keroplatus_testaceus"	"Animalia"	"Arthropoda"	"Insecta"	"Diptera"	"Keroplatidae"	""	""	"Keroplatidae"	"Keroplatus"	"Keroplatus testaceus"
"Orfelia_nemoralis"	"Animalia"	"Arthropoda"	"Insecta"	"Diptera"	"Keroplatidae"	""	""	"Keroplatidae"	"Orfelia"	"Orfelia nemoralis"
"Exechia_fusca"	"Animalia"	"Arthropoda"	"Insecta"	"Diptera"	"Mycetophilidae"	""	""	"Mycetophilidae"	"Exechia"	"Exechia fusca"
"Gnoriste_bilineata"	"Animalia"	"Arthropoda"	"Insecta"	"Diptera"	"Mycetophilidae"	""	""	"Mycetophilidae"	"Gnoriste"	"Gnoriste bilineata"
"Dolichosciara_flavipes"	"Animalia"	"Arthropoda"	"Insecta"	"Diptera"	"Sciaridae"	""	""	"Sciaridae"	"Dolichosciara"	"Dolichosciara flavipes"
"Zygoneura_sciarina"	"Animalia"	"Arthropoda"	"Insecta"	"Diptera"	"Sciaridae"	""	""	"Sciaridae"	"Zygoneura"	"Zygoneura sciarina"
"Heterotricha_takkae"	"Animalia"	"Arthropoda"	"Insecta"	"Diptera"	""	""	""	""	"Heterotricha"	"Heterotricha takkae"
"Insulatricha_hippai"	"Animalia"	"Arthropoda"	"Insecta"	"Diptera"	""	""	""	""	"Insulatricha"	"Insulatricha hippai"
"Nepaletricha_sigma"	"Animalia"	"Arthropoda"	"Insecta"	"Diptera"	""	""	""	""	"Nepaletricha"	"Nepaletricha sigma"
"Catotricha_subobsoleta"	"Animalia"	"Arthropoda"	"Insecta"	"Diptera"	"Cecidomyiidae"	"Catotrichinae"	""	"Catotrichinae"	"Catotricha"	"Catotricha subobsoleta"
"Trichoceromyia_oregonensis"	"Animalia"	"Arthropoda"	"Insecta"	"Diptera"	"Cecidomyiidae"	"Catotrichinae"	""	"Catotrichinae"	"Trichoceromyia"	"Trichoceromyia oregonensis"
"Acodiplosis_inulae"	"Animalia"	"Arthropoda"	"Insecta"	"Diptera"	"Cecidomyiidae"	"Cecidomyiinae"	"Cecidomyiidi"	"Cecidomyiinae"	"Acodiplosis"	"Acodiplosis inulae"
"Asphondylia_pruniperda"	"Animalia"	"Arthropoda"	"Insecta"	"Diptera"	"Cecidomyiidae"	"Cecidomyiinae"	"Cecidomyiidi"	"Cecidomyiinae"	"Asphondylia"	"Asphondylia pruniperda"
"Asphondylia_sarothamni"	"Animalia"	"Arthropoda"	"Insecta"	"Diptera"	"Cecidomyiidae"	"Cecidomyiinae"	"Cecidomyiidi"	"Cecidomyiinae"	"Asphondylia"	"Asphondylia sarothamni"
"Contarinia_asclepiadis"	"Animalia"	"Arthropoda"	"Insecta"	"Diptera"	"Cecidomyiidae"	"Cecidomyiinae"	"Cecidomyiidi"	"Cecidomyiinae"	"Contarinia"	"Contarinia asclepiadis"
"Contarinia_loti"	"Animalia"	"Arthropoda"	"Insecta"	"Diptera"	"Cecidomyiidae"	"Cecidomyiinae"	"Cecidomyiidi"	"Cecidomyiinae"	"Contarinia"	"Contarinia loti"
"Lestodiplosis_polypori"	"Animalia"	"Arthropoda"	"Insecta"	"Diptera"	"Cecidomyiidae"	"Cecidomyiinae"	"Cecidomyiidi"	"Cecidomyiinae"	"Lestodiplosis"	"Lestodiplosis polypori"
"Loewiola_centaureae"	"Animalia"	"Arthropoda"	"Insecta"	"Diptera"	"Cecidomyiidae"	"Cecidomyiinae"	"Cecidomyiidi"	"Cecidomyiinae"	"Loewiola"	"Loewiola centaureae"
"Obolodiplosis_robinae"	"Animalia"	"Arthropoda"	"Insecta"	"Diptera"	"Cecidomyiidae"	"Cecidomyiinae"	"Cecidomyiidi"	"Cecidomyiinae"	"Obolodiplosis"	"Obolodiplosis robinae"
"Odontodiplosis_sp"	"Animalia"	"Arthropoda"	"Insecta"	"Diptera"	"Cecidomyiidae"	"Cecidomyiinae"	"Cecidomyiidi"	"Cecidomyiinae"	"Odontodiplosis"	"Odontodiplosis sp"
"Placochela_nigripes"	"Animalia"	"Arthropoda"	"Insecta"	"Diptera"	"Cecidomyiidae"	"Cecidomyiinae"	"Cecidomyiidi"	"Cecidomyiinae"	"Placochela"	"Placochela nigripes"
"Schizomyia_galiorum"	"Animalia"	"Arthropoda"	"Insecta"	"Diptera"	"Cecidomyiidae"	"Cecidomyiinae"	"Cecidomyiidi"	"Cecidomyiinae"	"Schizomyia"	"Schizomyia galiorum"
"Dasineura_kellneri"	"Animalia"	"Arthropoda"	"Insecta"	"Diptera"	"Cecidomyiidae"	"Cecidomyiinae"	"Lasiopteridi"	"Cecidomyiinae"	"Dasineura"	"Dasineura kellneri"
"Dasineura_trifolii"	"Animalia"	"Arthropoda"	"Insecta"	"Diptera"	"Cecidomyiidae"	"Cecidomyiinae"	"Lasiopteridi"	"Cecidomyiinae"	"Dasineura"	"Dasineura trifolii"
"Lasioptera_rubi"	"Animalia"	"Arthropoda"	"Insecta"	"Diptera"	"Cecidomyiidae"	"Cecidomyiinae"	"Lasiopteridi"	"Cecidomyiinae"	"Lasioptera"	"Lasioptera rubi"
"Mikiola_fagi"	"Animalia"	"Arthropoda"	"Insecta"	"Diptera"	"Cecidomyiidae"	"Cecidomyiinae"	"Lasiopteridi"	"Cecidomyiinae"	"Mikiola"	"Mikiola fagi"
"Oligotrophus_juniperinus"	"Animalia"	"Arthropoda"	"Insecta"	"Diptera"	"Cecidomyiidae"	"Cecidomyiinae"	"Lasiopteridi"	"Cecidomyiinae"	"Oligotrophus"	"Oligotrophus juniperinus"
"Oligotrophus_panteli"	"Animalia"	"Arthropoda"	"Insecta"	"Diptera"	"Cecidomyiidae"	"Cecidomyiinae"	"Lasiopteridi"	"Cecidomyiinae"	"Oligotrophus"	"Oligotrophus panteli"
"Rabdophaga_heterobia"	"Animalia"	"Arthropoda"	"Insecta"	"Diptera"	"Cecidomyiidae"	"Cecidomyiinae"	"Lasiopteridi"	"Cecidomyiinae"	"Rabdophaga"	"Rabdophaga heterobia"
"Rhopalomyia_tanaceticola"	"Animalia"	"Arthropoda"	"Insecta"	"Diptera"	"Cecidomyiidae"	"Cecidomyiinae"	"Lasiopteridi"	"Cecidomyiinae"	"Rhopalomyia"	"Rhopalomyia tanaceticola"
"Rondaniola_bursaria"	"Animalia"	"Arthropoda"	"Insecta"	"Diptera"	"Cecidomyiidae"	"Cecidomyiinae"	"Lasiopteridi"	"Cecidomyiinae"	"Rondaniola"	"Rondaniola bursaria"
"Spurgia_euphorbiae"	"Animalia"	"Arthropoda"	"Insecta"	"Diptera"	"Cecidomyiidae"	"Cecidomyiinae"	"Lasiopteridi"	"Cecidomyiinae"	"Spurgia"	"Spurgia euphorbiae"
"Didactylomyia_longimana"	"Animalia"	"Arthropoda"	"Insecta"	"Diptera"	"Cecidomyiidae"	"Cecidomyiinae"	"Stomatosematidi"	"Cecidomyiinae"	"Didactylomyia"	"Didactylomyia longimana"
"Stomatosema_obscurum"	"Animalia"	"Arthropoda"	"Insecta"	"Diptera"	"Cecidomyiidae"	"Cecidomyiinae"	"Stomatosematidi"	"Cecidomyiinae"	"Stomatosema"	"Stomatosema obscurum"
"Anaretella_iola"	"Animalia"	"Arthropoda"	"Insecta"	"Diptera"	"Cecidomyiidae"	"Lestremiinae"	""	"Lestremiinae"	"Anaretella"	"Anaretella iola"
"Lestremia_cinerea"	"Animalia"	"Arthropoda"	"Insecta"	"Diptera"	"Cecidomyiidae"	"Lestremiinae"	""	"Lestremiinae"	"Lestremia"	"Lestremia cinerea"
"Lestremia_leucophaea"	"Animalia"	"Arthropoda"	"Insecta"	"Diptera"	"Cecidomyiidae"	"Lestremiinae"	""	"Lestremiinae"	"Lestremia"	"Lestremia leucophaea"
"Wasmanniella_sp"	"Animalia"	"Arthropoda"	"Insecta"	"Diptera"	"Cecidomyiidae"	"Lestremiinae"	""	"Lestremiinae"	"Wasmanniella"	"Wasmanniella sp"
"Acoenonia_europaea"	"Animalia"	"Arthropoda"	"Insecta"	"Diptera"	"Cecidomyiidae"	"Micromyinae"	""	"Micromyinae"	"Acoenonia"	"Acoenonia europaea"
"Aprionus_brachypterus"	"Animalia"	"Arthropoda"	"Insecta"	"Diptera"	"Cecidomyiidae"	"Micromyinae"	""	"Micromyinae"	"Aprionus"	"Aprionus brachypterus"
"Aprionus_spiniger"	"Animalia"	"Arthropoda"	"Insecta"	"Diptera"	"Cecidomyiidae"	"Micromyinae"	""	"Micromyinae"	"Aprionus"	"Aprionus spiniger"
"Bryomyia_apsectra"	"Animalia"	"Arthropoda"	"Insecta"	"Diptera"	"Cecidomyiidae"	"Micromyinae"	""	"Micromyinae"	"Bryomyia"	"Bryomyia apsectra"
"Campylomyza_flavipes"	"Animalia"	"Arthropoda"	"Insecta"	"Diptera"	"Cecidomyiidae"	"Micromyinae"	""	"Micromyinae"	"Campylomyza"	"Campylomyza flavipes"
"Catocha_angulata"	"Animalia"	"Arthropoda"	"Insecta"	"Diptera"	"Cecidomyiidae"	"Micromyinae"	""	"Micromyinae"	"Catocha"	"Catocha angulata"
"Catocha_incisa"	"Animalia"	"Arthropoda"	"Insecta"	"Diptera"	"Cecidomyiidae"	"Micromyinae"	""	"Micromyinae"	"Catocha"	"Catocha incisa"
"Heterogenella_bigibbata"	"Animalia"	"Arthropoda"	"Insecta"	"Diptera"	"Cecidomyiidae"	"Micromyinae"	""	"Micromyinae"	"Heterogenella"	"Heterogenella bigibbata"
"Micromyini_gen_sp"	"Animalia"	"Arthropoda"	"Insecta"	"Diptera"	"Cecidomyiidae"	"Micromyinae"	""	"Micromyinae"	"Micromyini_gen"	"Micromyini_gen sp"
"Monardia_abnormis"	"Animalia"	"Arthropoda"	"Insecta"	"Diptera"	"Cecidomyiidae"	"Micromyinae"	""	"Micromyinae"	"Monardia"	"Monardia abnormis"
"Neurolyga_excavata"	"Animalia"	"Arthropoda"	"Insecta"	"Diptera"	"Cecidomyiidae"	"Micromyinae"	""	"Micromyinae"	"Neurolyga"	"Neurolyga excavata"
"Peromyia_fungicola"	"Animalia"	"Arthropoda"	"Insecta"	"Diptera"	"Cecidomyiidae"	"Micromyinae"	""	"Micromyinae"	"Peromyia"	"Peromyia fungicola"
"Peromyia_sp"	"Animalia"	"Arthropoda"	"Insecta"	"Diptera"	"Cecidomyiidae"	"Micromyinae"	""	"Micromyinae"	"Peromyia"	"Peromyia sp"
"Polyardis_silvalis"	"Animalia"	"Arthropoda"	"Insecta"	"Diptera"	"Cecidomyiidae"	"Micromyinae"	""	"Micromyinae"	"Polyardis"	"Polyardis silvalis"
"Skuhraviana_triangulifera"	"Animalia"	"Arthropoda"	"Insecta"	"Diptera"	"Cecidomyiidae"	"Micromyinae"	""	"Micromyinae"	"Skuhraviana"	"Skuhraviana triangulifera"
"Tropaprionus_sp"	"Animalia"	"Arthropoda"	"Insecta"	"Diptera"	"Cecidomyiidae"	"Micromyinae"	""	"Micromyinae"	"Tropaprionus"	"Tropaprionus sp"
"Camptomyia_flavocinerea"	"Animalia"	"Arthropoda"	"Insecta"	"Diptera"	"Cecidomyiidae"	"Porricondylinae"	""	"Porricondylinae"	"Camptomyia"	"Camptomyia flavocinerea"
"Claspettomyia_sp"	"Animalia"	"Arthropoda"	"Insecta"	"Diptera"	"Cecidomyiidae"	"Porricondylinae"	""	"Porricondylinae"	"Claspettomyia"	"Claspettomyia sp"
"Dicerura_dentata"	"Animalia"	"Arthropoda"	"Insecta"	"Diptera"	"Cecidomyiidae"	"Porricondylinae"	""	"Porricondylinae"	"Dicerura"	"Dicerura dentata"
"Dicerura_sp"	"Animalia"	"Arthropoda"	"Insecta"	"Diptera"	"Cecidomyiidae"	"Porricondylinae"	""	"Porricondylinae"	"Dicerura"	"Dicerura sp"
"Dirhiza_lateritia"	"Animalia"	"Arthropoda"	"Insecta"	"Diptera"	"Cecidomyiidae"	"Porricondylinae"	""	"Porricondylinae"	"Dirhiza"	"Dirhiza lateritia"
"Porricondyla_nigripennis"	"Animalia"	"Arthropoda"	"Insecta"	"Diptera"	"Cecidomyiidae"	"Porricondylinae"	""	"Porricondylinae"	"Porricondyla"	"Porricondyla nigripennis"
"Svenartia_spungisi"	"Animalia"	"Arthropoda"	"Insecta"	"Diptera"	"Cecidomyiidae"	"Porricondylinae"	""	"Porricondylinae"	"Svenartia"	"Svenartia spungisi"
"Tetraneuromyia_hirticornis"	"Animalia"	"Arthropoda"	"Insecta"	"Diptera"	"Cecidomyiidae"	"Porricondylinae"	""	"Porricondylinae"	"Tetraneuromyia"	"Tetraneuromyia hirticornis"
"Zaitzeviola_rufocinerea"	"Animalia"	"Arthropoda"	"Insecta"	"Diptera"	"Cecidomyiidae"	"Porricondylinae"	""	"Porricondylinae"	"Zaitzeviola"	"Zaitzeviola rufocinerea"
"Diallactiini_gen_sp"	"Animalia"	"Arthropoda"	"Insecta"	"Diptera"	"Cecidomyiidae"	"Winnertziinae"	""	"Winnertziinae"	"Diallactiini_gen"	"Diallactiini_gen sp"
"Heteropeza_pygmea"	"Animalia"	"Arthropoda"	"Insecta"	"Diptera"	"Cecidomyiidae"	"Winnertziinae"	""	"Winnertziinae"	"Heteropeza"	"Heteropeza pygmea"
"Leptosyna_nervosa"	"Animalia"	"Arthropoda"	"Insecta"	"Diptera"	"Cecidomyiidae"	"Winnertziinae"	""	"Winnertziinae"	"Leptosyna"	"Leptosyna nervosa"
"Winnertzia_nigripennis"	"Animalia"	"Arthropoda"	"Insecta"	"Diptera"	"Cecidomyiidae"	"Winnertziinae"	""	"Winnertziinae"	"Winnertzia"	"Winnertzia nigripennis"
